condition,area_hour_4,donor,rep
cxcl12,1272261.6,donor1,1
cxcl12,1320417,donor1,2
cxcl12,1307377,donor1,3
cxcl12,1467703.9,donor2,1
cxcl12,1586902,donor2,2
cxcl12,1593146,donor2,3
cxcl12,639759.8,donor4,1
cxcl12,793243.7,donor4,2
cxcl12,1011567,donor4,3
cxcl12,385923,donor5,1
cxcl12,561514.4,donor5,2
cxcl12,711569,donor5,3
cxcl12,365673.8,donor3,1
cxcl12,333788.7,donor3,2
cxcl12,321052.2,donor3,3
vmipii_cxcl12,881043.7,donor1,1
vmipii_cxcl12,1054051,donor1,2
vmipii_cxcl12,991277.1,donor1,3
vmipii_cxcl12,1384202.8,donor2,1
vmipii_cxcl12,1278371,donor2,2
vmipii_cxcl12,796705.4,donor2,3
vmipii_cxcl12,519157.7,donor4,1
vmipii_cxcl12,534573.9,donor4,2
vmipii_cxcl12,606957.5,donor4,3
vmipii_cxcl12,322822.7,donor5,1
vmipii_cxcl12,360785,donor5,2
vmipii_cxcl12,462262.2,donor5,3
vmipii_cxcl12,145532.6,donor3,1
vmipii_cxcl12,141026.6,donor3,2
vmipii_cxcl12,298498.2,donor3,3
r7i_cxcl12,1244691.4,donor1,1
r7i_cxcl12,1394403,donor1,2
r7i_cxcl12,1410449,donor1,3
r7i_cxcl12,1373364,donor2,1
r7i_cxcl12,1441887,donor2,2
r7i_cxcl12,1471524,donor2,3
r7i_cxcl12,468323.4,donor4,1
r7i_cxcl12,651850.3,donor4,2
r7i_cxcl12,724377.3,donor4,3
r7i_cxcl12,322112.9,donor5,1
r7i_cxcl12,506588.8,donor5,2
r7i_cxcl12,581301,donor5,3
r7i_cxcl12,284677,donor3,1
r7i_cxcl12,345416.6,donor3,2
r7i_cxcl12,354085.8,donor3,3
k10t_cxcl12,1003775.2,donor1,1
k10t_cxcl12,1071158,donor1,2
k10t_cxcl12,1024590,donor1,3
k10t_cxcl12,1109415,donor2,1
k10t_cxcl12,979075.7,donor2,2
k10t_cxcl12,1101144,donor2,3
k10t_cxcl12,301768,donor4,1
k10t_cxcl12,329705.4,donor4,2
k10t_cxcl12,365059.7,donor4,3
k10t_cxcl12,145947.3,donor5,1
k10t_cxcl12,268287.9,donor5,2
k10t_cxcl12,381879.6,donor5,3
k10t_cxcl12,121949.7,donor3,1
k10t_cxcl12,125738,donor3,2
k10t_cxcl12,182354.4,donor3,3
l13f_cxcl12,1567682.2,donor1,1
l13f_cxcl12,1510387,donor1,2
l13f_cxcl12,1663648,donor1,3
l13f_cxcl12,1295414.4,donor2,1
l13f_cxcl12,1692567,donor2,2
l13f_cxcl12,1399412,donor2,3
l13f_cxcl12,555740.2,donor4,1
l13f_cxcl12,781567.9,donor4,2
l13f_cxcl12,783641.4,donor4,3
l13f_cxcl12,364892.3,donor5,1
l13f_cxcl12,495303.7,donor5,2
l13f_cxcl12,592609.9,donor5,3
l13f_cxcl12,284573.4,donor3,1
l13f_cxcl12,331930.4,donor3,2
l13f_cxcl12,346557.2,donor3,3
triple_cxcl12,1365572.7,donor1,1
triple_cxcl12,1239540,donor1,2
triple_cxcl12,1130135,donor1,3
triple_cxcl12,1356058.2,donor2,1
triple_cxcl12,1810696,donor2,2
triple_cxcl12,1639132,donor2,3
triple_cxcl12,643268.9,donor4,1
triple_cxcl12,809401.5,donor4,2
triple_cxcl12,,donor4,3
triple_cxcl12,446208,donor5,1
triple_cxcl12,585240.8,donor5,2
triple_cxcl12,658158.7,donor5,3
triple_cxcl12,182809,donor3,1
triple_cxcl12,158117.5,donor3,2
triple_cxcl12,184986.3,donor3,3