"Chrom","Position","RSID","Reference","Alternate","Source","Filters - exomes","Filters - genomes","Consequence","Protein Consequence","Transcript Consequence","Annotation","Flags","Allele Count","Allele Number","Number of Homozygotes","Allele Frequency","Allele Count African","Allele Number African","Homozygote Count African","Allele Count Ashkenazi Jewish","Allele Number Ashkenazi Jewish","Homozygote Count Ashkenazi Jewish","Allele Count East Asian","Allele Number East Asian","Homozygote Count East Asian","Allele Count European (Finnish)","Allele Number European (Finnish)","Homozygote Count European (Finnish)","Allele Count European (Non-Finnish)","Allele Number European (Non-Finnish)","Homozygote Count European (Non-Finnish)","Allele Count Latino","Allele Number Latino","Homozygote Count Latino","Allele Count Other","Allele Number Other","Homozygote Count Other","Allele Count South Asian","Allele Number South Asian","Homozygote Count South Asian"
"4","74735049","rs566917391","G","T","G","NA","PASS","","","","upstream gene","","12","30920","0","0.0003881","12","8714","0","0","302","0","0","1622","0","0","3494","0","0","14972","0","0","838","0","0","978","0","0","0","0"
"4","74735064",".","C","G","G","NA","PASS","","","","upstream gene","","1","30922","0","3.234e-5","0","8708","0","0","302","0","0","1622","0","1","3492","0","0","14984","0","0","838","0","0","976","0","0","0","0"
"4","74735068","rs116120548","C","G","G","NA","PASS","","","","upstream gene","","528","30916","13","0.01708","485","8702","13","0","302","0","14","1620","0","2","3492","0","9","14986","0","6","836","0","12","978","0","0","0","0"
"4","74735073","rs577884735","A","G","G","NA","PASS","","","","upstream gene","","1","30868","0","3.24e-5","0","8698","0","0","302","0","0","1618","0","0","3490","0","1","14950","0","0","838","0","0","972","0","0","0","0"
"4","74735075","rs200894626","C","T","G","NA","PASS","","","","upstream gene","","13","30934","0","0.0004202","13","8722","0","0","302","0","0","1620","0","0","3494","0","0","14982","0","0","838","0","0","976","0","0","0","0"
"4","74735086",".","G","A","G","NA","PASS","","","","upstream gene","","1","30880","0","3.238e-5","0","8702","0","0","302","0","0","1622","0","0","3490","0","1","14950","0","0","838","0","0","976","0","0","0","0"
"4","74735096",".","G","T","G","NA","PASS","","","","upstream gene","","1","30892","0","3.237e-5","1","8694","0","0","302","0","0","1622","0","0","3490","0","0","14970","0","0","838","0","0","976","0","0","0","0"
"4","74735105",".","G","T","G","NA","PASS","","","","upstream gene","","1","30888","0","3.238e-5","1","8692","0","0","302","0","0","1620","0","0","3492","0","0","14968","0","0","838","0","0","976","0","0","0","0"
"4","74735108","rs115711101","C","T","G","NA","PASS","","","","upstream gene","","1457","30874","80","0.04719","1052","8680","75","12","302","0","59","1622","0","34","3492","0","252","14964","4","16","836","0","32","978","1","0","0","0"
"4","74735110",".","A","C","G","NA","PASS","","","","upstream gene","","1","30878","0","3.239e-5","1","8684","0","0","302","0","0","1622","0","0","3490","0","0","14964","0","0","838","0","0","978","0","0","0","0"
"4","74735113",".","G","T","G","NA","PASS","","","","upstream gene","","1","30862","0","3.24e-5","1","8684","0","0","302","0","0","1620","0","0","3492","0","0","14950","0","0","838","0","0","976","0","0","0","0"
"4","74735115",".","G","T","G","NA","PASS","","","","upstream gene","","1","30870","0","3.239e-5","0","8690","0","0","302","0","0","1620","0","0","3490","0","1","14958","0","0","838","0","0","972","0","0","0","0"
"4","74735120",".","GGCC","G","G","NA","PASS","","","c.-65_-63delCGC","5' UTR","","1","30896","0","3.237e-5","1","8692","0","0","302","0","0","1622","0","0","3492","0","0","14974","0","0","838","0","0","976","0","0","0","0"
"4","74735124","rs201096356","G","A","G","NA","PASS","","","c.-64G>A","5' UTR","","1","30876","0","3.239e-5","0","8684","0","0","302","0","0","1620","0","0","3488","0","0","14966","0","1","838","0","0","978","0","0","0","0"
"4","74735131","rs202228146","C","A","G","NA","PASS","","","c.-57C>A","5' UTR","","1","30908","0","3.235e-5","0","8708","0","0","302","0","1","1622","0","0","3492","0","0","14968","0","0","838","0","0","978","0","0","0","0"
"4","74735131","rs202228146","C","G","G","NA","PASS","","","c.-57C>G","5' UTR","","1","30908","0","3.235e-5","1","8708","0","0","302","0","0","1622","0","0","3492","0","0","14968","0","0","838","0","0","978","0","0","0","0"
"4","74735146",".","T","C","E","PASS","NA","","","c.-42T>C","5' UTR","","2","133794","0","1.495e-5","0","6410","0","0","7950","0","0","10032","0","0","8294","0","0","50662","0","0","23822","0","0","3616","0","2","23008","0"
"4","74735148","rs755816985","C","G","E","PASS","NA","","","c.-40C>G","5' UTR","","2","134122","0","1.491e-5","0","6412","0","0","7946","0","0","10048","0","0","8468","0","0","50754","0","0","23832","0","0","3612","0","2","23050","0"
"4","74735149",".","C","G","E","PASS","NA","","","c.-39C>G","5' UTR","","1","134382","0","7.441e-6","0","6428","0","0","7958","0","0","10058","0","0","8560","0","1","50854","0","0","23840","0","0","3620","0","0","23064","0"
"4","74735150","rs11547681","G","T","E G","PASS","PASS","","","c.-38G>T","5' UTR","","37851","165098","5196","0.2293","1573","15104","81","2059","8252","265","3907","11664","654","2584","12056","273","12022","65692","1110","10210","24680","2222","1049","4586","115","4447","23064","476"
"4","74735153","rs752846210","C","T","E","PASS","NA","","","c.-35C>T","5' UTR","","1","135200","0","7.396e-6","0","6442","0","0","7964","0","0","10072","0","0","8944","0","1","51140","0","0","23870","0","0","3628","0","0","23140","0"
"4","74735154","rs201103048","C","G","E G","PASS","PASS","","","c.-34C>G","5' UTR","","39","166358","0","0.0002344","37","15172","0","0","8266","0","0","11692","0","0","12538","0","0","66206","0","1","24710","0","0","4606","0","1","23168","0"
"4","74735159",".","A","C","E","PASS","NA","","","c.-29A>C","5' UTR","","1","136644","0","7.318e-6","0","6522","0","0","7978","0","0","10088","0","0","9504","0","0","51754","0","0","23888","0","0","3648","0","1","23262","0"
"4","74735162","rs201839321","G","A","E G","PASS","PASS","","","c.-26G>A","5' UTR","","48","168360","0","0.0002851","21","15270","0","0","8286","0","0","11732","0","0","13262","0","15","67112","0","10","24738","0","2","4640","0","0","23320","0"
"4","74735166",".","C","T","E","PASS","NA","","","c.-22C>T","5' UTR","","1","139468","0","7.17e-6","0","6612","0","0","8004","0","0","10180","0","0","10372","0","1","53152","0","0","23984","0","0","3684","0","0","23480","0"
"4","74735170",".","AC","A","E","PASS","NA","","","c.-15delC","5' UTR","","1","141076","0","7.088e-6","0","6696","0","0","8036","0","0","10232","0","0","10884","0","1","53830","0","0","24058","0","0","3704","0","0","23636","0"
"4","74735175","rs771399946","C","T","E","PASS","NA","","","c.-13C>T","5' UTR","","4","144752","0","2.763e-5","0","6876","0","0","8096","0","0","10404","0","0","11618","0","2","55872","0","1","24222","0","0","3774","0","1","23890","0"
"4","74735183","rs781601333","G","T","E G","RF|AC0","PASS","","","c.-5G>T","5' UTR","","1","30920","0","3.234e-5","1","8710","0","0","302","0","0","1620","0","0","3492","0","0","14976","0","0","838","0","0","982","0","0","0","0"
"4","74735195","rs200382055","G","A","E G","PASS","PASS","p.Arg3His","p.Arg3His","c.8G>A","missense","","18","193978","0","9.279e-5","0","16662","0","0","8646","0","0","13038","0","11","17780","0","2","80862","0","3","26380","0","2","5082","0","0","25528","0"
"4","74735195","rs200382055","G","C","E G","RF|AC0","PASS","p.Arg3Pro","p.Arg3Pro","c.8G>C","missense","","1","30914","0","3.235e-5","0","8710","0","0","302","0","0","1622","0","0","3492","0","1","14970","0","0","838","0","0","980","0","0","0","0"
"4","74735196","rs770014238","C","G","E","PASS","NA","p.Arg3Arg","p.Arg3Arg","c.9C>G","synonymous","","1","164722","0","6.071e-6","0","8062","0","0","8372","0","0","11518","0","0","14502","0","0","66852","0","0","25668","0","0","4132","0","1","25616","0"
"4","74735199","rs775928119","T","C","E G","PASS","PASS","p.Ala4Ala","p.Ala4Ala","c.12T>C","synonymous","","11","201014","0","5.472e-5","1","17096","0","0","8770","0","0","13482","0","0","18734","0","0","84798","0","1","26934","0","0","5194","0","9","26006","0"
"4","74735200","rs762637615","G","A","E","PASS","NA","p.Ala5Thr","p.Ala5Thr","c.13G>A","missense","","11","171192","0","6.426e-5","0","8490","0","0","8476","0","0","11942","0","0","15288","0","1","70438","0","1","26184","0","0","4234","0","9","26140","0"
"4","74735202","rs768482831","T","G","E","PASS","NA","p.Ala5Ala","p.Ala5Ala","c.15T>G","synonymous","","10","174114","0","5.743e-5","0","8684","0","0","8534","0","0","12118","0","0","15672","0","0","72054","0","1","26400","0","0","4296","0","9","26356","0"
"4","74735203","rs773966205","C","T","E","PASS","NA","p.Leu6Phe","p.Leu6Phe","c.16C>T","missense","","6","175418","0","3.42e-5","0","8772","0","0","8550","0","6","12170","0","0","15830","0","0","72806","0","0","26542","0","0","4314","0","0","26434","0"
"4","74735206",".","TCCGCCGCCCCCAGCAATCC","T","E","PASS","NA","p.Ala8GlyfsTer13","p.Ala8GlyfsTer13","c.23_41delCCGCCCCCAGCAATCCCCG","frameshift","","1","178732","0","5.595e-6","0","9012","0","0","8598","0","0","12362","0","0","16194","0","1","74632","0","0","26858","0","0","4366","0","0","26710","0"
"4","74735217","rs201063147","C","T","E G","PASS","PASS","p.Pro10Pro","p.Pro10Pro","c.30C>T","synonymous","","18","225624","0","7.978e-5","0","18872","0","0","9166","0","0","15136","0","8","21436","0","9","98214","0","1","29180","0","0","5600","0","0","28020","0"
"4","74735226","rs199632051","C","A","E G","RF","PASS","p.Pro13Pro","p.Pro13Pro","c.39C>A","synonymous","","2","30942","0","6.464e-5","0","8714","0","0","302","0","0","1622","0","0","3488","0","2","14996","0","0","838","0","0","982","0","0","0","0"
"4","74735226","rs199632051","C","T","E","PASS","NA","p.Pro13Pro","p.Pro13Pro","c.39C>T","synonymous","","1","204564","0","4.888e-6","0","10936","0","0","9052","0","1","14262","0","0","18976","0","0","88276","0","0","29456","0","0","4804","0","0","28802","0"
"4","74735238","rs201090116","A","G","E G","PASS","PASS","p.Arg17Arg","p.Arg17Arg","c.51A>G","synonymous","","287","247324","0","0.001160","152","20564","0","1","9528","0","29","16898","0","1","23714","0","67","109332","0","20","31724","0","10","5960","0","7","29604","0"
"4","74735241",".","G","A","E","PASS","NA","p.Val18Val","p.Val18Val","c.54G>A","synonymous","","2","218180","0","9.167e-6","0","12058","0","0","9256","0","0","15432","0","1","20376","0","0","95258","0","0","31070","0","0","4996","0","1","29734","0"
"4","74735244","rs2071425","A","G","E G","PASS","PASS","p.Ala19Ala","p.Ala19Ala","c.57A>G","synonymous","","72402","249090","11998","0.2907","10268","20768","2539","2746","9586","390","6861","17014","1376","5450","23908","611","22634","110242","2322","14178","31828","3230","1633","5968","234","8632","29776","1296"
"4","74735247","rs529847960","G","GCTGCTC","E G","PASS","PASS","p.Leu24_Leu25dup","p.Leu24_Leu25dup","c.70_75dupCTCCTG","inframe insertion","","6","253196","0","2.37e-5","0","21120","0","0","9620","0","0","17436","0","0","24286","0","4","112232","0","1","32478","0","1","6040","0","0","29984","0"
"4","74735250",".","G","T","E G","RF","PASS","p.Leu21Leu","p.Leu21Leu","c.63G>T","synonymous","","1","30900","0","3.236e-5","0","8708","0","0","302","0","0","1616","0","0","3490","0","1","14966","0","0","838","0","0","980","0","0","0","0"
"4","74735259",".","C","T","E","PASS","NA","p.Leu24Leu","p.Leu24Leu","c.72C>T","synonymous","","1","228046","0","4.385e-6","1","12992","0","0","9434","0","0","16292","0","0","21370","0","0","100144","0","0","32328","0","0","5176","0","0","30310","0"
"4","74735265","rs199791199","A","G","E G","PASS","PASS","p.Val26Val","p.Val26Val","c.78A>G","synonymous","","257","260630","1","0.0009861","11","21902","0","0","9762","0","2","18030","0","2","24996","0","219","116006","1","21","33356","0","1","6176","0","1","30402","0"
"4","74735269","rs200543208","G","T","E G","PASS","PASS","p.Ala28Ser","p.Ala28Ser","c.82G>T","missense","","36","260526","0","0.0001382","19","21924","0","1","9766","0","3","18036","0","0","24930","0","7","115904","0","3","33384","0","3","6174","0","0","30408","0"
"4","74735270","rs531055521","C","T","E","PASS","NA","p.Ala28Val","p.Ala28Val","c.83C>T","missense","","3","230666","0","1.301e-5","0","13308","0","0","9474","0","3","16506","0","0","21532","0","0","101502","0","0","32674","0","0","5216","0","0","30454","0"
"4","74735271","rs771412777","T","C","E G","PASS","PASS","p.Ala28Ala","p.Ala28Ala","c.84T>C","synonymous","","14","262114","0","5.341e-5","1","22088","0","0","9788","0","2","18162","0","1","25088","0","6","116770","0","1","33550","0","0","6206","0","3","30462","0"
"4","74735272","rs772788390","G","A","E G","PASS","PASS","p.Gly29Ser","p.Gly29Ser","c.85G>A","missense","","11","262260","0","4.194e-5","1","22112","0","0","9792","0","2","18176","0","1","25084","0","6","116864","0","1","33564","0","0","6200","0","0","30468","0"
"4","74735276","rs760514000","G","A","E","PASS","NA","p.Arg30Gln","p.Arg30Gln","c.89G>A","missense","","3","231852","0","1.294e-5","0","13478","0","0","9500","0","0","16548","0","0","21630","0","0","102116","0","0","32862","0","0","5244","0","3","30474","0"
"4","74735279","rs548620036","G","A","E G","PASS","PASS","p.Arg31His","p.Arg31His","c.92G>A","missense","","7","263482","0","2.657e-5","7","22262","0","0","9816","0","0","18274","0","0","25168","0","0","117450","0","0","33802","0","0","6218","0","0","30492","0"
"4","74735281","rs759378371","G","A","E","PASS","NA","p.Ala32Thr","p.Ala32Thr","c.94G>A","missense","","1","233478","0","4.283e-6","0","13678","0","0","9532","0","0","16726","0","0","21738","0","0","102964","0","0","33044","0","1","5268","0","0","30528","0"
"4","74735282","rs765043445","C","T","E","PASS","NA","p.Ala32Val","p.Ala32Val","c.95C>T","missense","","4","234388","0","1.707e-5","0","13774","0","0","9550","0","0","16764","0","0","21808","0","0","103536","0","0","33112","0","0","5286","0","4","30558","0"
"4","74735290",".","G","A","E","PASS","NA","c.100+3G>A","","c.100+3G>A","splice region","","2","237048","0","8.437e-6","0","14126","0","0","9608","0","0","16858","0","0","21966","0","0","105192","0","1","33326","0","0","5350","0","1","30622","0"
"4","74735291",".","G","A","G","NA","PASS","c.100+4G>A","","c.100+4G>A","splice region","","1","30902","0","3.236e-5","1","8704","0","0","302","0","0","1622","0","0","3488","0","0","14974","0","0","836","0","0","976","0","0","0","0"
"4","74735292","rs201725952","G","A","E","PASS","NA","c.100+5G>A","","c.100+5G>A","splice region","","2","237602","0","8.417e-6","1","14208","0","0","9620","0","0","16906","0","0","21986","0","0","105552","0","1","33346","0","0","5352","0","0","30632","0"
"4","74735292","rs201725952","G","C","E","PASS","NA","c.100+5G>C","","c.100+5G>C","splice region","","3","237602","0","1.263e-5","1","14208","0","0","9620","0","0","16906","0","0","21986","0","2","105552","0","0","33346","0","0","5352","0","0","30632","0"
"4","74735294","rs199755915","A","C","E G","PASS","PASS","c.100+7A>C","","c.100+7A>C","splice region","","97","268904","1","0.0003607","9","22948","0","0","9936","0","14","18538","0","57","25510","1","14","120790","0","1","34210","0","0","6330","0","2","30642","0"
"4","74735296",".","C","T","G","NA","PASS","","","c.100+9C>T","intron","","1","30908","0","3.235e-5","0","8710","0","0","302","0","0","1622","0","0","3490","0","1","14974","0","0","836","0","0","974","0","0","0","0"
"4","74735297","rs750576551","G","A","E","PASS","NA","","","c.100+10G>A","intron","","2","238276","0","8.394e-6","0","14324","0","0","9648","0","1","16928","0","0","22026","0","0","105954","0","0","33398","0","0","5352","0","1","30646","0"
"4","74735297","rs750576551","G","T","E","PASS","NA","","","c.100+10G>T","intron","","6","238276","0","2.518e-5","0","14324","0","0","9648","0","0","16928","0","0","22026","0","0","105954","0","1","33398","0","4","5352","0","1","30646","0"
"4","74735300","rs780753502","G","A","E","PASS","NA","","","c.100+13G>A","intron","","2","239400","0","8.354e-6","0","14462","0","0","9694","0","0","16980","0","0","22104","0","2","106696","0","0","33418","0","0","5380","0","0","30666","0"
"4","74735300","rs780753502","G","T","E G","RF","PASS","","","c.100+13G>T","intron","","1","30910","0","3.235e-5","0","8710","0","0","302","0","0","1622","0","0","3484","0","1","14982","0","0","836","0","0","974","0","0","0","0"
"4","74735301",".","C","T","E","PASS","NA","","","c.100+14C>T","intron","","1","239608","0","4.173e-6","0","14480","0","0","9700","0","0","17010","0","0","22102","0","1","106834","0","0","33428","0","0","5386","0","0","30668","0"
"4","74735303",".","C","T","G","NA","PASS","","","c.100+16C>T","intron","","5","30924","0","0.0001617","0","8716","0","0","302","0","0","1620","0","0","3488","0","5","14988","0","0","836","0","0","974","0","0","0","0"
"4","74735306",".","G","A","E","PASS","NA","","","c.100+19G>A","intron","","2","240786","0","8.306e-6","0","14650","0","0","9730","0","0","17078","0","0","22128","0","0","107630","0","2","33476","0","0","5404","0","0","30690","0"
"4","74735306",".","G","T","G","NA","PASS","","","c.100+19G>T","intron","","1","30900","0","3.236e-5","0","8712","0","0","302","0","1","1620","0","0","3488","0","0","14968","0","0","834","0","0","976","0","0","0","0"
"4","74735310","rs376258192","C","A","E G","PASS","PASS","","","c.100+23C>A","intron","","10","272414","0","3.671e-5","10","23466","0","0","10042","0","0","18754","0","0","25656","0","0","123064","0","0","34340","0","0","6386","0","0","30706","0"
"4","74735310","rs376258192","C","G","E","PASS","NA","","","c.100+23C>G","intron","","1","241516","0","4.141e-6","0","14754","0","0","9740","0","0","17132","0","0","22170","0","1","108096","0","0","33504","0","0","5414","0","0","30706","0"
"4","74735311",".","C","A","E","PASS","NA","","","c.100+24C>A","intron","","1","241672","0","4.138e-6","0","14786","0","0","9744","0","1","17150","0","0","22176","0","0","108182","0","0","33514","0","0","5412","0","0","30708","0"
"4","74735314","rs200829441","G","A","E","PASS","NA","","","c.100+27G>A","intron","","17","242136","0","7.021e-5","0","14882","0","0","9762","0","0","17178","0","0","22202","0","17","108424","0","0","33530","0","0","5434","0","0","30724","0"
"4","74735315","rs552674189","G","A","E","PASS","NA","","","c.100+28G>A","intron","","1","242188","0","4.129e-6","0","14874","0","0","9760","0","0","17188","0","0","22192","0","1","108484","0","0","33524","0","0","5430","0","0","30736","0"
"4","74735315","rs552674189","G","C","E G","PASS","PASS","","","c.100+28G>C","intron","","9","273088","0","3.296e-5","6","23586","0","0","10062","0","0","18810","0","0","25678","0","2","123450","0","1","34362","0","0","6404","0","0","30736","0"
"4","74735316","rs202045539","G","A","E","PASS","NA","","","c.100+29G>A","intron","","3","242234","0","1.238e-5","0","14892","0","0","9766","0","0","17184","0","0","22198","0","3","108498","0","0","33532","0","0","5424","0","0","30740","0"
"4","74735317","rs772589342","C","A","E","PASS","NA","","","c.100+30C>A","intron","","1","242350","0","4.126e-6","1","14902","0","0","9766","0","0","17188","0","0","22210","0","0","108568","0","0","33532","0","0","5434","0","0","30750","0"
"4","74735319","rs746567439","G","C","E G","PASS","PASS","","","c.100+32G>C","intron","","10","273644","0","3.654e-5","0","23672","0","0","10086","0","10","18826","0","0","25714","0","0","123796","0","0","34380","0","0","6412","0","0","30758","0"
"4","74735322","rs199805412","C","A","E","PASS","NA","","","c.100+35C>A","intron","","1","242982","0","4.116e-6","0","15004","0","0","9782","0","0","17210","0","0","22238","0","1","108986","0","0","33548","0","0","5446","0","0","30768","0"
"4","74735322","rs199805412","C","G","E G","PASS","PASS","","","c.100+35C>G","intron","","12","273888","0","4.381e-5","1","23716","0","0","10084","0","0","18832","0","0","25724","0","11","123956","0","0","34386","0","0","6422","0","0","30768","0"
"4","74735324",".","C","A","E","PASS","NA","","","c.100+37C>A","intron","","1","242954","0","4.116e-6","0","14994","0","0","9788","0","1","17218","0","0","22248","0","0","108948","0","0","33548","0","0","5440","0","0","30770","0"
"4","74735324",".","C","T","E G","PASS","PASS","","","c.100+37C>T","intron","","2","273864","0","7.303e-6","0","23706","0","0","10090","0","0","18840","0","0","25736","0","1","123924","0","1","34386","0","0","6412","0","0","30770","0"
"4","74735325","rs201174282","G","A","E","PASS","NA","","","c.100+38G>A","intron","","1","243110","0","4.113e-6","0","15050","0","0","9794","0","0","17222","0","0","22240","0","1","109036","0","0","33548","0","0","5450","0","0","30770","0"
"4","74735325","rs201174282","G","C","E","PASS","NA","","","c.100+38G>C","intron","","2","243110","0","8.227e-6","0","15050","0","0","9794","0","0","17222","0","0","22240","0","2","109036","0","0","33548","0","0","5450","0","0","30770","0"
"4","74735326","rs775277654","G","C","E","PASS","NA","","","c.100+39G>C","intron","","6","243396","0","2.465e-5","0","15110","0","0","9802","0","0","17228","0","0","22248","0","0","109232","0","0","33556","0","0","5450","0","6","30770","0"
"4","74735332","rs374842435","G","A","E G","PASS","PASS","","","c.100+45G>A","intron","","14","274994","0","5.091e-5","0","23936","0","0","10128","0","13","18858","0","0","25744","0","1","124720","0","0","34404","0","0","6436","0","0","30768","0"
"4","74735334","rs200274285","A","G","E G","PASS","PASS","","","c.100+47A>G","intron","","1494","275042","11","0.005432","30","23942","0","94","10130","0","9","18856","0","27","25736","0","897","124772","7","227","34408","2","51","6434","0","159","30764","2"
"4","74735336","rs756167130","G","T","E","PASS","NA","","","c.100+49G>T","intron","","1","244200","0","4.095e-6","0","15238","0","0","9824","0","1","17236","0","0","22264","0","0","109826","0","0","33570","0","0","5464","0","0","30778","0"
"4","74735338","rs766594484","A","G","E","PASS","NA","","","c.101-48A>G","intron","","3","244286","0","1.228e-5","0","15246","0","0","9828","0","0","17238","0","0","22272","0","0","109894","0","3","33566","0","0","5462","0","0","30780","0"
"4","74735339","rs754326367","C","T","E","PASS","NA","","","c.101-47C>T","intron","","3","244384","0","1.228e-5","0","15250","0","0","9832","0","0","17240","0","0","22274","0","1","109970","0","2","33568","0","0","5470","0","0","30780","0"
"4","74735340","rs755555071","C","T","E G","PASS","PASS","","","c.101-46C>T","intron","","3","275324","0","1.09e-5","0","23960","0","0","10134","0","0","18862","0","0","25768","0","3","124966","0","0","34406","0","0","6448","0","0","30780","0"
"4","74735341","rs779406486","C","T","E","PASS","NA","","","c.101-45C>T","intron","","1","244436","0","4.091e-6","0","15250","0","0","9832","0","0","17242","0","0","22282","0","1","110012","0","0","33570","0","0","5468","0","0","30780","0"
"4","74735342","rs753170790","A","C","E","PASS","NA","","","c.101-44A>C","intron","","3","244480","0","1.227e-5","0","15246","0","0","9834","0","0","17244","0","0","22270","0","0","110072","0","3","33568","0","0","5468","0","0","30778","0"
"4","74735345",".","G","A","E","PASS","NA","","","c.101-41G>A","intron","","1","244522","0","4.09e-6","1","15268","0","0","9828","0","0","17244","0","0","22290","0","0","110076","0","0","33568","0","0","5468","0","0","30780","0"
"4","74735347","rs371956379","C","A","E","PASS","NA","","","c.101-39C>A","intron","","2","244668","0","8.174e-6","0","15270","0","0","9832","0","0","17242","0","0","22292","0","2","110214","0","0","33566","0","0","5472","0","0","30780","0"
"4","74735351","rs777532604","A","G","E","PASS","NA","","","c.101-35A>G","intron","","1","244958","0","4.082e-6","0","15284","0","0","9830","0","0","17246","0","1","22294","0","0","110480","0","0","33568","0","0","5474","0","0","30782","0"
"4","74735355","rs200770793","T","C","E","PASS","NA","","","c.101-31T>C","intron","","8","245152","0","3.263e-5","0","15288","0","0","9836","0","0","17246","0","0","22298","0","3","110656","0","1","33574","0","0","5474","0","4","30780","0"
"4","74735357","rs770388430","G","T","E","PASS","NA","","","c.101-29G>T","intron","","1","245166","0","4.079e-6","0","15294","0","0","9836","0","0","17244","0","0","22300","0","1","110664","0","0","33574","0","0","5474","0","0","30780","0"
"4","74735358","rs201794779","C","T","E","PASS","NA","","","c.101-28C>T","intron","","2","245276","0","8.154e-6","0","15294","0","0","9838","0","0","17246","0","0","22300","0","0","110770","0","0","33574","0","0","5474","0","2","30780","0"
"4","74735358","rs201794779","CTCAG","C","E","PASS","NA","","","c.101-22_101-19delCAGT","intron","","8","245276","0","3.262e-5","0","15294","0","0","9838","0","0","17246","0","0","22300","0","8","110770","0","0","33574","0","0","5474","0","0","30780","0"
"4","74735362","rs745751141","G","A","E","PASS","NA","","","c.101-24G>A","intron","","4","245502","0","1.629e-5","0","15298","0","0","9842","0","0","17248","0","0","22300","0","3","110986","0","1","33576","0","0","5472","0","0","30780","0"
"4","74735367","rs200330934","T","C","E G","PASS","PASS","","","c.101-19T>C","intron","","48","276614","0","0.0001735","0","24010","0","16","10144","0","0","18868","0","0","25794","0","10","126146","0","22","34414","0","0","6456","0","0","30782","0"
"4","74735367","rs200330934","T","G","E","PASS","NA","","","c.101-19T>G","intron","","1","245692","0","4.07e-6","0","15300","0","0","9842","0","0","17248","0","0","22300","0","1","111166","0","0","33578","0","0","5476","0","0","30782","0"
"4","74735368",".","G","GA","E","PASS","NA","","","c.101-17dupA","intron","","2","245716","0","8.139e-6","0","15302","0","0","9840","0","0","17248","0","0","22300","0","0","111192","0","1","33578","0","1","5474","0","0","30782","0"
"4","74735372","rs372249273","C","A","E","PASS","NA","","","c.101-14C>A","intron","","1","245816","0","4.068e-6","0","15302","0","0","9844","0","0","17248","0","0","22300","0","1","111288","0","0","33574","0","0","5478","0","0","30782","0"
"4","74735372","rs372249273","C","T","E","PASS","NA","","","c.101-14C>T","intron","","1","245816","0","4.068e-6","0","15302","0","0","9844","0","0","17248","0","0","22300","0","0","111288","0","0","33574","0","0","5478","0","1","30782","0"
"4","74735374","rs768355203","C","A","E","PASS","NA","","","c.101-12C>A","intron","","22","245868","0","8.948e-5","0","15302","0","0","9844","0","0","17248","0","0","22300","0","1","111340","0","21","33576","0","0","5476","0","0","30782","0"
"4","74735381","rs773440075","C","T","E","PASS","NA","c.101-5C>T","","c.101-5C>T","splice region","","1","245980","0","4.065e-6","0","15298","0","0","9848","0","0","17248","0","0","22300","0","1","111444","0","0","33580","0","0","5480","0","0","30782","0"
"4","74735382","rs750054496","C","G","E G","PASS","PASS","c.101-4C>G","","c.101-4C>G","splice region","","29","276964","0","0.0001047","0","24014","0","0","10150","0","0","18870","0","5","25794","0","24","126482","0","0","34416","0","0","6456","0","0","30782","0"
"4","74735391","rs374657089","T","C","E G","PASS","PASS","p.Ser36Pro","p.Ser36Pro","c.106T>C","missense","","10","277040","0","3.61e-5","0","24014","0","0","10152","0","0","18870","0","0","25794","0","7","126556","0","2","34416","0","1","6456","0","0","30782","0"
"4","74735393",".","C","T","E","PASS","NA","p.Ser36Ser","p.Ser36Ser","c.108C>T","synonymous","","1","246116","0","4.063e-6","0","15302","0","0","9850","0","0","17248","0","0","22300","0","1","111574","0","0","33578","0","0","5482","0","0","30782","0"
"4","74735394","rs754028324","G","C","E G","PASS","PASS","p.Val37Leu","p.Val37Leu","c.109G>C","missense","","9","277070","0","3.248e-5","0","24024","0","0","10152","0","0","18870","0","0","25792","0","6","126576","0","2","34416","0","1","6458","0","0","30782","0"
"4","74735396","rs760115155","G","A","E","PASS","NA","p.Val37Val","p.Val37Val","c.111G>A","synonymous","","1","246132","0","4.063e-6","0","15302","0","0","9850","0","0","17248","0","0","22300","0","0","111588","0","0","33580","0","1","5482","0","0","30782","0"
"4","74735398","rs201091698","C","T","E","PASS","NA","p.Ala38Val","p.Ala38Val","c.113C>T","missense","","43","246164","0","0.0001747","0","15302","0","0","9850","0","0","17248","0","0","22300","0","8","111620","0","8","33580","0","7","5482","0","20","30782","0"
"4","74735400",".","A","G","G","NA","PASS","p.Thr39Ala","p.Thr39Ala","c.115A>G","missense","","1","30930","0","3.233e-5","0","8722","0","0","302","0","0","1620","0","0","3494","0","1","14980","0","0","838","0","0","974","0","0","0","0"
"4","74735402",".","T","C","E","PASS","NA","p.Thr39Thr","p.Thr39Thr","c.117T>C","synonymous","","2","246194","0","8.124e-6","0","15302","0","0","9850","0","1","17248","0","1","22300","0","0","111652","0","0","33578","0","0","5482","0","0","30782","0"
"4","74735407",".","T","C","E","PASS","NA","p.Leu41Pro","p.Leu41Pro","c.122T>C","missense","","1","246198","0","4.062e-6","0","15302","0","0","9850","0","0","17248","0","0","22300","0","0","111654","0","1","33580","0","0","5482","0","0","30782","0"
"4","74735409","rs752979975","C","G","E","PASS","NA","p.Arg42Gly","p.Arg42Gly","c.124C>G","missense","","1","246202","0","4.062e-6","0","15302","0","0","9850","0","0","17248","0","0","22300","0","0","111656","0","0","33582","0","0","5482","0","1","30782","0"
"4","74735415","rs758743363","C","T","E","PASS","NA","p.Gln44Ter","p.Gln44Ter","c.130C>T","stop gained","","2","246230","0","8.122e-6","0","15300","0","0","9850","0","0","17248","0","0","22300","0","2","111686","0","0","33582","0","0","5482","0","0","30782","0"
"4","74735424",".","C","T","G","NA","PASS","p.Gln47Ter","p.Gln47Ter","c.139C>T","stop gained","","1","30938","0","3.232e-5","1","8722","0","0","302","0","0","1622","0","0","3492","0","0","14982","0","0","838","0","0","980","0","0","0","0"
"4","74735429","rs181868085","C","A","E G","PASS","PASS","p.Thr48Thr","p.Thr48Thr","c.144C>A","synonymous","","486","277208","8","0.001753","0","24032","0","0","10152","0","442","18868","8","0","25794","0","10","126702","0","3","34420","0","4","6458","0","27","30782","0"
"4","74735429","rs181868085","C","T","E G","PASS","PASS","p.Thr48Thr","p.Thr48Thr","c.144C>T","synonymous","","12","277208","0","4.329e-5","0","24032","0","0","10152","0","0","18868","0","0","25794","0","0","126702","0","12","34420","0","0","6458","0","0","30782","0"
"4","74735433","rs200234866","C","A","E","PASS","NA","p.Gln50Lys","p.Gln50Lys","c.148C>A","missense","","4","246258","0","1.624e-5","0","15304","0","0","9850","0","0","17248","0","0","22300","0","4","111710","0","0","33582","0","0","5482","0","0","30782","0"
"4","74735436","rs745452423","G","A","E","PASS","NA","p.Gly51Arg","p.Gly51Arg","c.151G>A","missense","","2","246256","0","8.122e-6","0","15304","0","0","9850","0","2","17248","0","0","22300","0","0","111708","0","0","33582","0","0","5482","0","0","30782","0"
"4","74735444","rs769691514","C","A","E","PASS","NA","p.His53Gln","p.His53Gln","c.159C>A","missense","","1","246256","0","4.061e-6","0","15304","0","0","9850","0","0","17248","0","1","22300","0","0","111708","0","0","33582","0","0","5482","0","0","30782","0"
"4","74735444","rs769691514","C","T","E","PASS","NA","p.His53His","p.His53His","c.159C>T","synonymous","","1","246256","0","4.061e-6","0","15304","0","0","9850","0","0","17248","0","0","22300","0","1","111708","0","0","33582","0","0","5482","0","0","30782","0"
"4","74735446","rs779990786","C","T","E","PASS","NA","p.Pro54Leu","p.Pro54Leu","c.161C>T","missense","","6","246254","0","2.437e-5","0","15304","0","0","9848","0","1","17248","0","0","22300","0","5","111708","0","0","33582","0","0","5482","0","0","30782","0"
"4","74735447",".","C","T","G","NA","PASS","p.Pro54Pro","p.Pro54Pro","c.162C>T","synonymous","","1","30938","0","3.232e-5","1","8714","0","0","300","0","0","1622","0","0","3494","0","0","14996","0","0","836","0","0","976","0","0","0","0"
"4","74735450","rs749211456","G","A","E","PASS","NA","p.Lys55Lys","p.Lys55Lys","c.165G>A","synonymous","","1","246260","0","4.061e-6","0","15304","0","0","9850","0","0","17248","0","0","22300","0","0","111712","0","1","33582","0","0","5482","0","0","30782","0"
"4","74735450","rs749211456","G","T","E","PASS","NA","p.Lys55Asn","p.Lys55Asn","c.165G>T","missense","","1","246260","0","4.061e-6","0","15304","0","0","9850","0","0","17248","0","0","22300","0","1","111712","0","0","33582","0","0","5482","0","0","30782","0"
"4","74735451","rs768428003","A","G","E","PASS","NA","p.Asn56Asp","p.Asn56Asp","c.166A>G","missense","","9","246262","0","3.655e-5","0","15304","0","8","9850","0","0","17248","0","0","22300","0","0","111714","0","0","33582","0","1","5482","0","0","30782","0"
"4","74735455","rs201545979","T","C","E","PASS","NA","p.Ile57Thr","p.Ile57Thr","c.170T>C","missense","","9","246260","0","3.655e-5","0","15304","0","0","9850","0","0","17248","0","1","22300","0","8","111712","0","0","33582","0","0","5482","0","0","30782","0"
"4","74735456",".","C","A","E","PASS","NA","p.Ile57Ile","p.Ile57Ile","c.171C>A","synonymous","","1","246258","0","4.061e-6","0","15304","0","0","9850","0","0","17248","0","0","22300","0","0","111710","0","1","33582","0","0","5482","0","0","30782","0"
"4","74735458","rs760965523","A","C","E","PASS","NA","p.Gln58Pro","p.Gln58Pro","c.173A>C","missense","","1","246258","0","4.061e-6","0","15304","0","1","9850","0","0","17248","0","0","22300","0","0","111710","0","0","33582","0","0","5482","0","0","30782","0"
"4","74735458","rs760965523","A","G","E","PASS","NA","p.Gln58Arg","p.Gln58Arg","c.173A>G","missense","","1","246258","0","4.061e-6","0","15304","0","0","9850","0","0","17248","0","0","22300","0","0","111710","0","0","33582","0","0","5482","0","1","30782","0"
"4","74735459","rs200728596","A","G","E G","PASS","PASS","p.Gln58Gln","p.Gln58Gln","c.174A>G","synonymous","","48","277140","0","0.0001732","0","24000","0","0","10152","0","0","18868","0","43","25792","0","3","126672","0","0","34418","0","2","6456","0","0","30782","0"
"4","74735462","rs199681383","T","C","E G","PASS","RF","p.Ser59Ser","p.Ser59Ser","c.177T>C","synonymous","","2","246254","0","8.122e-6","0","15304","0","0","9850","0","0","17248","0","0","22300","0","1","111706","0","1","33582","0","0","5482","0","0","30782","0"
"4","74735465","rs200474746","G","A","E","PASS","NA","p.Val60Val","p.Val60Val","c.180G>A","synonymous","","25","246256","0","0.0001015","0","15304","0","0","9850","0","0","17248","0","0","22298","0","0","111710","0","0","33582","0","1","5482","0","24","30782","0"
"4","74735468","rs201293315","C","G","E","PASS","NA","p.Asn61Lys","p.Asn61Lys","c.183C>G","missense","","39","246254","0","0.0001584","1","15304","0","0","9850","0","0","17248","0","2","22300","0","6","111706","0","3","33582","0","0","5482","0","27","30782","0"
"4","74735468","rs201293315","C","T","E","PASS","NA","p.Asn61Asn","p.Asn61Asn","c.183C>T","synonymous","","1","246254","0","4.061e-6","0","15304","0","0","9850","0","0","17248","0","0","22300","0","0","111706","0","0","33582","0","0","5482","0","1","30782","0"
"4","74735469","rs186092967","G","A","E","PASS","NA","p.Val62Met","p.Val62Met","c.184G>A","missense","","5","246254","0","2.03e-5","0","15304","0","0","9850","0","0","17248","0","0","22300","0","5","111706","0","0","33582","0","0","5482","0","0","30782","0"
"4","74735469","rs186092967","G","C","E G","PASS","PASS","p.Val62Leu","p.Val62Leu","c.184G>C","missense","","311","277178","1","0.001122","15","24010","0","0","10152","0","0","18868","0","18","25794","0","259","126698","1","11","34418","0","8","6456","0","0","30782","0"
"4","74735469","rs186092967","G","T","E G","PASS","PASS","p.Val62Leu","p.Val62Leu","c.184G>T","missense","","8","277178","0","2.886e-5","0","24010","0","0","10152","0","0","18868","0","0","25794","0","2","126698","0","6","34418","0","0","6456","0","0","30782","0"
"4","74735471",".","GA","G","E","PASS","NA","p.Lys63SerfsTer13","p.Lys63SerfsTer13","c.188delA","frameshift","","1","246256","0","4.061e-6","0","15304","0","0","9850","0","0","17248","0","1","22300","0","0","111708","0","0","33582","0","0","5482","0","0","30782","0"
"4","74735473",".","A","G","E","PASS","NA","p.Lys63Arg","p.Lys63Arg","c.188A>G","missense","","1","246256","0","4.061e-6","0","15304","0","0","9850","0","0","17248","0","1","22300","0","0","111708","0","0","33582","0","0","5482","0","0","30782","0"
"4","74735476","rs751931366","C","A","E","PASS","NA","p.Ser64Tyr","p.Ser64Tyr","c.191C>A","missense","","1","246248","0","4.061e-6","0","15304","0","0","9848","0","0","17246","0","0","22300","0","1","111704","0","0","33582","0","0","5482","0","0","30782","0"
"4","74735477","rs767200282","C","T","E","PASS","NA","p.Ser64Ser","p.Ser64Ser","c.192C>T","synonymous","","1","246250","0","4.061e-6","0","15304","0","0","9850","0","0","17246","0","0","22300","0","0","111704","0","0","33582","0","0","5482","0","1","30782","0"
"4","74735478","rs201878466","C","A","E","PASS","NA","p.Pro65Thr","p.Pro65Thr","c.193C>A","missense","","1","246258","0","4.061e-6","0","15304","0","0","9850","0","1","17248","0","0","22300","0","0","111710","0","0","33582","0","0","5482","0","0","30782","0"
"4","74735478","rs201878466","C","T","E G","PASS","PASS","p.Pro65Ser","p.Pro65Ser","c.193C>T","missense","","10","277188","0","3.608e-5","9","24010","0","0","10152","0","1","18864","0","0","25794","0","0","126710","0","0","34418","0","0","6458","0","0","30782","0"
"4","74735480","rs779431090","C","T","E","PASS","NA","p.Pro65Pro","p.Pro65Pro","c.195C>T","synonymous","","1","246250","0","4.061e-6","0","15304","0","0","9848","0","0","17248","0","0","22300","0","1","111706","0","0","33582","0","0","5480","0","0","30782","0"
"4","74735487","rs749188314","C","G","E","PASS","NA","p.His68Asp","p.His68Asp","c.202C>G","missense","","1","246230","0","4.061e-6","0","15304","0","0","9848","0","0","17248","0","0","22298","0","0","111690","0","0","33578","0","0","5482","0","1","30782","0"
"4","74735488","rs754924062","A","G","E","PASS","NA","p.His68Arg","p.His68Arg","c.203A>G","missense","","2","246230","0","8.122e-6","0","15304","0","0","9848","0","0","17248","0","0","22300","0","2","111688","0","0","33580","0","0","5482","0","0","30780","0"
"4","74735491","rs778764212","G","A","E","PASS","NA","p.Cys69Tyr","p.Cys69Tyr","c.206G>A","missense","","1","246228","0","4.061e-6","0","15304","0","0","9848","0","0","17248","0","0","22300","0","1","111688","0","0","33578","0","0","5482","0","0","30780","0"
"4","74735494","rs145342393","C","T","E G","PASS","PASS","p.Ala70Val","p.Ala70Val","c.209C>T","missense","","587","277148","5","0.002118","552","24014","5","0","10146","0","0","18864","0","0","25790","0","3","126680","0","26","34416","0","5","6456","0","1","30782","0"
"4","74735498","rs377357456","A","G","E","PASS","NA","p.Gln71Gln","p.Gln71Gln","c.213A>G","synonymous","","2","246212","0","8.123e-6","0","15304","0","0","9844","0","0","17248","0","0","22298","0","2","111680","0","0","33580","0","0","5480","0","0","30778","0"
"4","74735500",".","C","T","E","PASS","NA","p.Thr72Ile","p.Thr72Ile","c.215C>T","missense","","2","246206","0","8.123e-6","0","15304","0","0","9846","0","0","17248","0","0","22296","0","0","111676","0","2","33578","0","0","5480","0","0","30778","0"
"4","74735501",".","C","T","G","NA","PASS","p.Thr72Thr","p.Thr72Thr","c.216C>T","synonymous","","1","30940","0","3.232e-5","0","8708","0","0","302","0","0","1622","0","0","3490","0","1","15000","0","0","838","0","0","980","0","0","0","0"
"4","74735503","rs190901425","A","T","E","PASS","NA","p.Glu73Val","p.Glu73Val","c.218A>T","missense","","2","246174","0","8.124e-6","0","15302","0","0","9838","0","2","17246","0","0","22286","0","0","111666","0","0","33576","0","0","5482","0","0","30778","0"
"4","74735508","rs199785807","A","C","E","PASS","NA","p.Ile75Leu","p.Ile75Leu","c.223A>C","missense","","1","246164","0","4.062e-6","0","15302","0","0","9840","0","0","17248","0","0","22284","0","0","111654","0","0","33576","0","0","5482","0","1","30778","0"
"4","74735509","rs746126781","T","C","E","PASS","NA","p.Ile75Thr","p.Ile75Thr","c.224T>C","missense","","1","246172","0","4.062e-6","0","15302","0","0","9844","0","0","17248","0","0","22286","0","1","111656","0","0","33576","0","0","5482","0","0","30778","0"
"4","74735511","rs769847486","T","C","E","PASS","NA","c.224+2T>C","","c.224+2T>C","splice donor","","1","246150","0","4.063e-6","0","15302","0","0","9838","0","0","17248","0","0","22278","0","1","111650","0","0","33576","0","0","5482","0","0","30776","0"
"4","74735512","rs775446151","A","G","E G","PASS","PASS","c.224+3A>G","","c.224+3A>G","splice region","","60","277032","1","0.0002166","0","23992","0","0","10142","0","0","18866","0","0","25772","0","0","126616","0","59","34414","1","1","6454","0","0","30776","0"
"4","74735517","rs763506829","C","T","E G","PASS","RF","c.224+8C>T","","c.224+8C>T","splice region","","10","246028","0","4.065e-5","0","15294","0","0","9820","0","10","17248","0","0","22262","0","0","111582","0","0","33576","0","0","5476","0","0","30770","0"
"4","74735519","rs559470228","G","T","E","PASS","NA","","","c.224+10G>T","intron","","8","245936","0","3.253e-5","0","15294","0","0","9820","0","8","17246","0","0","22230","0","0","111530","0","0","33572","0","0","5478","0","0","30766","0"
"4","74735520","rs774669984","C","T","E","PASS","NA","","","c.224+11C>T","intron","","2","246002","0","8.13e-6","0","15294","0","0","9818","0","1","17246","0","0","22242","0","1","111578","0","0","33574","0","0","5476","0","0","30774","0"
"4","74735523","rs200650838","C","T","E","PASS","NA","","","c.224+14C>T","intron","","8","245922","0","3.253e-5","0","15294","0","0","9802","0","0","17246","0","0","22234","0","7","111544","0","1","33564","0","0","5476","0","0","30762","0"
"4","74735524","rs7656335","G","C","E G","PASS","PASS","","","c.224+15G>C","intron","","19940","276750","1303","0.07205","6408","23974","847","814","10100","33","2114","18866","111","475","25728","7","5701","126478","145","2159","34390","76","389","6458","13","1880","30756","71"
"4","74735525","rs200083883","C","A","E","PASS","NA","","","c.224+16C>A","intron","","2","245900","0","8.133e-6","0","15292","0","1","9806","0","0","17246","0","0","22238","0","0","111520","0","1","33570","0","0","5478","0","0","30750","0"
"4","74735526","rs755773191","G","A","E","PASS","NA","","","c.224+17G>A","intron","","1","245830","0","4.068e-6","0","15296","0","0","9802","0","0","17244","0","0","22224","0","0","111488","0","0","33562","0","0","5474","0","1","30740","0"
"4","74735526","rs755773191","G","T","E","PASS","NA","","","c.224+17G>T","intron","","1","245830","0","4.068e-6","0","15296","0","0","9802","0","0","17244","0","0","22224","0","0","111488","0","1","33562","0","0","5474","0","0","30740","0"
"4","74735530","rs753356054","C","T","E","PASS","NA","","","c.224+21C>T","intron","","6","245782","0","2.441e-5","0","15296","0","0","9792","0","0","17246","0","0","22214","0","0","111442","0","6","33564","0","0","5474","0","0","30754","0"
"4","74735533","rs754911797","C","G","E","PASS","NA","","","c.224+24C>G","intron","","1","245814","0","4.068e-6","0","15292","0","0","9782","0","0","17248","0","0","22216","0","0","111468","0","0","33568","0","0","5472","0","1","30768","0"
"4","74735534","rs778763527","T","A","E","PASS","NA","","","c.224+25T>A","intron","","3","245772","0","1.221e-5","0","15292","0","0","9786","0","0","17248","0","0","22214","0","0","111436","0","0","33574","0","0","5472","0","3","30750","0"
"4","74735537","rs748116390","C","T","E","PASS","NA","","","c.224+28C>T","intron","","9","245706","0","3.663e-5","0","15290","0","0","9798","0","9","17248","0","0","22196","0","0","111398","0","0","33568","0","0","5468","0","0","30740","0"
"4","74735538","rs758228708","A","G","E","PASS","NA","","","c.224+29A>G","intron","","1","245654","0","4.071e-6","0","15288","0","0","9776","0","0","17248","0","0","22194","0","0","111368","0","0","33574","0","1","5468","0","0","30738","0"
"4","74735539","rs377666285","C","T","E G","PASS","PASS","","","c.224+30C>T","intron","","5","276588","0","1.808e-5","5","24016","0","0","10076","0","0","18866","0","0","25690","0","0","126338","0","0","34404","0","0","6448","0","0","30750","0"
"4","74735540","rs201503086","C","G","E","PASS","NA","","","c.224+31C>G","intron","","6","245638","0","2.443e-5","0","15292","0","0","9778","0","0","17246","0","0","22190","0","1","111366","0","5","33574","0","0","5472","0","0","30720","0"
"4","74735542","rs769969007","C","A","E","PASS","NA","","","c.224+33C>A","intron","","1","245630","0","4.071e-6","0","15292","0","0","9770","0","0","17244","0","0","22206","0","1","111344","0","0","33570","0","0","5468","0","0","30736","0"
"4","74735543","rs775639675","C","G","E","PASS","NA","","","c.224+34C>G","intron","","1","245574","0","4.072e-6","0","15292","0","0","9758","0","0","17246","0","0","22198","0","1","111332","0","0","33566","0","0","5470","0","0","30712","0"
"4","74735544","rs201576888","G","A","E","PASS","NA","","","c.224+35G>A","intron","","13","245510","0","5.295e-5","0","15292","0","0","9754","0","0","17246","0","0","22198","0","11","111292","0","2","33556","0","0","5466","0","0","30706","0"
"4","74735544","rs201576888","G","C","E","PASS","NA","","","c.224+35G>C","intron","","1","245510","0","4.073e-6","0","15292","0","0","9754","0","0","17246","0","0","22198","0","0","111292","0","1","33556","0","0","5466","0","0","30706","0"
"4","74735550","rs769188173","C","G","E G","PASS","PASS","","","c.224+41C>G","intron","","5","276504","0","1.808e-5","0","24014","0","0","10074","0","0","18864","0","0","25706","0","5","126302","0","0","34410","0","0","6448","0","0","30686","0"
"4","74735550","rs769188173","C","T","E","PASS","NA","","","c.224+41C>T","intron","","8","245552","0","3.258e-5","0","15288","0","0","9772","0","6","17244","0","0","22214","0","0","111308","0","2","33572","0","0","5468","0","0","30686","0"
"4","74735551",".","C","T","E","PASS","NA","","","c.224+42C>T","intron","","1","245576","0","4.072e-6","0","15288","0","0","9758","0","1","17246","0","0","22216","0","0","111336","0","0","33564","0","0","5462","0","0","30706","0"
"4","74735552","rs199877979","A","C","E G","PASS","PASS","","","c.224+43A>C","intron","","4","276438","0","1.447e-5","0","24014","0","0","10064","0","0","18864","0","0","25698","0","4","126282","0","0","34404","0","0","6442","0","0","30670","0"
"4","74735553",".","G","A","E","PASS","NA","","","c.224+44G>A","intron","","1","245476","0","4.074e-6","0","15286","0","0","9754","0","0","17246","0","0","22204","0","1","111280","0","0","33564","0","0","5470","0","0","30672","0"
"4","74735556","rs762309880","C","T","E G","PASS","PASS","","","c.224+47C>T","intron","","3","276414","0","1.085e-5","0","24006","0","0","10056","0","0","18866","0","0","25686","0","3","126272","0","0","34394","0","0","6442","0","0","30692","0"
"4","74735557","rs201169407","C","T","E","PASS","NA","","","c.224+48C>T","intron","","1","245526","0","4.073e-6","0","15286","0","0","9766","0","0","17246","0","0","22198","0","1","111338","0","0","33558","0","0","5462","0","0","30672","0"
"4","74735561",".","T","C","G","NA","PASS","","","c.224+52T>C","intron","","2","30946","0","6.463e-5","1","8728","0","0","302","0","0","1620","0","0","3494","0","1","14986","0","0","838","0","0","978","0","0","0","0"
"4","74735566","rs375620205","C","T","G","NA","PASS","","","c.224+57C>T","intron","","24","30956","0","0.0007753","18","8730","0","0","302","0","0","1620","0","2","3494","0","1","14992","0","2","838","0","1","980","0","0","0","0"
"4","74735569",".","C","CA","G","NA","PASS","","","c.225-52dupA","intron","","1","30952","0","3.231e-5","0","8728","0","0","302","0","0","1620","0","0","3494","0","1","14990","0","0","838","0","0","980","0","0","0","0"
"4","74735577","rs763060377","TC","T","E G","PASS","PASS","","","c.225-42delC","intron","","15","276610","0","5.423e-5","2","24022","0","0","10098","0","0","18862","0","0","25730","0","8","126348","0","4","34402","0","1","6450","0","0","30698","0"
"4","74735578","rs772362583","C","T","E G","PASS","PASS","","","c.225-45C>T","intron","","2","276712","0","7.228e-6","0","24024","0","0","10100","0","0","18868","0","0","25734","0","1","126420","0","0","34404","0","1","6460","0","0","30702","0"
"4","74735580","rs202072489","C","T","E G","PASS","PASS","","","c.225-43C>T","intron","","5","276868","0","1.806e-5","0","24022","0","0","10122","0","0","18868","0","1","25766","0","4","126478","0","0","34406","0","0","6460","0","0","30746","0"
"4","74735584","rs371644294","C","G","E","PASS","NA","","","c.225-39C>G","intron","","1","245922","0","4.066e-6","0","15294","0","0","9826","0","0","17248","0","0","22288","0","1","111476","0","0","33568","0","0","5478","0","0","30744","0"
"4","74735586",".","C","A","E","PASS","NA","","","c.225-37C>A","intron","","1","245952","0","4.066e-6","1","15290","0","0","9830","0","0","17248","0","0","22278","0","0","111510","0","0","33568","0","0","5478","0","0","30750","0"
"4","74735587","rs765987608","G","A","E","PASS","NA","","","c.225-36G>A","intron","","3","245936","0","1.22e-5","0","15290","0","0","9820","0","0","17248","0","0","22294","0","2","111498","0","0","33568","0","0","5478","0","1","30740","0"
"4","74735587","rs765987608","G","C","E","PASS","NA","","","c.225-36G>C","intron","","1","245936","0","4.066e-6","1","15290","0","0","9820","0","0","17248","0","0","22294","0","0","111498","0","0","33568","0","0","5478","0","0","30740","0"
"4","74735587","rs765987608","G","T","E","PASS","NA","","","c.225-36G>T","intron","","2","245936","0","8.132e-6","0","15290","0","0","9820","0","0","17248","0","0","22294","0","0","111498","0","0","33568","0","0","5478","0","2","30740","0"
"4","74735590",".","C","T","G","NA","PASS","","","c.225-33C>T","intron","","1","30958","0","3.23e-5","0","8722","0","0","302","0","0","1622","0","0","3494","0","1","15000","0","0","838","0","0","980","0","0","0","0"
"4","74735601","rs201005012","C","A","E","PASS","NA","","","c.225-22C>A","intron","","13","246132","0","5.282e-5","0","15294","0","0","9848","0","0","17248","0","0","22296","0","0","111610","0","0","33582","0","0","5480","0","13","30774","0"
"4","74735601","rs201005012","C","G","E","PASS","NA","","","c.225-22C>G","intron","","1","246132","0","4.063e-6","0","15294","0","0","9848","0","0","17248","0","0","22296","0","1","111610","0","0","33582","0","0","5480","0","0","30774","0"
"4","74735601","rs201005012","C","T","E","PASS","NA","","","c.225-22C>T","intron","","1","246132","0","4.063e-6","0","15294","0","0","9848","0","0","17248","0","0","22296","0","0","111610","0","0","33582","0","0","5480","0","1","30774","0"
"4","74735607",".","T","G","E","PASS","NA","","","c.225-16T>G","intron","","1","246194","0","4.062e-6","0","15298","0","0","9850","0","0","17248","0","0","22298","0","0","111662","0","0","33578","0","0","5480","0","1","30780","0"
"4","74735610","rs200265142","C","T","E G","PASS","PASS","","","c.225-13C>T","intron","","2","277156","0","7.216e-6","0","24026","0","0","10152","0","1","18870","0","0","25790","0","0","126652","0","1","34420","0","0","6464","0","0","30782","0"
"4","74735614",".","C","T","E","PASS","NA","","","c.225-9C>T","intron","","1","246238","0","4.061e-6","0","15298","0","1","9850","0","0","17248","0","0","22300","0","0","111698","0","0","33580","0","0","5482","0","0","30782","0"
"4","74735615","rs752617601","C","T","E","PASS","NA","c.225-8C>T","","c.225-8C>T","splice region","","1","246238","0","4.061e-6","0","15298","0","0","9850","0","0","17248","0","0","22300","0","1","111696","0","0","33582","0","0","5482","0","0","30782","0"
"4","74735616","rs201396025","T","C","E G","PASS","PASS","c.225-7T>C","","c.225-7T>C","splice region","","19","277168","0","6.855e-5","0","24012","0","0","10152","0","0","18870","0","19","25792","0","0","126678","0","0","34420","0","0","6462","0","0","30782","0"
"4","74735619",".","G","A","E","PASS","NA","c.225-4G>A","","c.225-4G>A","splice region","","1","246242","0","4.061e-6","0","15298","0","0","9850","0","0","17248","0","0","22300","0","0","111702","0","0","33582","0","0","5480","0","1","30782","0"
"4","74735620","rs777698656","C","T","E G","PASS","PASS","c.225-3C>T","","c.225-3C>T","splice region","","2","277208","0","7.215e-6","0","24024","0","0","10152","0","2","18868","0","0","25794","0","0","126706","0","0","34420","0","0","6462","0","0","30782","0"
"4","74735625",".","C","T","E","PASS","NA","p.Ala76Val","p.Ala76Val","c.227C>T","missense","","1","246236","0","4.061e-6","0","15298","0","0","9850","0","0","17248","0","0","22300","0","0","111696","0","1","33582","0","0","5480","0","0","30782","0"
"4","74735629","rs199795990","A","C","E","PASS","NA","p.Thr77Thr","p.Thr77Thr","c.231A>C","synonymous","","4","246252","0","1.624e-5","0","15298","0","0","9850","0","0","17248","0","0","22300","0","3","111712","0","0","33580","0","0","5482","0","1","30782","0"
"4","74735629","rs199795990","A","T","E","PASS","NA","p.Thr77Thr","p.Thr77Thr","c.231A>T","synonymous","","2","246252","0","8.122e-6","0","15298","0","0","9850","0","0","17248","0","0","22300","0","2","111712","0","0","33580","0","0","5482","0","0","30782","0"
"4","74735632","rs780191003","C","G","E","PASS","NA","p.Leu78Leu","p.Leu78Leu","c.234C>G","synonymous","","1","246254","0","4.061e-6","0","15296","0","0","9850","0","0","17248","0","0","22300","0","1","111714","0","0","33582","0","0","5482","0","0","30782","0"
"4","74735632","rs780191003","CAA","C","E","PASS","NA","p.Lys79GlufsTer15","p.Lys79GlufsTer15","c.235_236delAA","frameshift","","1","246254","0","4.061e-6","0","15296","0","0","9850","0","0","17248","0","0","22300","0","1","111714","0","0","33582","0","0","5482","0","0","30782","0"
"4","74735638",".","T","C","G","NA","PASS","p.Asn80Asn","p.Asn80Asn","c.240T>C","synonymous","","1","30954","0","3.231e-5","0","8720","0","0","302","0","0","1622","0","0","3492","0","1","14998","0","0","838","0","0","982","0","0","0","0"
"4","74735639","rs200169557","G","C","E","PASS","NA","p.Gly81Arg","p.Gly81Arg","c.241G>C","missense","","4","246250","0","1.624e-5","4","15298","0","0","9850","0","0","17248","0","0","22300","0","0","111708","0","0","33582","0","0","5482","0","0","30782","0"
"4","74735641","rs768549135","G","A","E","PASS","NA","p.Gly81Gly","p.Gly81Gly","c.243G>A","synonymous","","1","246254","0","4.061e-6","0","15300","0","0","9850","0","0","17248","0","0","22300","0","1","111710","0","0","33582","0","0","5482","0","0","30782","0"
"4","74735641","rs768549135","G","T","E","PASS","NA","p.Gly81Gly","p.Gly81Gly","c.243G>T","synonymous","","1","246254","0","4.061e-6","0","15300","0","0","9850","0","0","17248","0","1","22300","0","0","111710","0","0","33582","0","0","5482","0","0","30782","0"
"4","74735642","rs201545716","C","A","E G","PASS","PASS","p.Arg82Arg","p.Arg82Arg","c.244C>A","synonymous","","13","277218","0","4.689e-5","0","24028","0","0","10152","0","0","18868","0","0","25792","0","13","126712","0","0","34420","0","0","6464","0","0","30782","0"
"4","74735642","rs201545716","C","T","E","PASS","NA","p.Arg82Trp","p.Arg82Trp","c.244C>T","missense","","1","246256","0","4.061e-6","0","15300","0","0","9850","0","0","17248","0","0","22300","0","1","111712","0","0","33582","0","0","5482","0","0","30782","0"
"4","74735643","rs773534431","G","A","E G","PASS","RF","p.Arg82Gln","p.Arg82Gln","c.245G>A","missense","","2","246252","0","8.122e-6","1","15300","0","0","9850","0","0","17248","0","0","22300","0","1","111708","0","0","33582","0","0","5482","0","0","30782","0"
"4","74735646","rs760994074","A","T","E","PASS","NA","p.Lys83Ile","p.Lys83Ile","c.248A>T","missense","","2","246254","0","8.122e-6","0","15298","0","0","9850","0","0","17248","0","0","22300","0","0","111712","0","0","33582","0","0","5482","0","2","30782","0"
"4","74735647",".","A","C","E","PASS","NA","p.Lys83Asn","p.Lys83Asn","c.249A>C","missense","","1","246254","0","4.061e-6","0","15298","0","0","9850","0","0","17248","0","0","22300","0","1","111712","0","0","33582","0","0","5482","0","0","30782","0"
"4","74735653",".","C","T","G","NA","PASS","p.Cys85Cys","p.Cys85Cys","c.255C>T","synonymous","","1","30962","0","3.23e-5","0","8724","0","0","302","0","0","1620","0","0","3494","0","1","15002","0","0","838","0","0","982","0","0","0","0"
"4","74735666","rs771347748","T","A","E","PASS","NA","p.Ser90Thr","p.Ser90Thr","c.268T>A","missense","","2","246252","0","8.122e-6","0","15294","0","0","9850","0","0","17248","0","0","22300","0","0","111714","0","2","33582","0","0","5482","0","0","30782","0"
"4","74735674","rs776106343","A","G","E","PASS","NA","p.Ile92Met","p.Ile92Met","c.276A>G","missense","","4","246248","0","1.624e-5","0","15296","0","0","9850","0","3","17248","0","0","22300","0","1","111710","0","0","33580","0","0","5482","0","0","30782","0"
"4","74735689","rs759232302","C","G","E","PASS","NA","p.Ile97Met","p.Ile97Met","c.291C>G","missense","","3","246234","0","1.218e-5","0","15290","0","0","9850","0","3","17248","0","0","22300","0","0","111704","0","0","33578","0","0","5482","0","0","30782","0"
"4","74735690","rs201003859","G","A","E","PASS","NA","p.Glu98Lys","p.Glu98Lys","c.292G>A","missense","","16","246228","0","6.498e-5","0","15288","0","0","9850","0","1","17248","0","0","22300","0","7","111702","0","1","33578","0","0","5482","0","7","30780","0"
"4","74735691",".","A","G","E","PASS","NA","p.Glu98Gly","p.Glu98Gly","c.293A>G","missense","","1","246232","0","4.061e-6","0","15288","0","0","9850","0","0","17248","0","0","22300","0","0","111704","0","0","33578","0","0","5482","0","1","30782","0"
"4","74735692","rs752313297","A","G","E","PASS","NA","p.Glu98Glu","p.Glu98Glu","c.294A>G","synonymous","","1","246228","0","4.061e-6","0","15288","0","0","9850","0","0","17248","0","0","22300","0","0","111700","0","0","33578","0","0","5482","0","1","30782","0"
"4","74735696","rs201361001","A","G","E","PASS","NA","p.Met100Val","p.Met100Val","c.298A>G","missense","","4","246228","0","1.625e-5","0","15290","0","0","9850","0","0","17248","0","0","22300","0","4","111696","0","0","33580","0","0","5482","0","0","30782","0"
"4","74735701",".","G","C","E","PASS","NA","p.Leu101Leu","p.Leu101Leu","c.303G>C","synonymous","","1","246190","0","4.062e-6","0","15288","0","0","9850","0","0","17248","0","0","22300","0","0","111670","0","0","33574","0","0","5480","0","1","30780","0"
"4","74735702","rs762980706","A","G","E G","PASS","PASS","p.Asn102Asp","p.Asn102Asp","c.304A>G","missense","","7","277186","0","2.525e-5","0","24020","0","0","10152","0","0","18870","0","0","25792","0","7","126690","0","0","34416","0","0","6464","0","0","30782","0"
"4","74735704","rs549189473","C","A","E G","PASS","RF","p.Asn102Lys","p.Asn102Lys","c.306C>A","missense","","2","246184","0","8.124e-6","0","15290","0","0","9848","0","0","17244","0","0","22298","0","2","111662","0","0","33578","0","0","5482","0","0","30782","0"
"4","74735704","rs549189473","C","T","E","PASS","NA","c.306C>T","p.Asn102Asn","c.306C>T","splice region","","4","246184","0","1.625e-5","0","15290","0","0","9848","0","0","17244","0","0","22298","0","0","111662","0","0","33578","0","0","5482","0","4","30782","0"
"4","74735711","rs756956042","G","A","E","PASS","NA","c.308+5G>A","","c.308+5G>A","splice region","","1","246074","0","4.064e-6","0","15278","0","0","9844","0","0","17242","0","0","22296","0","1","111582","0","0","33572","0","0","5480","0","0","30780","0"
"4","74735713","rs371670459","T","C","E G","PASS","PASS","c.308+7T>C","","c.308+7T>C","splice region","","18","277052","0","6.497e-5","0","24008","0","0","10148","0","0","18864","0","0","25786","0","1","126594","0","12","34410","0","1","6462","0","4","30780","0"
"4","74735715","rs200517725","T","C","E","PASS","NA","","","c.308+9T>C","intron","","4","245994","0","1.626e-5","0","15272","0","0","9844","0","0","17240","0","0","22296","0","4","111526","0","0","33566","0","0","5478","0","0","30772","0"
"4","74735718","rs755248483","T","C","E","PASS","NA","","","c.308+12T>C","intron","","1","245946","0","4.066e-6","0","15268","0","0","9844","0","0","17230","0","0","22294","0","1","111488","0","0","33566","0","0","5478","0","0","30778","0"
"4","74735724","rs778955268","T","G","E","PASS","NA","","","c.308+18T>G","intron","","1","245588","0","4.072e-6","0","15238","0","0","9838","0","0","17208","0","0","22290","0","0","111228","0","1","33544","0","0","5474","0","0","30768","0"
"4","74735725",".","G","A","E","PASS","NA","","","c.308+19G>A","intron","","1","245250","0","4.077e-6","0","15216","0","0","9838","0","0","17186","0","0","22284","0","0","111000","0","0","33510","0","0","5464","0","1","30752","0"
"4","74735727","rs748264294","A","G","E","PASS","NA","","","c.308+21A>G","intron","","2","245156","0","8.158e-6","0","15208","0","0","9834","0","2","17172","0","0","22284","0","0","110926","0","0","33510","0","0","5462","0","0","30760","0"
"4","74735728",".","C","T","E","PASS","NA","","","c.308+22C>T","intron","","1","245040","0","4.081e-6","0","15212","0","0","9832","0","0","17170","0","0","22278","0","0","110844","0","1","33496","0","0","5464","0","0","30744","0"
"4","74735733",".","G","A","E","PASS","NA","","","c.308+27G>A","intron","","2","243978","0","8.197e-6","0","15116","0","0","9822","0","1","17066","0","0","22248","0","1","110194","0","0","33386","0","0","5444","0","0","30702","0"
"4","74735734","rs2018732","C","A","E","PASS","NA","","","c.308+28C>A","intron","","2","242948","0","8.232e-6","0","15018","0","0","9804","0","1","16992","0","0","22206","0","0","109550","0","1","33296","0","0","5438","0","0","30644","0"
"4","74735734","rs2018732","C","G","E","PASS","NA","","","c.308+28C>G","intron","","1","242948","0","4.116e-6","0","15018","0","0","9804","0","0","16992","0","0","22206","0","1","109550","0","0","33296","0","0","5438","0","0","30644","0"
"4","74735734","rs2018732","C","T","E G","PASS","PASS","","","c.308+28C>T","intron","","5640","273894","543","0.02059","5088","23730","540","2","10106","0","0","18614","0","0","25698","0","137","124548","0","347","34134","2","53","6420","0","13","30644","1"
"4","74735745","rs200131602","G","T","E G","PASS","PASS","","","c.308+39G>T","intron","","7","269824","0","2.594e-5","0","23450","0","0","10020","0","0","18258","0","0","25582","0","7","122050","0","0","33682","0","0","6340","0","0","30442","0"
"4","74735759",".","CTGGCATG","C","G","NA","PASS","","","c.308+56_308+62delGCATGTG","intron","","2","30972","0","6.457e-5","2","8726","0","0","302","0","0","1622","0","0","3492","0","0","15012","0","0","838","0","0","980","0","0","0","0"
"4","74735760","rs777740404","T","C","G","NA","PASS","","","c.308+54T>C","intron","","1","30976","0","3.228e-5","0","8728","0","0","302","0","0","1622","0","0","3494","0","1","15012","0","0","838","0","0","980","0","0","0","0"
"4","74736168","rs376846072","G","A","G","NA","PASS","","","c.309-70G>A","intron","","33","30956","0","0.001066","33","8722","0","0","302","0","0","1620","0","0","3494","0","0","15000","0","0","838","0","0","980","0","0","0","0"
"4","74736170",".","CAGG","C","G","NA","PASS","","","c.309-65_309-63delGAG","intron","","1","30960","0","3.23e-5","1","8724","0","0","302","0","0","1622","0","0","3494","0","0","14998","0","0","838","0","0","982","0","0","0","0"
"4","74736180","rs56078309","G","A","G","NA","PASS","","","c.309-58G>A","intron","","1858","30954","76","0.06002","170","8726","2","13","302","0","0","1618","0","317","3490","22","1266","14998","49","27","838","0","65","982","3","0","0","0"
"4","74736187","rs370786891","G","A","G","NA","PASS","","","c.309-51G>A","intron","","2","30964","0","6.459e-5","2","8724","0","0","302","0","0","1620","0","0","3494","0","0","15004","0","0","838","0","0","982","0","0","0","0"
"4","74736191","rs745495940","T","G","E","PASS","NA","","","c.309-47T>G","intron","","3","245074","0","1.224e-5","0","15274","0","0","9830","0","0","17238","0","0","22272","0","0","110714","0","3","33542","0","0","5472","0","0","30732","0"
"4","74736194",".","G","T","E","PASS","NA","","","c.309-44G>T","intron","","1","245178","0","4.079e-6","0","15280","0","0","9830","0","0","17234","0","0","22280","0","0","110792","0","1","33554","0","0","5474","0","0","30734","0"
"4","74736198","rs769637600","T","A","E","PASS","NA","","","c.309-40T>A","intron","","1","245422","0","4.075e-6","0","15298","0","0","9840","0","0","17238","0","0","22296","0","1","110946","0","0","33568","0","0","5474","0","0","30762","0"
"4","74736199","rs371272801","C","T","E G","PASS","PASS","","","c.309-39C>T","intron","","53","276322","0","0.0001918","4","24014","0","0","10146","0","0","18856","0","0","25780","0","44","125920","0","5","34400","0","0","6450","0","0","30756","0"
"4","74736201","rs762604860","C","G","E","PASS","NA","","","c.309-37C>G","intron","","1","245378","0","4.075e-6","0","15280","0","0","9838","0","0","17236","0","0","22290","0","1","110950","0","0","33566","0","0","5474","0","0","30744","0"
"4","74736201","rs762604860","C","T","G","NA","PASS","","","c.309-37C>T","intron","","1","30942","0","3.232e-5","0","8716","0","0","302","0","0","1622","0","0","3494","0","1","14992","0","0","838","0","0","978","0","0","0","0"
"4","74736202","rs374792053","G","A","E","PASS","NA","","","c.309-36G>A","intron","","2","245482","0","8.147e-6","0","15282","0","0","9844","0","0","17238","0","0","22286","0","0","111022","0","1","33572","0","0","5474","0","1","30764","0"
"4","74736202","rs374792053","G","C","E G","PASS","PASS","","","c.309-36G>C","intron","","8","276430","0","2.894e-5","2","24000","0","0","10146","0","0","18860","0","0","25780","0","6","126016","0","0","34410","0","0","6454","0","0","30764","0"
"4","74736202","rs374792053","G","T","E","PASS","NA","","","c.309-36G>T","intron","","1","245482","0","4.074e-6","0","15282","0","0","9844","0","0","17238","0","0","22286","0","0","111022","0","0","33572","0","0","5474","0","1","30764","0"
"4","74736203","rs750295658","A","G","E","PASS","NA","","","c.309-35A>G","intron","","2","245588","0","8.144e-6","0","15294","0","0","9846","0","0","17244","0","0","22292","0","2","111096","0","0","33574","0","0","5476","0","0","30766","0"
"4","74736205","rs755158356","C","T","E","PASS","NA","","","c.309-33C>T","intron","","1","245600","0","4.072e-6","0","15294","0","0","9844","0","0","17242","0","0","22294","0","1","111112","0","0","33570","0","0","5476","0","0","30768","0"
"4","74736208",".","C","T","E","PASS","NA","","","c.309-30C>T","intron","","1","245736","0","4.069e-6","0","15292","0","0","9846","0","0","17246","0","0","22300","0","0","111228","0","1","33576","0","0","5476","0","0","30772","0"
"4","74736211",".","C","T","G","NA","PASS","","","c.309-27C>T","intron","","1","30960","0","3.23e-5","0","8726","0","0","302","0","0","1622","0","0","3492","0","1","14998","0","0","838","0","0","982","0","0","0","0"
"4","74736213","rs369881595","C","A","E G","PASS","PASS","","","c.309-25C>A","intron","","49","276734","0","0.0001771","48","24002","0","0","10150","0","0","18870","0","0","25792","0","0","126272","0","1","34416","0","0","6458","0","0","30774","0"
"4","74736215","rs752938293","G","A","E","PASS","NA","","","c.309-23G>A","intron","","1","245764","0","4.069e-6","0","15294","0","0","9848","0","0","17246","0","0","22296","0","1","111264","0","0","33578","0","0","5474","0","0","30764","0"
"4","74736215","rs752938293","G","T","E","PASS","NA","","","c.309-23G>T","intron","","1","245764","0","4.069e-6","0","15294","0","0","9848","0","0","17246","0","0","22296","0","0","111264","0","0","33578","0","0","5474","0","1","30764","0"
"4","74736217",".","G","A","E G","PASS","PASS","","","c.309-21G>A","intron","","2","276748","0","7.227e-6","0","24006","0","0","10150","0","0","18870","0","0","25794","0","2","126282","0","0","34418","0","0","6456","0","0","30772","0"
"4","74736217",".","G","T","E","PASS","NA","","","c.309-21G>T","intron","","1","245792","0","4.068e-6","1","15292","0","0","9848","0","0","17248","0","0","22300","0","0","111278","0","0","33580","0","0","5474","0","0","30772","0"
"4","74736218","rs758430900","C","A","E","PASS","NA","","","c.309-20C>A","intron","","1","245820","0","4.068e-6","0","15292","0","0","9848","0","0","17246","0","0","22296","0","0","111304","0","1","33580","0","0","5476","0","0","30778","0"
"4","74736223","rs777911856","A","G","E","PASS","NA","","","c.309-15A>G","intron","","1","245840","0","4.068e-6","0","15302","0","0","9848","0","0","17248","0","0","22300","0","1","111322","0","0","33572","0","0","5476","0","0","30772","0"
"4","74736225","rs372905125","T","A","E","PASS","NA","","","c.309-13T>A","intron","","4","245876","0","1.627e-5","3","15300","0","0","9848","0","0","17248","0","0","22300","0","0","111350","0","1","33580","0","0","5476","0","0","30774","0"
"4","74736226","rs757843097","T","G","E","PASS","NA","","","c.309-12T>G","intron","","2","245878","0","8.134e-6","0","15300","0","0","9848","0","0","17248","0","0","22298","0","2","111354","0","0","33578","0","0","5476","0","0","30776","0"
"4","74736229",".","T","G","E","PASS","NA","","","c.309-9T>G","intron","","1","245900","0","4.067e-6","0","15304","0","0","9848","0","0","17248","0","0","22300","0","1","111370","0","0","33578","0","0","5476","0","0","30776","0"
"4","74736231","rs191116716","A","G","E G","PASS","PASS","c.309-7A>G","","c.309-7A>G","splice region","","33","276852","0","0.0001192","0","24018","0","0","10150","0","0","18864","0","31","25794","0","1","126376","0","0","34414","0","1","6462","0","0","30774","0"
"4","74736232","rs565003261","T","C","E","PASS","NA","c.309-6T>C","","c.309-6T>C","splice region","","2","245902","0","8.133e-6","1","15302","0","0","9848","0","1","17248","0","0","22300","0","0","111370","0","0","33580","0","0","5480","0","0","30774","0"
"4","74736235","rs1814092","C","A","E","PASS","NA","c.309-3C>A","","c.309-3C>A","splice region","","1","245844","0","4.068e-6","0","15272","0","0","9848","0","0","17246","0","0","22300","0","1","111354","0","0","33572","0","0","5476","0","0","30776","0"
"4","74736235","rs1814092","C","T","E G","PASS","PASS","c.309-3C>T","","c.309-3C>T","splice region","","5686","276798","553","0.02054","5139","23988","550","2","10150","0","0","18868","0","0","25794","0","136","126356","0","345","34408","2","51","6458","0","13","30776","1"
"4","74736239","rs748982870","G","A","E","PASS","NA","p.Asp104Asn","p.Asp104Asn","c.310G>A","missense","","1","245906","0","4.067e-6","0","15304","0","0","9848","0","0","17248","0","0","22300","0","1","111368","0","0","33580","0","0","5480","0","0","30778","0"
"4","74736250","rs773967165","C","T","E","PASS","NA","p.Asn107Asn","p.Asn107Asn","c.321C>T","synonymous","","1","245904","0","4.067e-6","0","15300","0","0","9848","0","0","17246","0","0","22298","0","0","111374","0","0","33578","0","1","5480","0","0","30780","0"
"4","74736256","rs373235955","A","C","E G","PASS","PASS","","","c.*3A>C","3' UTR","","291","276866","2","0.001051","0","24022","0","0","10150","0","10","18870","0","0","25794","0","0","126384","0","0","34416","0","3","6462","0","278","30768","2"
"4","74736262","rs767526268","G","A","E","PASS","NA","","","c.*9G>A","3' UTR","","1","245888","0","4.067e-6","0","15296","0","0","9848","0","1","17248","0","0","22298","0","0","111366","0","0","33578","0","0","5480","0","0","30774","0"
"4","74736262","rs767526268","G","T","E","PASS","NA","","","c.*9G>T","3' UTR","","2","245888","0","8.134e-6","0","15296","0","0","9848","0","0","17248","0","0","22298","0","1","111366","0","0","33578","0","1","5480","0","0","30774","0"
"4","74736265",".","G","A","E","PASS","NA","","","c.*12G>A","3' UTR","","1","245892","0","4.067e-6","0","15300","0","0","9846","0","0","17248","0","0","22300","0","0","111374","0","0","33576","0","0","5480","0","1","30768","0"
"4","74736267","rs568899629","G","A","E G","PASS","PASS","","","c.*14G>A","3' UTR","","25","276856","1","9.03e-5","8","24030","1","0","10150","0","5","18868","0","0","25792","0","4","126384","0","0","34408","0","1","6462","0","7","30762","0"
"4","74736268","rs199722074","G","T","E G","PASS","PASS","","","c.*15G>T","3' UTR","","66","276838","0","0.0002384","0","24018","0","0","10148","0","0","18870","0","0","25790","0","0","126372","0","65","34414","0","1","6462","0","0","30764","0"
"4","74736271","rs766192146","G","A","E G","PASS","PASS","","","c.*18G>A","3' UTR","","4","276814","0","1.445e-5","1","24014","0","0","10142","0","0","18870","0","0","25794","0","2","126368","0","0","34410","0","1","6462","0","0","30754","0"
"4","74736271","rs766192146","G","C","E","PASS","NA","","","c.*18G>C","3' UTR","","2","245834","0","8.136e-6","0","15288","0","0","9840","0","0","17248","0","2","22300","0","0","111352","0","0","33572","0","0","5480","0","0","30754","0"
"4","74736271","rs766192146","G","T","E","PASS","NA","","","c.*18G>T","3' UTR","","2","245834","0","8.136e-6","0","15288","0","0","9840","0","0","17248","0","0","22300","0","1","111352","0","1","33572","0","0","5480","0","0","30754","0"
"4","74736272","rs758632016","C","A","E G","PASS","PASS","","","c.*19C>A","3' UTR","","4","276804","0","1.445e-5","1","24014","0","0","10146","0","0","18868","0","0","25792","0","2","126356","0","0","34412","0","1","6462","0","0","30754","0"
"4","74736274",".","C","T","E","PASS","NA","","","c.*21C>T","3' UTR","","1","245806","0","4.068e-6","0","15286","0","0","9842","0","0","17248","0","0","22300","0","0","111336","0","1","33568","0","0","5476","0","0","30750","0"
"4","74736276","rs764068835","C","T","E","PASS","NA","","","c.*23C>T","3' UTR","","13","245786","0","5.289e-5","0","15280","0","0","9842","0","0","17248","0","0","22300","0","0","111334","0","13","33566","0","0","5478","0","0","30738","0"
"4","74736277","rs751730223","T","C","E","PASS","NA","","","c.*24T>C","3' UTR","","8","245778","0","3.255e-5","0","15284","0","0","9842","0","0","17248","0","4","22300","0","1","111336","0","3","33564","0","0","5478","0","0","30726","0"
"4","74736285","rs369856007","G","A","E G","PASS","PASS","","","c.*32G>A","3' UTR","","2","276504","0","7.233e-6","2","23994","0","0","10128","0","0","18856","0","0","25770","0","0","126242","0","0","34376","0","0","6452","0","0","30686","0"
"4","74736286","rs781747461","T","C","E","PASS","NA","","","c.*33T>C","3' UTR","","1","245568","0","4.072e-6","0","15270","0","0","9828","0","0","17236","0","0","22282","0","1","111244","0","0","33540","0","0","5472","0","0","30696","0"
"4","74736296",".","A","C","G","NA","PASS","","","c.*43A>C","3' UTR","","1","30972","0","3.229e-5","1","8724","0","0","302","0","0","1622","0","0","3494","0","0","15010","0","0","838","0","0","982","0","0","0","0"
"4","74736299","rs756509914","C","G","E","PASS","NA","","","c.*46C>G","3' UTR","","1","244608","0","4.088e-6","0","15174","0","0","9788","0","0","17188","0","0","22238","0","0","110720","0","0","33474","0","0","5448","0","1","30578","0"
"4","74736310",".","T","C","G","NA","PASS","","","c.*57T>C","3' UTR","","2","30974","0","6.457e-5","1","8728","0","0","302","0","0","1620","0","0","3494","0","1","15010","0","0","838","0","0","982","0","0","0","0"
"4","74736333",".","ACAC","A","G","NA","PASS","","","c.*81_*83delCAC","3' UTR","","1","30984","0","3.227e-5","1","8732","0","0","302","0","0","1622","0","0","3492","0","0","15016","0","0","838","0","0","982","0","0","0","0"
"4","74736337",".","A","G","G","NA","PASS","","","c.*84A>G","3' UTR","","1","30988","0","3.227e-5","1","8734","0","0","302","0","0","1622","0","0","3492","0","0","15018","0","0","838","0","0","982","0","0","0","0"
"4","74736348",".","C","T","G","NA","PASS","","","c.*95C>T","3' UTR","","1","30976","0","3.228e-5","0","8728","0","0","302","0","0","1622","0","0","3490","0","0","15014","0","1","838","0","0","982","0","0","0","0"
"4","74736372","rs772601219","T","C","G","NA","PASS","","","c.*119T>C","3' UTR","","1","30976","0","3.228e-5","1","8728","0","0","302","0","0","1620","0","0","3492","0","0","15014","0","0","838","0","0","982","0","0","0","0"
"4","74736394",".","CTTCTA","C","G","NA","PASS","","","c.*144_*148delCTATT","3' UTR","","1","30952","0","3.231e-5","0","8716","0","0","302","0","0","1622","0","0","3494","0","1","14998","0","0","838","0","0","982","0","0","0","0"
"4","74736427",".","G","T","G","NA","PASS","","","c.*174G>T","3' UTR","","2","30966","0","6.459e-5","2","8726","0","0","302","0","0","1622","0","0","3490","0","0","15008","0","0","836","0","0","982","0","0","0","0"
"4","74736451",".","TAAAA","T","G","NA","PASS","","","c.*199_*202delAAAA","3' UTR","","1","30972","0","3.229e-5","1","8732","0","0","302","0","0","1622","0","0","3490","0","0","15008","0","0","838","0","0","980","0","0","0","0"
"4","74736475",".","C","T","G","NA","PASS","","","c.*222C>T","3' UTR","","1","30980","0","3.228e-5","1","8730","0","0","302","0","0","1622","0","0","3490","0","0","15016","0","0","838","0","0","982","0","0","0","0"
"4","74736524","rs578065961","C","T","G","NA","PASS","","","c.*271C>T","3' UTR","","15","30962","0","0.0004845","15","8726","0","0","302","0","0","1620","0","0","3492","0","0","15006","0","0","836","0","0","980","0","0","0","0"
"4","74736569",".","T","A","G","NA","PASS","","","c.*316T>A","3' UTR","","2","30972","0","6.457e-5","0","8726","0","0","302","0","1","1620","0","1","3492","0","0","15014","0","0","838","0","0","980","0","0","0","0"
"4","74736580",".","G","A","G","NA","PASS","","","c.*327G>A","3' UTR","","3","30968","0","9.687e-5","3","8730","0","0","302","0","0","1622","0","0","3494","0","0","15002","0","0","838","0","0","980","0","0","0","0"
"4","74736585",".","C","T","G","NA","PASS","","","c.*332C>T","3' UTR","","1","30966","0","3.229e-5","0","8728","0","0","302","0","0","1620","0","0","3492","0","1","15006","0","0","836","0","0","982","0","0","0","0"
"4","74736592",".","T","C","G","NA","PASS","","","c.*339T>C","3' UTR","","1","30974","0","3.229e-5","0","8726","0","0","302","0","1","1620","0","0","3494","0","0","15012","0","0","838","0","0","982","0","0","0","0"
"4","74736595","rs762690344","T","C","G","NA","PASS","","","c.*342T>C","3' UTR","","1","30974","0","3.229e-5","0","8730","0","0","302","0","0","1620","0","0","3494","0","1","15008","0","0","838","0","0","982","0","0","0","0"
"4","74736624",".","G","A","G","NA","PASS","","","c.*371G>A","3' UTR","","5","30960","0","0.0001615","5","8726","0","0","302","0","0","1618","0","0","3494","0","0","15004","0","0","838","0","0","978","0","0","0","0"
"4","74736625",".","C","T","G","NA","PASS","","","c.*372C>T","3' UTR","","1","30962","0","3.23e-5","0","8726","0","0","302","0","0","1618","0","0","3494","0","0","15006","0","0","836","0","1","980","0","0","0","0"
"4","74736633",".","T","A","G","NA","PASS","","","c.*380T>A","3' UTR","","1","30972","0","3.229e-5","0","8730","0","0","302","0","0","1620","0","0","3494","0","1","15008","0","0","838","0","0","980","0","0","0","0"
"4","74736635","rs113554285","T","C","G","NA","PASS","","","c.*382T>C","3' UTR","","9","30962","0","0.0002907","8","8724","0","0","302","0","0","1618","0","0","3492","0","0","15012","0","1","838","0","0","976","0","0","0","0"
"4","74736648",".","C","G","G","NA","PASS","","","c.*395C>G","3' UTR","","2","30936","0","6.465e-5","2","8728","0","0","302","0","0","1620","0","0","3492","0","0","14978","0","0","838","0","0","978","0","0","0","0"
"4","74736649","rs371415385","G","A","G","NA","PASS","","","c.*396G>A","3' UTR","","2","30958","0","6.46e-5","0","8724","0","1","302","0","0","1622","0","1","3490","0","0","15004","0","0","838","0","0","978","0","0","0","0"
"4","74736670",".","G","A","G","NA","PASS","","","c.*417G>A","3' UTR","","1","30908","0","3.235e-5","1","8672","0","0","300","0","0","1620","0","0","3492","0","0","15004","0","0","838","0","0","982","0","0","0","0"
"4","74736690","rs566583028","G","C","G","NA","PASS","","","c.*437G>C","3' UTR","","1","30964","0","3.23e-5","0","8722","0","0","302","0","0","1622","0","0","3494","0","1","15008","0","0","834","0","0","982","0","0","0","0"
"4","74736690","rs566583028","GGA","G","G","NA","PASS","","","c.*438_*439delGA","3' UTR","","564","30964","12","0.01821","512","8722","12","2","302","0","18","1622","0","2","3494","0","12","15008","0","5","834","0","13","982","0","0","0","0"
"4","74736694",".","TGTATG","T","G","NA","PASS","","","c.*442_*446delGTATG","3' UTR","","564","30964","12","0.01821","512","8716","12","2","302","0","18","1620","0","2","3494","0","12","15016","0","5","834","0","13","982","0","0","0","0"
"4","74736701",".","G","C","G","NA","PASS","","","c.*448G>C","3' UTR","","567","30964","12","0.01831","514","8718","12","2","302","0","18","1622","0","2","3494","0","12","15012","0","6","834","0","13","982","0","0","0","0"
"4","74736702",".","C","CCTTCT","G","NA","PASS","","","c.*449_*450insCTTCT","3' UTR","","568","30966","12","0.01834","514","8726","12","2","302","0","18","1620","0","2","3494","0","12","15004","0","7","838","0","13","982","0","0","0","0"
"4","74736703","rs112791438","A","G","G","NA","PASS","","","c.*450A>G","3' UTR","","8","30976","0","0.0002583","7","8724","0","0","302","0","0","1620","0","0","3494","0","0","15016","0","1","838","0","0","982","0","0","0","0"
"4","74736703","rs112791438","A","T","G","NA","PASS","","","c.*450A>T","3' UTR","","568","30976","12","0.01834","514","8724","12","2","302","0","18","1620","0","2","3494","0","12","15016","0","7","838","0","13","982","0","0","0","0"
"4","74736713","rs111913680","T","C","G","NA","PASS","","","c.*460T>C","3' UTR","","429","30984","13","0.01385","421","8730","13","0","302","0","0","1622","0","0","3494","0","2","15016","0","3","838","0","3","982","0","0","0","0"
"4","74736714","rs116303802","G","T","G","NA","PASS","","","c.*461G>T","3' UTR","","43","30594","0","0.001406","42","8394","0","0","300","0","0","1606","0","0","3486","0","0","15000","0","0","832","0","1","976","0","0","0","0"
"4","74736718",".","CT","C","G","NA","PASS","","","c.*466delT","3' UTR","","1","30726","0","3.255e-5","0","8502","0","0","302","0","0","1610","0","0","3492","0","1","15006","0","0","836","0","0","978","0","0","0","0"
"4","74736747",".","T","C","G","NA","PASS","","","c.*494T>C","3' UTR","","3","30984","0","9.682e-5","1","8734","0","0","302","0","1","1620","0","0","3492","0","1","15016","0","0","838","0","0","982","0","0","0","0"
"4","74736771",".","T","A","G","NA","PASS","","","c.*518T>A","3' UTR","","1","30974","0","3.229e-5","0","8734","0","0","302","0","0","1622","0","0","3490","0","1","15008","0","0","838","0","0","980","0","0","0","0"
"4","74736785",".","G","A","G","NA","PASS","","","c.*532G>A","3' UTR","","2","30980","0","6.456e-5","2","8730","0","0","302","0","0","1622","0","0","3492","0","0","15014","0","0","838","0","0","982","0","0","0","0"
"4","74736786",".","T","C","G","NA","PASS","","","c.*533T>C","3' UTR","","1","30992","0","3.227e-5","1","8736","0","0","302","0","0","1622","0","0","3494","0","0","15018","0","0","838","0","0","982","0","0","0","0"
"4","74736801","rs556105521","C","G","G","NA","PASS","","","c.*548C>G","3' UTR","","3","30964","0","9.689e-5","1","8734","0","0","302","0","0","1618","0","0","3490","0","2","15000","0","0","838","0","0","982","0","0","0","0"
"4","74736808",".","G","A","G","NA","PASS","","","c.*555G>A","3' UTR","","3","30956","0","9.691e-5","0","8730","0","0","302","0","0","1622","0","0","3486","0","3","14998","0","0","838","0","0","980","0","0","0","0"
"4","74736835",".","G","C","G","NA","PASS","","","c.*582G>C","3' UTR","","7","30954","0","0.0002261","0","8726","0","0","302","0","0","1620","0","0","3490","0","7","14998","0","0","838","0","0","980","0","0","0","0"
"4","74736836",".","T","A","G","NA","PASS","","","c.*583T>A","3' UTR","","1","30990","0","3.227e-5","0","8736","0","0","302","0","0","1620","0","0","3494","0","1","15018","0","0","838","0","0","982","0","0","0","0"
"4","74736844",".","G","A","G","NA","PASS","","","c.*591G>A","3' UTR","","2","30970","0","6.458e-5","0","8730","0","0","302","0","0","1622","0","0","3492","0","2","15008","0","0","838","0","0","978","0","0","0","0"
"4","74736887",".","T","C","G","NA","PASS","","","c.*634T>C","3' UTR","","1","30982","0","3.228e-5","0","8728","0","0","302","0","0","1622","0","0","3494","0","1","15016","0","0","838","0","0","982","0","0","0","0"
"4","74736894",".","G","A","G","NA","PASS","","","c.*641G>A","3' UTR","","1","30966","0","3.229e-5","0","8724","0","0","302","0","0","1620","0","0","3492","0","1","15008","0","0","838","0","0","982","0","0","0","0"
"4","74736905","rs1957068","C","T","G","NA","PASS","","","c.*652C>T","3' UTR","","1326","30944","79","0.04285","1094","8722","79","10","302","0","62","1618","0","12","3492","0","109","14994","0","15","838","0","24","978","0","0","0","0"
"4","74736909",".","A","G","G","NA","PASS","","","c.*656A>G","3' UTR","","1","30964","0","3.23e-5","0","8728","0","0","302","0","0","1622","0","0","3490","0","1","15006","0","0","838","0","0","978","0","0","0","0"
"4","74736915","rs573316994","G","T","G","NA","PASS","","","c.*662G>T","3' UTR","","3","30966","0","9.688e-5","0","8724","0","0","302","0","0","1622","0","0","3492","0","2","15012","0","1","838","0","0","976","0","0","0","0"
"4","74736918",".","GT","G","G","NA","PASS","","","c.*669delT","3' UTR","","1","30964","0","3.23e-5","0","8730","0","0","302","0","0","1622","0","0","3490","0","1","15002","0","0","836","0","0","982","0","0","0","0"
"4","74736936",".","A","G","G","NA","PASS","","","c.*683A>G","3' UTR","","1","30984","0","3.227e-5","0","8734","0","0","302","0","0","1622","0","0","3494","0","1","15014","0","0","838","0","0","980","0","0","0","0"
"4","74736962","rs540839136","C","G","G","NA","PASS","","","","downstream gene","","4","30966","0","0.0001292","4","8728","0","0","302","0","0","1622","0","0","3492","0","0","15006","0","0","836","0","0","980","0","0","0","0"
"4","74736962","rs540839136","C","T","G","NA","PASS","","","","downstream gene","","1","30966","0","3.229e-5","0","8728","0","0","302","0","0","1622","0","0","3492","0","1","15006","0","0","836","0","0","980","0","0","0","0"
"4","74736963",".","G","A","G","NA","PASS","","","","downstream gene","","1","30968","0","3.229e-5","0","8732","0","0","302","0","0","1620","0","0","3492","0","1","15006","0","0","836","0","0","980","0","0","0","0"
"4","74736974",".","G","T","G","NA","PASS","","","","downstream gene","","5","30934","0","0.0001616","5","8718","0","0","302","0","0","1620","0","0","3486","0","0","14990","0","0","838","0","0","980","0","0","0","0"
"4","74737008",".","T","C","G","NA","PASS","","","","downstream gene","","1","30976","0","3.228e-5","0","8736","0","0","302","0","0","1620","0","0","3492","0","1","15006","0","0","838","0","0","982","0","0","0","0"
"4","74737014","rs111301726","T","C","G","NA","PASS","","","","downstream gene","","103","30976","2","0.003325","102","8736","2","0","302","0","0","1620","0","0","3490","0","0","15014","0","0","834","0","1","980","0","0","0","0"
"4","74737026",".","T","C","G","NA","PASS","","","","downstream gene","","1","30974","0","3.229e-5","1","8730","0","0","302","0","0","1622","0","0","3492","0","0","15010","0","0","838","0","0","980","0","0","0","0"