protein,motif,gn
CCR1,MET,gnNTr.Cm23
CCR1,MET,gnNTr.Cm22
CCR1,MET,gnNTr.Cm21
CCR1,ETP,gnNTr.Cm22
CCR1,ETP,gnNTr.Cm21
CCR1,ETP,gnNTr.Cm20
CCR1,TPN,gnNTr.Cm21
CCR1,TPN,gnNTr.Cm20
CCR1,TPN,gnNTr.Cm19
CCR1,PNT,gnNTr.Cm20
CCR1,PNT,gnNTr.Cm19
CCR1,PNT,gnNTr.Cm18
CCR1,NTT,gnNTr.Cm19
CCR1,NTT,gnNTr.Cm18
CCR1,NTT,gnNTr.Cm17
CCR1,TTE,gnNTr.Cm18
CCR1,TTE,gnNTr.Cm17
CCR1,TTE,gnNTr.Cm16
CCR1,TED,gnNTr.Cm17
CCR1,TED,gnNTr.Cm16
CCR1,TED,gnNTr.Cm15
CCR1,EDY,gnNTr.Cm16
CCR1,EDY,gnNTr.Cm15
CCR1,EDY,gnNTr.Cm14
CCR1,DYD,gnNTr.Cm15
CCR1,DYD,gnNTr.Cm14
CCR1,DYD,gnNTr.Cm13
CCR1,YDT,gnNTr.Cm14
CCR1,YDT,gnNTr.Cm13
CCR1,YDT,gnNTr.Cm12
CCR1,DTT,gnNTr.Cm13
CCR1,DTT,gnNTr.Cm12
CCR1,DTT,gnNTr.Cm11
CCR1,TTT,gnNTr.Cm12
CCR1,TTT,gnNTr.Cm11
CCR1,TTT,gnNTr.Cm10
CCR1,TTE,gnNTr.Cm11
CCR1,TTE,gnNTr.Cm10
CCR1,TTE,gnNTr.Cm9
CCR1,TEF,gnNTr.Cm10
CCR1,TEF,gnNTr.Cm9
CCR1,TEF,gnNTr.Cm8
CCR1,EFD,gnNTr.Cm9
CCR1,EFD,gnNTr.Cm8
CCR1,EFD,gnNTr.Cm7
CCR1,FDY,gnNTr.Cm8
CCR1,FDY,gnNTr.Cm7
CCR1,FDY,gnNTr.Cm6
CCR1,DYG,gnNTr.Cm7
CCR1,DYG,gnNTr.Cm6
CCR1,DYG,gnNTr.Cm5
CCR1,YGD,gnNTr.Cm6
CCR1,YGD,gnNTr.Cm5
CCR1,YGD,gnNTr.Cm4
CCR1,GDA,gnNTr.Cm5
CCR1,GDA,gnNTr.Cm4
CCR1,GDA,gnNTr.Cm3
CCR1,DAT,gnNTr.Cm4
CCR1,DAT,gnNTr.Cm3
CCR1,DAT,gnNTr.Cm2
CCR1,ATP,gnNTr.Cm3
CCR1,ATP,gnNTr.Cm2
CCR1,ATP,gnNTr.Cm1
CCR2,MLS,gnNTr.Cm31
CCR2,MLS,gnNTr.Cm30
CCR2,MLS,gnNTr.Cm29
CCR2,LST,gnNTr.Cm30
CCR2,LST,gnNTr.Cm29
CCR2,LST,gnNTr.Cm28
CCR2,STS,gnNTr.Cm29
CCR2,STS,gnNTr.Cm28
CCR2,STS,gnNTr.Cm27
CCR2,TSR,gnNTr.Cm28
CCR2,TSR,gnNTr.Cm27
CCR2,TSR,gnNTr.Cm26
CCR2,SRS,gnNTr.Cm27
CCR2,SRS,gnNTr.Cm26
CCR2,SRS,gnNTr.Cm25
CCR2,RSR,gnNTr.Cm26
CCR2,RSR,gnNTr.Cm25
CCR2,RSR,gnNTr.Cm24
CCR2,SRF,gnNTr.Cm25
CCR2,SRF,gnNTr.Cm24
CCR2,SRF,gnNTr.Cm23
CCR2,RFI,gnNTr.Cm24
CCR2,RFI,gnNTr.Cm23
CCR2,RFI,gnNTr.Cm22
CCR2,FIR,gnNTr.Cm23
CCR2,FIR,gnNTr.Cm22
CCR2,FIR,gnNTr.Cm21
CCR2,IRN,gnNTr.Cm22
CCR2,IRN,gnNTr.Cm21
CCR2,IRN,gnNTr.Cm20
CCR2,RNT,gnNTr.Cm21
CCR2,RNT,gnNTr.Cm20
CCR2,RNT,gnNTr.Cm19
CCR2,NTN,gnNTr.Cm20
CCR2,NTN,gnNTr.Cm19
CCR2,NTN,gnNTr.Cm18
CCR2,TNE,gnNTr.Cm19
CCR2,TNE,gnNTr.Cm18
CCR2,TNE,gnNTr.Cm17
CCR2,NES,gnNTr.Cm18
CCR2,NES,gnNTr.Cm17
CCR2,NES,gnNTr.Cm16
CCR2,ESG,gnNTr.Cm17
CCR2,ESG,gnNTr.Cm16
CCR2,ESG,gnNTr.Cm15
CCR2,SGE,gnNTr.Cm16
CCR2,SGE,gnNTr.Cm15
CCR2,SGE,gnNTr.Cm14
CCR2,GEE,gnNTr.Cm15
CCR2,GEE,gnNTr.Cm14
CCR2,GEE,gnNTr.Cm13
CCR2,EEV,gnNTr.Cm14
CCR2,EEV,gnNTr.Cm13
CCR2,EEV,gnNTr.Cm12
CCR2,EVT,gnNTr.Cm13
CCR2,EVT,gnNTr.Cm12
CCR2,EVT,gnNTr.Cm11
CCR2,VTT,gnNTr.Cm12
CCR2,VTT,gnNTr.Cm11
CCR2,VTT,gnNTr.Cm10
CCR2,TTF,gnNTr.Cm11
CCR2,TTF,gnNTr.Cm10
CCR2,TTF,gnNTr.Cm9
CCR2,TFF,gnNTr.Cm10
CCR2,TFF,gnNTr.Cm9
CCR2,TFF,gnNTr.Cm8
CCR2,FFD,gnNTr.Cm9
CCR2,FFD,gnNTr.Cm8
CCR2,FFD,gnNTr.Cm7
CCR2,FDY,gnNTr.Cm8
CCR2,FDY,gnNTr.Cm7
CCR2,FDY,gnNTr.Cm6
CCR2,DYD,gnNTr.Cm7
CCR2,DYD,gnNTr.Cm6
CCR2,DYD,gnNTr.Cm5
CCR2,YDY,gnNTr.Cm6
CCR2,YDY,gnNTr.Cm5
CCR2,YDY,gnNTr.Cm4
CCR2,DYG,gnNTr.Cm5
CCR2,DYG,gnNTr.Cm4
CCR2,DYG,gnNTr.Cm3
CCR2,YGA,gnNTr.Cm4
CCR2,YGA,gnNTr.Cm3
CCR2,YGA,gnNTr.Cm2
CCR2,GAP,gnNTr.Cm3
CCR2,GAP,gnNTr.Cm2
CCR2,GAP,gnNTr.Cm1
CCR3,MTT,gnNTr.Cm23
CCR3,MTT,gnNTr.Cm22
CCR3,MTT,gnNTr.Cm21
CCR3,TTS,gnNTr.Cm22
CCR3,TTS,gnNTr.Cm21
CCR3,TTS,gnNTr.Cm20
CCR3,TSL,gnNTr.Cm21
CCR3,TSL,gnNTr.Cm20
CCR3,TSL,gnNTr.Cm19
CCR3,SLD,gnNTr.Cm20
CCR3,SLD,gnNTr.Cm19
CCR3,SLD,gnNTr.Cm18
CCR3,LDT,gnNTr.Cm19
CCR3,LDT,gnNTr.Cm18
CCR3,LDT,gnNTr.Cm17
CCR3,DTV,gnNTr.Cm18
CCR3,DTV,gnNTr.Cm17
CCR3,DTV,gnNTr.Cm16
CCR3,TVE,gnNTr.Cm17
CCR3,TVE,gnNTr.Cm16
CCR3,TVE,gnNTr.Cm15
CCR3,VET,gnNTr.Cm16
CCR3,VET,gnNTr.Cm15
CCR3,VET,gnNTr.Cm14
CCR3,ETF,gnNTr.Cm15
CCR3,ETF,gnNTr.Cm14
CCR3,ETF,gnNTr.Cm13
CCR3,TFG,gnNTr.Cm14
CCR3,TFG,gnNTr.Cm13
CCR3,TFG,gnNTr.Cm12
CCR3,FGT,gnNTr.Cm13
CCR3,FGT,gnNTr.Cm12
CCR3,FGT,gnNTr.Cm11
CCR3,GTT,gnNTr.Cm12
CCR3,GTT,gnNTr.Cm11
CCR3,GTT,gnNTr.Cm10
CCR3,TTS,gnNTr.Cm11
CCR3,TTS,gnNTr.Cm10
CCR3,TTS,gnNTr.Cm9
CCR3,TSY,gnNTr.Cm10
CCR3,TSY,gnNTr.Cm9
CCR3,TSY,gnNTr.Cm8
CCR3,SYY,gnNTr.Cm9
CCR3,SYY,gnNTr.Cm8
CCR3,SYY,gnNTr.Cm7
CCR3,YYD,gnNTr.Cm8
CCR3,YYD,gnNTr.Cm7
CCR3,YYD,gnNTr.Cm6
CCR3,YDD,gnNTr.Cm7
CCR3,YDD,gnNTr.Cm6
CCR3,YDD,gnNTr.Cm5
CCR3,DDV,gnNTr.Cm6
CCR3,DDV,gnNTr.Cm5
CCR3,DDV,gnNTr.Cm4
CCR3,DVG,gnNTr.Cm5
CCR3,DVG,gnNTr.Cm4
CCR3,DVG,gnNTr.Cm3
CCR3,VGL,gnNTr.Cm4
CCR3,VGL,gnNTr.Cm3
CCR3,VGL,gnNTr.Cm2
CCR3,GLL,gnNTr.Cm3
CCR3,GLL,gnNTr.Cm2
CCR3,GLL,gnNTr.Cm1
CCR4,MNP,gnNTr.Cm28
CCR4,MNP,gnNTr.Cm27
CCR4,MNP,gnNTr.Cm26
CCR4,NPT,gnNTr.Cm27
CCR4,NPT,gnNTr.Cm26
CCR4,NPT,gnNTr.Cm25
CCR4,PTD,gnNTr.Cm26
CCR4,PTD,gnNTr.Cm25
CCR4,PTD,gnNTr.Cm24
CCR4,TDI,gnNTr.Cm25
CCR4,TDI,gnNTr.Cm24
CCR4,TDI,gnNTr.Cm23
CCR4,DIA,gnNTr.Cm24
CCR4,DIA,gnNTr.Cm23
CCR4,DIA,gnNTr.Cm22
CCR4,IAD,gnNTr.Cm23
CCR4,IAD,gnNTr.Cm22
CCR4,IAD,gnNTr.Cm21
CCR4,ADT,gnNTr.Cm22
CCR4,ADT,gnNTr.Cm21
CCR4,ADT,gnNTr.Cm20
CCR4,DTT,gnNTr.Cm21
CCR4,DTT,gnNTr.Cm20
CCR4,DTT,gnNTr.Cm19
CCR4,TTL,gnNTr.Cm20
CCR4,TTL,gnNTr.Cm19
CCR4,TTL,gnNTr.Cm18
CCR4,TLD,gnNTr.Cm19
CCR4,TLD,gnNTr.Cm18
CCR4,TLD,gnNTr.Cm17
CCR4,LDE,gnNTr.Cm18
CCR4,LDE,gnNTr.Cm17
CCR4,LDE,gnNTr.Cm16
CCR4,DES,gnNTr.Cm17
CCR4,DES,gnNTr.Cm16
CCR4,DES,gnNTr.Cm15
CCR4,ESI,gnNTr.Cm16
CCR4,ESI,gnNTr.Cm15
CCR4,ESI,gnNTr.Cm14
CCR4,SIY,gnNTr.Cm15
CCR4,SIY,gnNTr.Cm14
CCR4,SIY,gnNTr.Cm13
CCR4,IYS,gnNTr.Cm14
CCR4,IYS,gnNTr.Cm13
CCR4,IYS,gnNTr.Cm12
CCR4,YSN,gnNTr.Cm13
CCR4,YSN,gnNTr.Cm12
CCR4,YSN,gnNTr.Cm11
CCR4,SNY,gnNTr.Cm12
CCR4,SNY,gnNTr.Cm11
CCR4,SNY,gnNTr.Cm10
CCR4,NYY,gnNTr.Cm11
CCR4,NYY,gnNTr.Cm10
CCR4,NYY,gnNTr.Cm9
CCR4,YYL,gnNTr.Cm10
CCR4,YYL,gnNTr.Cm9
CCR4,YYL,gnNTr.Cm8
CCR4,YLY,gnNTr.Cm9
CCR4,YLY,gnNTr.Cm8
CCR4,YLY,gnNTr.Cm7
CCR4,LYE,gnNTr.Cm8
CCR4,LYE,gnNTr.Cm7
CCR4,LYE,gnNTr.Cm6
CCR4,YES,gnNTr.Cm7
CCR4,YES,gnNTr.Cm6
CCR4,YES,gnNTr.Cm5
CCR4,ESI,gnNTr.Cm6
CCR4,ESI,gnNTr.Cm5
CCR4,ESI,gnNTr.Cm4
CCR4,SIP,gnNTr.Cm5
CCR4,SIP,gnNTr.Cm4
CCR4,SIP,gnNTr.Cm3
CCR4,IPK,gnNTr.Cm4
CCR4,IPK,gnNTr.Cm3
CCR4,IPK,gnNTr.Cm2
CCR4,PKP,gnNTr.Cm3
CCR4,PKP,gnNTr.Cm2
CCR4,PKP,gnNTr.Cm1
CCR5,MDY,gnNTr.Cm19
CCR5,MDY,gnNTr.Cm18
CCR5,MDY,gnNTr.Cm17
CCR5,DYQ,gnNTr.Cm18
CCR5,DYQ,gnNTr.Cm17
CCR5,DYQ,gnNTr.Cm16
CCR5,YQV,gnNTr.Cm17
CCR5,YQV,gnNTr.Cm16
CCR5,YQV,gnNTr.Cm15
CCR5,QVS,gnNTr.Cm16
CCR5,QVS,gnNTr.Cm15
CCR5,QVS,gnNTr.Cm14
CCR5,VSS,gnNTr.Cm15
CCR5,VSS,gnNTr.Cm14
CCR5,VSS,gnNTr.Cm13
CCR5,SSP,gnNTr.Cm14
CCR5,SSP,gnNTr.Cm13
CCR5,SSP,gnNTr.Cm12
CCR5,SPI,gnNTr.Cm13
CCR5,SPI,gnNTr.Cm12
CCR5,SPI,gnNTr.Cm11
CCR5,PIY,gnNTr.Cm12
CCR5,PIY,gnNTr.Cm11
CCR5,PIY,gnNTr.Cm10
CCR5,IYD,gnNTr.Cm11
CCR5,IYD,gnNTr.Cm10
CCR5,IYD,gnNTr.Cm9
CCR5,YDI,gnNTr.Cm10
CCR5,YDI,gnNTr.Cm9
CCR5,YDI,gnNTr.Cm8
CCR5,DIN,gnNTr.Cm9
CCR5,DIN,gnNTr.Cm8
CCR5,DIN,gnNTr.Cm7
CCR5,INY,gnNTr.Cm8
CCR5,INY,gnNTr.Cm7
CCR5,INY,gnNTr.Cm6
CCR5,NYY,gnNTr.Cm7
CCR5,NYY,gnNTr.Cm6
CCR5,NYY,gnNTr.Cm5
CCR5,YYT,gnNTr.Cm6
CCR5,YYT,gnNTr.Cm5
CCR5,YYT,gnNTr.Cm4
CCR5,YTS,gnNTr.Cm5
CCR5,YTS,gnNTr.Cm4
CCR5,YTS,gnNTr.Cm3
CCR5,TSE,gnNTr.Cm4
CCR5,TSE,gnNTr.Cm3
CCR5,TSE,gnNTr.Cm2
CCR5,SEP,gnNTr.Cm3
CCR5,SEP,gnNTr.Cm2
CCR5,SEP,gnNTr.Cm1
CCR6,MSG,gnNTr.Cm35
CCR6,MSG,gnNTr.Cm34
CCR6,MSG,gnNTr.Cm33
CCR6,SGE,gnNTr.Cm34
CCR6,SGE,gnNTr.Cm33
CCR6,SGE,gnNTr.Cm32
CCR6,GES,gnNTr.Cm33
CCR6,GES,gnNTr.Cm32
CCR6,GES,gnNTr.Cm31
CCR6,ESM,gnNTr.Cm32
CCR6,ESM,gnNTr.Cm31
CCR6,ESM,gnNTr.Cm30
CCR6,SMN,gnNTr.Cm31
CCR6,SMN,gnNTr.Cm30
CCR6,SMN,gnNTr.Cm29
CCR6,MNF,gnNTr.Cm30
CCR6,MNF,gnNTr.Cm29
CCR6,MNF,gnNTr.Cm28
CCR6,NFS,gnNTr.Cm29
CCR6,NFS,gnNTr.Cm28
CCR6,NFS,gnNTr.Cm27
CCR6,FSD,gnNTr.Cm28
CCR6,FSD,gnNTr.Cm27
CCR6,FSD,gnNTr.Cm26
CCR6,SDV,gnNTr.Cm27
CCR6,SDV,gnNTr.Cm26
CCR6,SDV,gnNTr.Cm25
CCR6,DVF,gnNTr.Cm26
CCR6,DVF,gnNTr.Cm25
CCR6,DVF,gnNTr.Cm24
CCR6,VFD,gnNTr.Cm25
CCR6,VFD,gnNTr.Cm24
CCR6,VFD,gnNTr.Cm23
CCR6,FDS,gnNTr.Cm24
CCR6,FDS,gnNTr.Cm23
CCR6,FDS,gnNTr.Cm22
CCR6,DSS,gnNTr.Cm23
CCR6,DSS,gnNTr.Cm22
CCR6,DSS,gnNTr.Cm21
CCR6,SSE,gnNTr.Cm22
CCR6,SSE,gnNTr.Cm21
CCR6,SSE,gnNTr.Cm20
CCR6,SED,gnNTr.Cm21
CCR6,SED,gnNTr.Cm20
CCR6,SED,gnNTr.Cm19
CCR6,EDY,gnNTr.Cm20
CCR6,EDY,gnNTr.Cm19
CCR6,EDY,gnNTr.Cm18
CCR6,DYF,gnNTr.Cm19
CCR6,DYF,gnNTr.Cm18
CCR6,DYF,gnNTr.Cm17
CCR6,YFV,gnNTr.Cm18
CCR6,YFV,gnNTr.Cm17
CCR6,YFV,gnNTr.Cm16
CCR6,FVS,gnNTr.Cm17
CCR6,FVS,gnNTr.Cm16
CCR6,FVS,gnNTr.Cm15
CCR6,VSV,gnNTr.Cm16
CCR6,VSV,gnNTr.Cm15
CCR6,VSV,gnNTr.Cm14
CCR6,SVN,gnNTr.Cm15
CCR6,SVN,gnNTr.Cm14
CCR6,SVN,gnNTr.Cm13
CCR6,VNT,gnNTr.Cm14
CCR6,VNT,gnNTr.Cm13
CCR6,VNT,gnNTr.Cm12
CCR6,NTS,gnNTr.Cm13
CCR6,NTS,gnNTr.Cm12
CCR6,NTS,gnNTr.Cm11
CCR6,TSY,gnNTr.Cm12
CCR6,TSY,gnNTr.Cm11
CCR6,TSY,gnNTr.Cm10
CCR6,SYY,gnNTr.Cm11
CCR6,SYY,gnNTr.Cm10
CCR6,SYY,gnNTr.Cm9
CCR6,YYS,gnNTr.Cm10
CCR6,YYS,gnNTr.Cm9
CCR6,YYS,gnNTr.Cm8
CCR6,YSV,gnNTr.Cm9
CCR6,YSV,gnNTr.Cm8
CCR6,YSV,gnNTr.Cm7
CCR6,SVD,gnNTr.Cm8
CCR6,SVD,gnNTr.Cm7
CCR6,SVD,gnNTr.Cm6
CCR6,VDS,gnNTr.Cm7
CCR6,VDS,gnNTr.Cm6
CCR6,VDS,gnNTr.Cm5
CCR6,DSE,gnNTr.Cm6
CCR6,DSE,gnNTr.Cm5
CCR6,DSE,gnNTr.Cm4
CCR6,SEM,gnNTr.Cm5
CCR6,SEM,gnNTr.Cm4
CCR6,SEM,gnNTr.Cm3
CCR6,EML,gnNTr.Cm4
CCR6,EML,gnNTr.Cm3
CCR6,EML,gnNTr.Cm2
CCR6,MLL,gnNTr.Cm3
CCR6,MLL,gnNTr.Cm2
CCR6,MLL,gnNTr.Cm1
CCR7,MDL,gnNTr.Cm47
CCR7,MDL,gnNTr.Cm46
CCR7,MDL,gnNTr.Cm45
CCR7,DLG,gnNTr.Cm46
CCR7,DLG,gnNTr.Cm45
CCR7,DLG,gnNTr.Cm44
CCR7,LGK,gnNTr.Cm45
CCR7,LGK,gnNTr.Cm44
CCR7,LGK,gnNTr.Cm43
CCR7,GKP,gnNTr.Cm44
CCR7,GKP,gnNTr.Cm43
CCR7,GKP,gnNTr.Cm42
CCR7,KPM,gnNTr.Cm43
CCR7,KPM,gnNTr.Cm42
CCR7,KPM,gnNTr.Cm41
CCR7,PMK,gnNTr.Cm42
CCR7,PMK,gnNTr.Cm41
CCR7,PMK,gnNTr.Cm40
CCR7,MKS,gnNTr.Cm41
CCR7,MKS,gnNTr.Cm40
CCR7,MKS,gnNTr.Cm39
CCR7,KSV,gnNTr.Cm40
CCR7,KSV,gnNTr.Cm39
CCR7,KSV,gnNTr.Cm38
CCR7,SVL,gnNTr.Cm39
CCR7,SVL,gnNTr.Cm38
CCR7,SVL,gnNTr.Cm37
CCR7,VLV,gnNTr.Cm38
CCR7,VLV,gnNTr.Cm37
CCR7,VLV,gnNTr.Cm36
CCR7,LVV,gnNTr.Cm37
CCR7,LVV,gnNTr.Cm36
CCR7,LVV,gnNTr.Cm35
CCR7,VVA,gnNTr.Cm36
CCR7,VVA,gnNTr.Cm35
CCR7,VVA,gnNTr.CM34
CCR7,VAL,gnNTr.Cm35
CCR7,VAL,gnNTr.Cm34
CCR7,VAL,gnNTr.Cm33
CCR7,ALL,gnNTr.Cm34
CCR7,ALL,gnNTr.Cm33
CCR7,ALL,gnNTr.Cm32
CCR7,LLV,gnNTr.Cm33
CCR7,LLV,gnNTr.Cm32
CCR7,LLV,gnNTr.Cm31
CCR7,LVI,gnNTr.Cm32
CCR7,LVI,gnNTr.Cm31
CCR7,LVI,gnNTr.Cm30
CCR7,VIF,gnNTr.Cm31
CCR7,VIF,gnNTr.Cm30
CCR7,VIF,gnNTr.Cm29
CCR7,IFQ,gnNTr.Cm30
CCR7,IFQ,gnNTr.Cm29
CCR7,IFQ,gnNTr.Cm28
CCR7,FQV,gnNTr.Cm29
CCR7,FQV,gnNTr.Cm28
CCR7,FQV,gnNTr.Cm27
CCR7,QVC,gnNTr.Cm28
CCR7,QVC,gnNTr.Cm27
CCR7,QVC,gnNTr.Cm26
CCR7,VCL,gnNTr.Cm27
CCR7,VCL,gnNTr.Cm26
CCR7,VCL,gnNTr.Cm25
CCR7,CLC,gnNTr.Cm26
CCR7,CLC,gnNTr.Cm25
CCR7,CLC,gnNTr.Cm24
CCR7,LCQ,gnNTr.Cm25
CCR7,LCQ,gnNTr.Cm24
CCR7,LCQ,gnNTr.Cm23
CCR7,CQD,gnNTr.Cm24
CCR7,CQD,gnNTr.Cm23
CCR7,CQD,gnNTr.Cm22
CCR7,QDE,gnNTr.Cm23
CCR7,QDE,gnNTr.Cm22
CCR7,QDE,gnNTr.Cm21
CCR7,DEV,gnNTr.Cm22
CCR7,DEV,gnNTr.Cm21
CCR7,DEV,gnNTr.Cm20
CCR7,EVT,gnNTr.Cm21
CCR7,EVT,gnNTr.Cm20
CCR7,EVT,gnNTr.Cm19
CCR7,VTD,gnNTr.Cm20
CCR7,VTD,gnNTr.Cm19
CCR7,VTD,gnNTr.Cm18
CCR7,TDD,gnNTr.Cm19
CCR7,TDD,gnNTr.Cm18
CCR7,TDD,gnNTr.Cm17
CCR7,DDY,gnNTr.Cm18
CCR7,DDY,gnNTr.Cm17
CCR7,DDY,gnNTr.Cm16
CCR7,DYI,gnNTr.Cm17
CCR7,DYI,gnNTr.Cm16
CCR7,DYI,gnNTr.Cm15
CCR7,YIG,gnNTr.Cm16
CCR7,YIG,gnNTr.Cm15
CCR7,YIG,gnNTr.Cm14
CCR7,IGD,gnNTr.Cm15
CCR7,IGD,gnNTr.Cm14
CCR7,IGD,gnNTr.Cm13
CCR7,GDN,gnNTr.Cm14
CCR7,GDN,gnNTr.Cm13
CCR7,GDN,gnNTr.Cm12
CCR7,DNT,gnNTr.Cm13
CCR7,DNT,gnNTr.Cm12
CCR7,DNT,gnNTr.Cm11
CCR7,NTT,gnNTr.Cm12
CCR7,NTT,gnNTr.Cm11
CCR7,NTT,gnNTr.Cm10
CCR7,TTV,gnNTr.Cm11
CCR7,TTV,gnNTr.Cm10
CCR7,TTV,gnNTr.Cm9
CCR7,TVD,gnNTr.Cm10
CCR7,TVD,gnNTr.Cm9
CCR7,TVD,gnNTr.Cm8
CCR7,VDY,gnNTr.Cm9
CCR7,VDY,gnNTr.Cm8
CCR7,VDY,gnNTr.Cm7
CCR7,DYT,gnNTr.Cm8
CCR7,DYT,gnNTr.Cm7
CCR7,DYT,gnNTr.Cm6
CCR7,YTL,gnNTr.Cm7
CCR7,YTL,gnNTr.Cm6
CCR7,YTL,gnNTr.Cm5
CCR7,TLF,gnNTr.Cm6
CCR7,TLF,gnNTr.Cm5
CCR7,TLF,gnNTr.Cm4
CCR7,LFE,gnNTr.Cm5
CCR7,LFE,gnNTr.Cm4
CCR7,LFE,gnNTr.Cm3
CCR7,FES,gnNTr.Cm4
CCR7,FES,gnNTr.Cm3
CCR7,FES,gnNTr.Cm2
CCR7,ESL,gnNTr.Cm3
CCR7,ESL,gnNTr.Cm2
CCR7,ESL,gnNTr.Cm1
CCR8,MDY,gnNTr.Cm24
CCR8,MDY,gnNTr.Cm23
CCR8,MDY,gnNTr.Cm22
CCR8,DYT,gnNTr.Cm23
CCR8,DYT,gnNTr.Cm22
CCR8,DYT,gnNTr.Cm21
CCR8,YTL,gnNTr.Cm22
CCR8,YTL,gnNTr.Cm21
CCR8,YTL,gnNTr.Cm20
CCR8,TLD,gnNTr.Cm21
CCR8,TLD,gnNTr.Cm20
CCR8,TLD,gnNTr.Cm19
CCR8,LDL,gnNTr.Cm20
CCR8,LDL,gnNTr.Cm19
CCR8,LDL,gnNTr.Cm18
CCR8,DLS,gnNTr.Cm19
CCR8,DLS,gnNTr.Cm18
CCR8,DLS,gnNTr.Cm17
CCR8,LSV,gnNTr.Cm18
CCR8,LSV,gnNTr.Cm17
CCR8,LSV,gnNTr.Cm16
CCR8,SVT,gnNTr.Cm17
CCR8,SVT,gnNTr.Cm16
CCR8,SVT,gnNTr.Cm15
CCR8,VTT,gnNTr.Cm16
CCR8,VTT,gnNTr.Cm15
CCR8,VTT,gnNTr.Cm14
CCR8,TTV,gnNTr.Cm15
CCR8,TTV,gnNTr.Cm14
CCR8,TTV,gnNTr.Cm13
CCR8,TVT,gnNTr.Cm14
CCR8,TVT,gnNTr.Cm13
CCR8,TVT,gnNTr.Cm12
CCR8,VTD,gnNTr.Cm13
CCR8,VTD,gnNTr.Cm12
CCR8,VTD,gnNTr.Cm11
CCR8,TDY,gnNTr.Cm12
CCR8,TDY,gnNTr.Cm11
CCR8,TDY,gnNTr.Cm10
CCR8,DYY,gnNTr.Cm11
CCR8,DYY,gnNTr.Cm10
CCR8,DYY,gnNTr.Cm9
CCR8,YYY,gnNTr.Cm10
CCR8,YYY,gnNTr.Cm9
CCR8,YYY,gnNTr.Cm8
CCR8,YYP,gnNTr.Cm9
CCR8,YYP,gnNTr.Cm8
CCR8,YYP,gnNTr.Cm7
CCR8,YPD,gnNTr.Cm8
CCR8,YPD,gnNTr.Cm7
CCR8,YPD,gnNTr.Cm6
CCR8,PDI,gnNTr.Cm7
CCR8,PDI,gnNTr.Cm6
CCR8,PDI,gnNTr.Cm5
CCR8,DIF,gnNTr.Cm6
CCR8,DIF,gnNTr.Cm5
CCR8,DIF,gnNTr.Cm4
CCR8,IFS,gnNTr.Cm5
CCR8,IFS,gnNTr.Cm4
CCR8,IFS,gnNTr.Cm3
CCR8,FSS,gnNTr.Cm4
CCR8,FSS,gnNTr.Cm3
CCR8,FSS,gnNTr.Cm2
CCR8,SSP,gnNTr.Cm3
CCR8,SSP,gnNTr.Cm2
CCR8,SSP,gnNTr.Cm1
CCR9,MTP,gnNTr.Cm37
CCR9,MTP,gnNTr.Cm36
CCR9,MTP,gnNTr.Cm35
CCR9,TPT,gnNTr.Cm36
CCR9,TPT,gnNTr.Cm35
CCR9,TPT,gnNTr.CM34
CCR9,PTD,gnNTr.Cm35
CCR9,PTD,gnNTr.Cm34
CCR9,PTD,gnNTr.Cm33
CCR9,TDF,gnNTr.Cm34
CCR9,TDF,gnNTr.Cm33
CCR9,TDF,gnNTr.Cm32
CCR9,DFT,gnNTr.Cm33
CCR9,DFT,gnNTr.Cm32
CCR9,DFT,gnNTr.Cm31
CCR9,FTS,gnNTr.Cm32
CCR9,FTS,gnNTr.Cm31
CCR9,FTS,gnNTr.Cm30
CCR9,TSP,gnNTr.Cm31
CCR9,TSP,gnNTr.Cm30
CCR9,TSP,gnNTr.Cm29
CCR9,SPI,gnNTr.Cm30
CCR9,SPI,gnNTr.Cm29
CCR9,SPI,gnNTr.Cm28
CCR9,PIP,gnNTr.Cm29
CCR9,PIP,gnNTr.Cm28
CCR9,PIP,gnNTr.Cm27
CCR9,IPN,gnNTr.Cm28
CCR9,IPN,gnNTr.Cm27
CCR9,IPN,gnNTr.Cm26
CCR9,PNM,gnNTr.Cm27
CCR9,PNM,gnNTr.Cm26
CCR9,PNM,gnNTr.Cm25
CCR9,NMA,gnNTr.Cm26
CCR9,NMA,gnNTr.Cm25
CCR9,NMA,gnNTr.Cm24
CCR9,MAD,gnNTr.Cm25
CCR9,MAD,gnNTr.Cm24
CCR9,MAD,gnNTr.Cm23
CCR9,ADD,gnNTr.Cm24
CCR9,ADD,gnNTr.Cm23
CCR9,ADD,gnNTr.Cm22
CCR9,DDY,gnNTr.Cm23
CCR9,DDY,gnNTr.Cm22
CCR9,DDY,gnNTr.Cm21
CCR9,DYG,gnNTr.Cm22
CCR9,DYG,gnNTr.Cm21
CCR9,DYG,gnNTr.Cm20
CCR9,YGS,gnNTr.Cm21
CCR9,YGS,gnNTr.Cm20
CCR9,YGS,gnNTr.Cm19
CCR9,GSE,gnNTr.Cm20
CCR9,GSE,gnNTr.Cm19
CCR9,GSE,gnNTr.Cm18
CCR9,SES,gnNTr.Cm19
CCR9,SES,gnNTr.Cm18
CCR9,SES,gnNTr.Cm17
CCR9,EST,gnNTr.Cm18
CCR9,EST,gnNTr.Cm17
CCR9,EST,gnNTr.Cm16
CCR9,STS,gnNTr.Cm17
CCR9,STS,gnNTr.Cm16
CCR9,STS,gnNTr.Cm15
CCR9,TSS,gnNTr.Cm16
CCR9,TSS,gnNTr.Cm15
CCR9,TSS,gnNTr.Cm14
CCR9,SSM,gnNTr.Cm15
CCR9,SSM,gnNTr.Cm14
CCR9,SSM,gnNTr.Cm13
CCR9,SME,gnNTr.Cm14
CCR9,SME,gnNTr.Cm13
CCR9,SME,gnNTr.Cm12
CCR9,MED,gnNTr.Cm13
CCR9,MED,gnNTr.Cm12
CCR9,MED,gnNTr.Cm11
CCR9,EDY,gnNTr.Cm12
CCR9,EDY,gnNTr.Cm11
CCR9,EDY,gnNTr.Cm10
CCR9,DYV,gnNTr.Cm11
CCR9,DYV,gnNTr.Cm10
CCR9,DYV,gnNTr.Cm9
CCR9,YVN,gnNTr.Cm10
CCR9,YVN,gnNTr.Cm9
CCR9,YVN,gnNTr.Cm8
CCR9,VNF,gnNTr.Cm9
CCR9,VNF,gnNTr.Cm8
CCR9,VNF,gnNTr.Cm7
CCR9,NFN,gnNTr.Cm8
CCR9,NFN,gnNTr.Cm7
CCR9,NFN,gnNTr.Cm6
CCR9,FNF,gnNTr.Cm7
CCR9,FNF,gnNTr.Cm6
CCR9,FNF,gnNTr.Cm5
CCR9,NFT,gnNTr.Cm6
CCR9,NFT,gnNTr.Cm5
CCR9,NFT,gnNTr.Cm4
CCR9,FTD,gnNTr.Cm5
CCR9,FTD,gnNTr.Cm4
CCR9,FTD,gnNTr.Cm3
CCR9,TDF,gnNTr.Cm4
CCR9,TDF,gnNTr.Cm3
CCR9,TDF,gnNTr.Cm2
CCR9,DFY,gnNTr.Cm3
CCR9,DFY,gnNTr.Cm2
CCR9,DFY,gnNTr.Cm1
CCR10,MGT,gnNTr.Cm30
CCR10,MGT,gnNTr.Cm29
CCR10,MGT,gnNTr.Cm28
CCR10,GTE,gnNTr.Cm29
CCR10,GTE,gnNTr.Cm28
CCR10,GTE,gnNTr.Cm27
CCR10,TEA,gnNTr.Cm28
CCR10,TEA,gnNTr.Cm27
CCR10,TEA,gnNTr.Cm26
CCR10,EAT,gnNTr.Cm27
CCR10,EAT,gnNTr.Cm26
CCR10,EAT,gnNTr.Cm25
CCR10,ATE,gnNTr.Cm26
CCR10,ATE,gnNTr.Cm25
CCR10,ATE,gnNTr.Cm24
CCR10,TEQ,gnNTr.Cm25
CCR10,TEQ,gnNTr.Cm24
CCR10,TEQ,gnNTr.Cm23
CCR10,EQV,gnNTr.Cm24
CCR10,EQV,gnNTr.Cm23
CCR10,EQV,gnNTr.Cm22
CCR10,QVS,gnNTr.Cm23
CCR10,QVS,gnNTr.Cm22
CCR10,QVS,gnNTr.Cm21
CCR10,VSW,gnNTr.Cm22
CCR10,VSW,gnNTr.Cm21
CCR10,VSW,gnNTr.Cm20
CCR10,SWG,gnNTr.Cm21
CCR10,SWG,gnNTr.Cm20
CCR10,SWG,gnNTr.Cm19
CCR10,WGH,gnNTr.Cm20
CCR10,WGH,gnNTr.Cm19
CCR10,WGH,gnNTr.Cm18
CCR10,GHY,gnNTr.Cm19
CCR10,GHY,gnNTr.Cm18
CCR10,GHY,gnNTr.Cm17
CCR10,HYS,gnNTr.Cm18
CCR10,HYS,gnNTr.Cm17
CCR10,HYS,gnNTr.Cm16
CCR10,YSG,gnNTr.Cm17
CCR10,YSG,gnNTr.Cm16
CCR10,YSG,gnNTr.Cm15
CCR10,SGD,gnNTr.Cm16
CCR10,SGD,gnNTr.Cm15
CCR10,SGD,gnNTr.Cm14
CCR10,GDE,gnNTr.Cm15
CCR10,GDE,gnNTr.Cm14
CCR10,GDE,gnNTr.Cm13
CCR10,DEE,gnNTr.Cm14
CCR10,DEE,gnNTr.Cm13
CCR10,DEE,gnNTr.Cm12
CCR10,EED,gnNTr.Cm13
CCR10,EED,gnNTr.Cm12
CCR10,EED,gnNTr.Cm11
CCR10,EDA,gnNTr.Cm12
CCR10,EDA,gnNTr.Cm11
CCR10,EDA,gnNTr.Cm10
CCR10,DAY,gnNTr.Cm11
CCR10,DAY,gnNTr.Cm10
CCR10,DAY,gnNTr.Cm9
CCR10,AYS,gnNTr.Cm10
CCR10,AYS,gnNTr.Cm9
CCR10,AYS,gnNTr.Cm8
CCR10,YSA,gnNTr.Cm9
CCR10,YSA,gnNTr.Cm8
CCR10,YSA,gnNTr.Cm7
CCR10,SAE,gnNTr.Cm8
CCR10,SAE,gnNTr.Cm7
CCR10,SAE,gnNTr.Cm6
CCR10,AEP,gnNTr.Cm7
CCR10,AEP,gnNTr.Cm6
CCR10,AEP,gnNTr.Cm5
CCR10,EPL,gnNTr.Cm6
CCR10,EPL,gnNTr.Cm5
CCR10,EPL,gnNTr.Cm4
CCR10,PLP,gnNTr.Cm5
CCR10,PLP,gnNTr.Cm4
CCR10,PLP,gnNTr.Cm3
CCR10,LPE,gnNTr.Cm4
CCR10,LPE,gnNTr.Cm3
CCR10,LPE,gnNTr.Cm2
CCR10,PEL,gnNTr.Cm3
CCR10,PEL,gnNTr.Cm2
CCR10,PEL,gnNTr.Cm1
CXCR1,MSN,gnNTr.Cm29
CXCR1,MSN,gnNTr.Cm28
CXCR1,MSN,gnNTr.Cm27
CXCR1,SNI,gnNTr.Cm28
CXCR1,SNI,gnNTr.Cm27
CXCR1,SNI,gnNTr.Cm26
CXCR1,NIT,gnNTr.Cm27
CXCR1,NIT,gnNTr.Cm26
CXCR1,NIT,gnNTr.Cm25
CXCR1,ITD,gnNTr.Cm26
CXCR1,ITD,gnNTr.Cm25
CXCR1,ITD,gnNTr.Cm24
CXCR1,TDP,gnNTr.Cm25
CXCR1,TDP,gnNTr.Cm24
CXCR1,TDP,gnNTr.Cm23
CXCR1,DPQ,gnNTr.Cm24
CXCR1,DPQ,gnNTr.Cm23
CXCR1,DPQ,gnNTr.Cm22
CXCR1,PQM,gnNTr.Cm23
CXCR1,PQM,gnNTr.Cm22
CXCR1,PQM,gnNTr.Cm21
CXCR1,QMW,gnNTr.Cm22
CXCR1,QMW,gnNTr.Cm21
CXCR1,QMW,gnNTr.Cm20
CXCR1,MWD,gnNTr.Cm21
CXCR1,MWD,gnNTr.Cm20
CXCR1,MWD,gnNTr.Cm19
CXCR1,WDF,gnNTr.Cm20
CXCR1,WDF,gnNTr.Cm19
CXCR1,WDF,gnNTr.Cm18
CXCR1,DFD,gnNTr.Cm19
CXCR1,DFD,gnNTr.Cm18
CXCR1,DFD,gnNTr.Cm17
CXCR1,FDD,gnNTr.Cm18
CXCR1,FDD,gnNTr.Cm17
CXCR1,FDD,gnNTr.Cm16
CXCR1,DDL,gnNTr.Cm17
CXCR1,DDL,gnNTr.Cm16
CXCR1,DDL,gnNTr.Cm15
CXCR1,DLN,gnNTr.Cm16
CXCR1,DLN,gnNTr.Cm15
CXCR1,DLN,gnNTr.Cm14
CXCR1,LNF,gnNTr.Cm15
CXCR1,LNF,gnNTr.Cm14
CXCR1,LNF,gnNTr.Cm13
CXCR1,NFT,gnNTr.Cm14
CXCR1,NFT,gnNTr.Cm13
CXCR1,NFT,gnNTr.Cm12
CXCR1,FTG,gnNTr.Cm13
CXCR1,FTG,gnNTr.Cm12
CXCR1,FTG,gnNTr.Cm11
CXCR1,TGM,gnNTr.Cm12
CXCR1,TGM,gnNTr.Cm11
CXCR1,TGM,gnNTr.Cm10
CXCR1,GMP,gnNTr.Cm11
CXCR1,GMP,gnNTr.Cm10
CXCR1,GMP,gnNTr.Cm9
CXCR1,MPP,gnNTr.Cm10
CXCR1,MPP,gnNTr.Cm9
CXCR1,MPP,gnNTr.Cm8
CXCR1,PPA,gnNTr.Cm9
CXCR1,PPA,gnNTr.Cm8
CXCR1,PPA,gnNTr.Cm7
CXCR1,PAD,gnNTr.Cm8
CXCR1,PAD,gnNTr.Cm7
CXCR1,PAD,gnNTr.Cm6
CXCR1,ADE,gnNTr.Cm7
CXCR1,ADE,gnNTr.Cm6
CXCR1,ADE,gnNTr.Cm5
CXCR1,DED,gnNTr.Cm6
CXCR1,DED,gnNTr.Cm5
CXCR1,DED,gnNTr.Cm4
CXCR1,EDY,gnNTr.Cm5
CXCR1,EDY,gnNTr.Cm4
CXCR1,EDY,gnNTr.Cm3
CXCR1,DYS,gnNTr.Cm4
CXCR1,DYS,gnNTr.Cm3
CXCR1,DYS,gnNTr.Cm2
CXCR1,YSP,gnNTr.Cm3
CXCR1,YSP,gnNTr.Cm2
CXCR1,YSP,gnNTr.Cm1
CXCR2,MED,gnNTr.Cm38
CXCR2,MED,gnNTr.Cm37
CXCR2,MED,gnNTr.Cm36
CXCR2,EDF,gnNTr.Cm37
CXCR2,EDF,gnNTr.Cm36
CXCR2,EDF,gnNTr.Cm35
CXCR2,DFN,gnNTr.Cm36
CXCR2,DFN,gnNTr.Cm35
CXCR2,DFN,gnNTr.CM34
CXCR2,FNM,gnNTr.Cm35
CXCR2,FNM,gnNTr.Cm34
CXCR2,FNM,gnNTr.Cm33
CXCR2,NME,gnNTr.Cm34
CXCR2,NME,gnNTr.Cm33
CXCR2,NME,gnNTr.Cm32
CXCR2,MES,gnNTr.Cm33
CXCR2,MES,gnNTr.Cm32
CXCR2,MES,gnNTr.Cm31
CXCR2,ESD,gnNTr.Cm32
CXCR2,ESD,gnNTr.Cm31
CXCR2,ESD,gnNTr.Cm30
CXCR2,SDS,gnNTr.Cm31
CXCR2,SDS,gnNTr.Cm30
CXCR2,SDS,gnNTr.Cm29
CXCR2,DSF,gnNTr.Cm30
CXCR2,DSF,gnNTr.Cm29
CXCR2,DSF,gnNTr.Cm28
CXCR2,SFE,gnNTr.Cm29
CXCR2,SFE,gnNTr.Cm28
CXCR2,SFE,gnNTr.Cm27
CXCR2,FED,gnNTr.Cm28
CXCR2,FED,gnNTr.Cm27
CXCR2,FED,gnNTr.Cm26
CXCR2,EDF,gnNTr.Cm27
CXCR2,EDF,gnNTr.Cm26
CXCR2,EDF,gnNTr.Cm25
CXCR2,DFW,gnNTr.Cm26
CXCR2,DFW,gnNTr.Cm25
CXCR2,DFW,gnNTr.Cm24
CXCR2,FWK,gnNTr.Cm25
CXCR2,FWK,gnNTr.Cm24
CXCR2,FWK,gnNTr.Cm23
CXCR2,WKG,gnNTr.Cm24
CXCR2,WKG,gnNTr.Cm23
CXCR2,WKG,gnNTr.Cm22
CXCR2,KGE,gnNTr.Cm23
CXCR2,KGE,gnNTr.Cm22
CXCR2,KGE,gnNTr.Cm21
CXCR2,GED,gnNTr.Cm22
CXCR2,GED,gnNTr.Cm21
CXCR2,GED,gnNTr.Cm20
CXCR2,EDL,gnNTr.Cm21
CXCR2,EDL,gnNTr.Cm20
CXCR2,EDL,gnNTr.Cm19
CXCR2,DLS,gnNTr.Cm20
CXCR2,DLS,gnNTr.Cm19
CXCR2,DLS,gnNTr.Cm18
CXCR2,LSN,gnNTr.Cm19
CXCR2,LSN,gnNTr.Cm18
CXCR2,LSN,gnNTr.Cm17
CXCR2,SNY,gnNTr.Cm18
CXCR2,SNY,gnNTr.Cm17
CXCR2,SNY,gnNTr.Cm16
CXCR2,NYS,gnNTr.Cm17
CXCR2,NYS,gnNTr.Cm16
CXCR2,NYS,gnNTr.Cm15
CXCR2,YSY,gnNTr.Cm16
CXCR2,YSY,gnNTr.Cm15
CXCR2,YSY,gnNTr.Cm14
CXCR2,SYS,gnNTr.Cm15
CXCR2,SYS,gnNTr.Cm14
CXCR2,SYS,gnNTr.Cm13
CXCR2,YSS,gnNTr.Cm14
CXCR2,YSS,gnNTr.Cm13
CXCR2,YSS,gnNTr.Cm12
CXCR2,SST,gnNTr.Cm13
CXCR2,SST,gnNTr.Cm12
CXCR2,SST,gnNTr.Cm11
CXCR2,STL,gnNTr.Cm12
CXCR2,STL,gnNTr.Cm11
CXCR2,STL,gnNTr.Cm10
CXCR2,TLP,gnNTr.Cm11
CXCR2,TLP,gnNTr.Cm10
CXCR2,TLP,gnNTr.Cm9
CXCR2,LPP,gnNTr.Cm10
CXCR2,LPP,gnNTr.Cm9
CXCR2,LPP,gnNTr.Cm8
CXCR2,PPF,gnNTr.Cm9
CXCR2,PPF,gnNTr.Cm8
CXCR2,PPF,gnNTr.Cm7
CXCR2,PFL,gnNTr.Cm8
CXCR2,PFL,gnNTr.Cm7
CXCR2,PFL,gnNTr.Cm6
CXCR2,FLL,gnNTr.Cm7
CXCR2,FLL,gnNTr.Cm6
CXCR2,FLL,gnNTr.Cm5
CXCR2,LLD,gnNTr.Cm6
CXCR2,LLD,gnNTr.Cm5
CXCR2,LLD,gnNTr.Cm4
CXCR2,LDA,gnNTr.Cm5
CXCR2,LDA,gnNTr.Cm4
CXCR2,LDA,gnNTr.Cm3
CXCR2,DAA,gnNTr.Cm4
CXCR2,DAA,gnNTr.Cm3
CXCR2,DAA,gnNTr.Cm2
CXCR2,AAP,gnNTr.Cm3
CXCR2,AAP,gnNTr.Cm2
CXCR2,AAP,gnNTr.Cm1
CXCR3,MVL,gnNTr.Cm42
CXCR3,MVL,gnNTr.Cm41
CXCR3,MVL,gnNTr.Cm40
CXCR3,VLE,gnNTr.Cm41
CXCR3,VLE,gnNTr.Cm40
CXCR3,VLE,gnNTr.Cm39
CXCR3,LEV,gnNTr.Cm40
CXCR3,LEV,gnNTr.Cm39
CXCR3,LEV,gnNTr.Cm38
CXCR3,EVS,gnNTr.Cm39
CXCR3,EVS,gnNTr.Cm38
CXCR3,EVS,gnNTr.Cm37
CXCR3,VSD,gnNTr.Cm38
CXCR3,VSD,gnNTr.Cm37
CXCR3,VSD,gnNTr.Cm36
CXCR3,SDH,gnNTr.Cm37
CXCR3,SDH,gnNTr.Cm36
CXCR3,SDH,gnNTr.Cm35
CXCR3,DHQ,gnNTr.Cm36
CXCR3,DHQ,gnNTr.Cm35
CXCR3,DHQ,gnNTr.CM34
CXCR3,HQV,gnNTr.Cm35
CXCR3,HQV,gnNTr.Cm34
CXCR3,HQV,gnNTr.Cm33
CXCR3,QVL,gnNTr.Cm34
CXCR3,QVL,gnNTr.Cm33
CXCR3,QVL,gnNTr.Cm32
CXCR3,VLN,gnNTr.Cm33
CXCR3,VLN,gnNTr.Cm32
CXCR3,VLN,gnNTr.Cm31
CXCR3,LND,gnNTr.Cm32
CXCR3,LND,gnNTr.Cm31
CXCR3,LND,gnNTr.Cm30
CXCR3,NDA,gnNTr.Cm31
CXCR3,NDA,gnNTr.Cm30
CXCR3,NDA,gnNTr.Cm29
CXCR3,DAE,gnNTr.Cm30
CXCR3,DAE,gnNTr.Cm29
CXCR3,DAE,gnNTr.Cm28
CXCR3,AEV,gnNTr.Cm29
CXCR3,AEV,gnNTr.Cm28
CXCR3,AEV,gnNTr.Cm27
CXCR3,EVA,gnNTr.Cm28
CXCR3,EVA,gnNTr.Cm27
CXCR3,EVA,gnNTr.Cm26
CXCR3,VAA,gnNTr.Cm27
CXCR3,VAA,gnNTr.Cm26
CXCR3,VAA,gnNTr.Cm25
CXCR3,AAL,gnNTr.Cm26
CXCR3,AAL,gnNTr.Cm25
CXCR3,AAL,gnNTr.Cm24
CXCR3,ALL,gnNTr.Cm25
CXCR3,ALL,gnNTr.Cm24
CXCR3,ALL,gnNTr.Cm23
CXCR3,LLE,gnNTr.Cm24
CXCR3,LLE,gnNTr.Cm23
CXCR3,LLE,gnNTr.Cm22
CXCR3,LEN,gnNTr.Cm23
CXCR3,LEN,gnNTr.Cm22
CXCR3,LEN,gnNTr.Cm21
CXCR3,ENF,gnNTr.Cm22
CXCR3,ENF,gnNTr.Cm21
CXCR3,ENF,gnNTr.Cm20
CXCR3,NFS,gnNTr.Cm21
CXCR3,NFS,gnNTr.Cm20
CXCR3,NFS,gnNTr.Cm19
CXCR3,FSS,gnNTr.Cm20
CXCR3,FSS,gnNTr.Cm19
CXCR3,FSS,gnNTr.Cm18
CXCR3,SSS,gnNTr.Cm19
CXCR3,SSS,gnNTr.Cm18
CXCR3,SSS,gnNTr.Cm17
CXCR3,SSY,gnNTr.Cm18
CXCR3,SSY,gnNTr.Cm17
CXCR3,SSY,gnNTr.Cm16
CXCR3,SYD,gnNTr.Cm17
CXCR3,SYD,gnNTr.Cm16
CXCR3,SYD,gnNTr.Cm15
CXCR3,YDY,gnNTr.Cm16
CXCR3,YDY,gnNTr.Cm15
CXCR3,YDY,gnNTr.Cm14
CXCR3,DYG,gnNTr.Cm15
CXCR3,DYG,gnNTr.Cm14
CXCR3,DYG,gnNTr.Cm13
CXCR3,YGE,gnNTr.Cm14
CXCR3,YGE,gnNTr.Cm13
CXCR3,YGE,gnNTr.Cm12
CXCR3,GEN,gnNTr.Cm13
CXCR3,GEN,gnNTr.Cm12
CXCR3,GEN,gnNTr.Cm11
CXCR3,ENE,gnNTr.Cm12
CXCR3,ENE,gnNTr.Cm11
CXCR3,ENE,gnNTr.Cm10
CXCR3,NES,gnNTr.Cm11
CXCR3,NES,gnNTr.Cm10
CXCR3,NES,gnNTr.Cm9
CXCR3,ESD,gnNTr.Cm10
CXCR3,ESD,gnNTr.Cm9
CXCR3,ESD,gnNTr.Cm8
CXCR3,SDS,gnNTr.Cm9
CXCR3,SDS,gnNTr.Cm8
CXCR3,SDS,gnNTr.Cm7
CXCR3,DSC,gnNTr.Cm8
CXCR3,DSC,gnNTr.Cm7
CXCR3,DSC,gnNTr.Cm6
CXCR3,SCC,gnNTr.Cm7
CXCR3,SCC,gnNTr.Cm6
CXCR3,SCC,gnNTr.Cm5
CXCR3,CCT,gnNTr.Cm6
CXCR3,CCT,gnNTr.Cm5
CXCR3,CCT,gnNTr.Cm4
CXCR3,CTS,gnNTr.Cm5
CXCR3,CTS,gnNTr.Cm4
CXCR3,CTS,gnNTr.Cm3
CXCR3,TSP,gnNTr.Cm4
CXCR3,TSP,gnNTr.Cm3
CXCR3,TSP,gnNTr.Cm2
CXCR3,SPP,gnNTr.Cm3
CXCR3,SPP,gnNTr.Cm2
CXCR3,SPP,gnNTr.Cm1
CXCR4,MEG,gnNTr.Cm27
CXCR4,MEG,gnNTr.Cm26
CXCR4,MEG,gnNTr.Cm25
CXCR4,EGI,gnNTr.Cm26
CXCR4,EGI,gnNTr.Cm25
CXCR4,EGI,gnNTr.Cm24
CXCR4,GIS,gnNTr.Cm25
CXCR4,GIS,gnNTr.Cm24
CXCR4,GIS,gnNTr.Cm23
CXCR4,ISI,gnNTr.Cm24
CXCR4,ISI,gnNTr.Cm23
CXCR4,ISI,gnNTr.Cm22
CXCR4,SIY,gnNTr.Cm23
CXCR4,SIY,gnNTr.Cm22
CXCR4,SIY,gnNTr.Cm21
CXCR4,IYT,gnNTr.Cm22
CXCR4,IYT,gnNTr.Cm21
CXCR4,IYT,gnNTr.Cm20
CXCR4,YTS,gnNTr.Cm21
CXCR4,YTS,gnNTr.Cm20
CXCR4,YTS,gnNTr.Cm19
CXCR4,TSD,gnNTr.Cm20
CXCR4,TSD,gnNTr.Cm19
CXCR4,TSD,gnNTr.Cm18
CXCR4,SDN,gnNTr.Cm19
CXCR4,SDN,gnNTr.Cm18
CXCR4,SDN,gnNTr.Cm17
CXCR4,DNY,gnNTr.Cm18
CXCR4,DNY,gnNTr.Cm17
CXCR4,DNY,gnNTr.Cm16
CXCR4,NYT,gnNTr.Cm17
CXCR4,NYT,gnNTr.Cm16
CXCR4,NYT,gnNTr.Cm15
CXCR4,YTE,gnNTr.Cm16
CXCR4,YTE,gnNTr.Cm15
CXCR4,YTE,gnNTr.Cm14
CXCR4,TEE,gnNTr.Cm15
CXCR4,TEE,gnNTr.Cm14
CXCR4,TEE,gnNTr.Cm13
CXCR4,EEM,gnNTr.Cm14
CXCR4,EEM,gnNTr.Cm13
CXCR4,EEM,gnNTr.Cm12
CXCR4,EMG,gnNTr.Cm13
CXCR4,EMG,gnNTr.Cm12
CXCR4,EMG,gnNTr.Cm11
CXCR4,MGS,gnNTr.Cm12
CXCR4,MGS,gnNTr.Cm11
CXCR4,MGS,gnNTr.Cm10
CXCR4,GSG,gnNTr.Cm11
CXCR4,GSG,gnNTr.Cm10
CXCR4,GSG,gnNTr.Cm9
CXCR4,SGD,gnNTr.Cm10
CXCR4,SGD,gnNTr.Cm9
CXCR4,SGD,gnNTr.Cm8
CXCR4,GDY,gnNTr.Cm9
CXCR4,GDY,gnNTr.Cm8
CXCR4,GDY,gnNTr.Cm7
CXCR4,DYD,gnNTr.Cm8
CXCR4,DYD,gnNTr.Cm7
CXCR4,DYD,gnNTr.Cm6
CXCR4,YDS,gnNTr.Cm7
CXCR4,YDS,gnNTr.Cm6
CXCR4,YDS,gnNTr.Cm5
CXCR4,DSM,gnNTr.Cm6
CXCR4,DSM,gnNTr.Cm5
CXCR4,DSM,gnNTr.Cm4
CXCR4,SMK,gnNTr.Cm5
CXCR4,SMK,gnNTr.Cm4
CXCR4,SMK,gnNTr.Cm3
CXCR4,MKE,gnNTr.Cm4
CXCR4,MKE,gnNTr.Cm3
CXCR4,MKE,gnNTr.Cm2
CXCR4,KEP,gnNTr.Cm3
CXCR4,KEP,gnNTr.Cm2
CXCR4,KEP,gnNTr.Cm1
CXCR5,MNY,gnNTr.Cm37
CXCR5,MNY,gnNTr.Cm36
CXCR5,MNY,gnNTr.Cm35
CXCR5,NYP,gnNTr.Cm36
CXCR5,NYP,gnNTr.Cm35
CXCR5,NYP,gnNTr.CM34
CXCR5,YPL,gnNTr.Cm35
CXCR5,YPL,gnNTr.Cm34
CXCR5,YPL,gnNTr.Cm33
CXCR5,PLT,gnNTr.Cm34
CXCR5,PLT,gnNTr.Cm33
CXCR5,PLT,gnNTr.Cm32
CXCR5,LTL,gnNTr.Cm33
CXCR5,LTL,gnNTr.Cm32
CXCR5,LTL,gnNTr.Cm31
CXCR5,TLE,gnNTr.Cm32
CXCR5,TLE,gnNTr.Cm31
CXCR5,TLE,gnNTr.Cm30
CXCR5,LEM,gnNTr.Cm31
CXCR5,LEM,gnNTr.Cm30
CXCR5,LEM,gnNTr.Cm29
CXCR5,EMD,gnNTr.Cm30
CXCR5,EMD,gnNTr.Cm29
CXCR5,EMD,gnNTr.Cm28
CXCR5,MDL,gnNTr.Cm29
CXCR5,MDL,gnNTr.Cm28
CXCR5,MDL,gnNTr.Cm27
CXCR5,DLE,gnNTr.Cm28
CXCR5,DLE,gnNTr.Cm27
CXCR5,DLE,gnNTr.Cm26
CXCR5,LEN,gnNTr.Cm27
CXCR5,LEN,gnNTr.Cm26
CXCR5,LEN,gnNTr.Cm25
CXCR5,ENL,gnNTr.Cm26
CXCR5,ENL,gnNTr.Cm25
CXCR5,ENL,gnNTr.Cm24
CXCR5,NLE,gnNTr.Cm25
CXCR5,NLE,gnNTr.Cm24
CXCR5,NLE,gnNTr.Cm23
CXCR5,LED,gnNTr.Cm24
CXCR5,LED,gnNTr.Cm23
CXCR5,LED,gnNTr.Cm22
CXCR5,EDL,gnNTr.Cm23
CXCR5,EDL,gnNTr.Cm22
CXCR5,EDL,gnNTr.Cm21
CXCR5,DLF,gnNTr.Cm22
CXCR5,DLF,gnNTr.Cm21
CXCR5,DLF,gnNTr.Cm20
CXCR5,LFW,gnNTr.Cm21
CXCR5,LFW,gnNTr.Cm20
CXCR5,LFW,gnNTr.Cm19
CXCR5,FWE,gnNTr.Cm20
CXCR5,FWE,gnNTr.Cm19
CXCR5,FWE,gnNTr.Cm18
CXCR5,WEL,gnNTr.Cm19
CXCR5,WEL,gnNTr.Cm18
CXCR5,WEL,gnNTr.Cm17
CXCR5,ELD,gnNTr.Cm18
CXCR5,ELD,gnNTr.Cm17
CXCR5,ELD,gnNTr.Cm16
CXCR5,LDR,gnNTr.Cm17
CXCR5,LDR,gnNTr.Cm16
CXCR5,LDR,gnNTr.Cm15
CXCR5,DRL,gnNTr.Cm16
CXCR5,DRL,gnNTr.Cm15
CXCR5,DRL,gnNTr.Cm14
CXCR5,RLD,gnNTr.Cm15
CXCR5,RLD,gnNTr.Cm14
CXCR5,RLD,gnNTr.Cm13
CXCR5,LDN,gnNTr.Cm14
CXCR5,LDN,gnNTr.Cm13
CXCR5,LDN,gnNTr.Cm12
CXCR5,DNY,gnNTr.Cm13
CXCR5,DNY,gnNTr.Cm12
CXCR5,DNY,gnNTr.Cm11
CXCR5,NYN,gnNTr.Cm12
CXCR5,NYN,gnNTr.Cm11
CXCR5,NYN,gnNTr.Cm10
CXCR5,YND,gnNTr.Cm11
CXCR5,YND,gnNTr.Cm10
CXCR5,YND,gnNTr.Cm9
CXCR5,NDT,gnNTr.Cm10
CXCR5,NDT,gnNTr.Cm9
CXCR5,NDT,gnNTr.Cm8
CXCR5,DTS,gnNTr.Cm9
CXCR5,DTS,gnNTr.Cm8
CXCR5,DTS,gnNTr.Cm7
CXCR5,TSL,gnNTr.Cm8
CXCR5,TSL,gnNTr.Cm7
CXCR5,TSL,gnNTr.Cm6
CXCR5,SLV,gnNTr.Cm7
CXCR5,SLV,gnNTr.Cm6
CXCR5,SLV,gnNTr.Cm5
CXCR5,LVE,gnNTr.Cm6
CXCR5,LVE,gnNTr.Cm5
CXCR5,LVE,gnNTr.Cm4
CXCR5,VEN,gnNTr.Cm5
CXCR5,VEN,gnNTr.Cm4
CXCR5,VEN,gnNTr.Cm3
CXCR5,ENH,gnNTr.Cm4
CXCR5,ENH,gnNTr.Cm3
CXCR5,ENH,gnNTr.Cm2
CXCR5,NHL,gnNTr.Cm3
CXCR5,NHL,gnNTr.Cm2
CXCR5,NHL,gnNTr.Cm1
CXCR6,MAE,gnNTr.Cm23
CXCR6,MAE,gnNTr.Cm22
CXCR6,MAE,gnNTr.Cm21
CXCR6,AEH,gnNTr.Cm22
CXCR6,AEH,gnNTr.Cm21
CXCR6,AEH,gnNTr.Cm20
CXCR6,EHD,gnNTr.Cm21
CXCR6,EHD,gnNTr.Cm20
CXCR6,EHD,gnNTr.Cm19
CXCR6,HDY,gnNTr.Cm20
CXCR6,HDY,gnNTr.Cm19
CXCR6,HDY,gnNTr.Cm18
CXCR6,DYH,gnNTr.Cm19
CXCR6,DYH,gnNTr.Cm18
CXCR6,DYH,gnNTr.Cm17
CXCR6,YHE,gnNTr.Cm18
CXCR6,YHE,gnNTr.Cm17
CXCR6,YHE,gnNTr.Cm16
CXCR6,HED,gnNTr.Cm17
CXCR6,HED,gnNTr.Cm16
CXCR6,HED,gnNTr.Cm15
CXCR6,EDY,gnNTr.Cm16
CXCR6,EDY,gnNTr.Cm15
CXCR6,EDY,gnNTr.Cm14
CXCR6,DYG,gnNTr.Cm15
CXCR6,DYG,gnNTr.Cm14
CXCR6,DYG,gnNTr.Cm13
CXCR6,YGF,gnNTr.Cm14
CXCR6,YGF,gnNTr.Cm13
CXCR6,YGF,gnNTr.Cm12
CXCR6,GFS,gnNTr.Cm13
CXCR6,GFS,gnNTr.Cm12
CXCR6,GFS,gnNTr.Cm11
CXCR6,FSS,gnNTr.Cm12
CXCR6,FSS,gnNTr.Cm11
CXCR6,FSS,gnNTr.Cm10
CXCR6,SSF,gnNTr.Cm11
CXCR6,SSF,gnNTr.Cm10
CXCR6,SSF,gnNTr.Cm9
CXCR6,SFN,gnNTr.Cm10
CXCR6,SFN,gnNTr.Cm9
CXCR6,SFN,gnNTr.Cm8
CXCR6,FND,gnNTr.Cm9
CXCR6,FND,gnNTr.Cm8
CXCR6,FND,gnNTr.Cm7
CXCR6,NDS,gnNTr.Cm8
CXCR6,NDS,gnNTr.Cm7
CXCR6,NDS,gnNTr.Cm6
CXCR6,DSS,gnNTr.Cm7
CXCR6,DSS,gnNTr.Cm6
CXCR6,DSS,gnNTr.Cm5
CXCR6,SSQ,gnNTr.Cm6
CXCR6,SSQ,gnNTr.Cm5
CXCR6,SSQ,gnNTr.Cm4
CXCR6,SQE,gnNTr.Cm5
CXCR6,SQE,gnNTr.Cm4
CXCR6,SQE,gnNTr.Cm3
CXCR6,QEE,gnNTr.Cm4
CXCR6,QEE,gnNTr.Cm3
CXCR6,QEE,gnNTr.Cm2
CXCR6,EEH,gnNTr.Cm3
CXCR6,EEH,gnNTr.Cm2
CXCR6,EEH,gnNTr.Cm1
ACKR1,MGN,gnNTr.Cm50
ACKR1,MGN,gnNTr.Cm49
ACKR1,MGN,gnNTr.Cm48
ACKR1,GNC,gnNTr.Cm49
ACKR1,GNC,gnNTr.Cm48
ACKR1,GNC,gnNTr.Cm47
ACKR1,NCL,gnNTr.Cm48
ACKR1,NCL,gnNTr.Cm47
ACKR1,NCL,gnNTr.Cm46
ACKR1,CLH,gnNTr.Cm47
ACKR1,CLH,gnNTr.Cm46
ACKR1,CLH,gnNTr.Cm45
ACKR1,LHR,gnNTr.Cm46
ACKR1,LHR,gnNTr.Cm45
ACKR1,LHR,gnNTr.Cm44
ACKR1,HRA,gnNTr.Cm45
ACKR1,HRA,gnNTr.Cm44
ACKR1,HRA,gnNTr.Cm43
ACKR1,RAE,gnNTr.Cm44
ACKR1,RAE,gnNTr.Cm43
ACKR1,RAE,gnNTr.Cm42
ACKR1,AEL,gnNTr.Cm43
ACKR1,AEL,gnNTr.Cm42
ACKR1,AEL,gnNTr.Cm41
ACKR1,ELS,gnNTr.Cm42
ACKR1,ELS,gnNTr.Cm41
ACKR1,ELS,gnNTr.Cm40
ACKR1,LSP,gnNTr.Cm41
ACKR1,LSP,gnNTr.Cm40
ACKR1,LSP,gnNTr.Cm39
ACKR1,SPS,gnNTr.Cm40
ACKR1,SPS,gnNTr.Cm39
ACKR1,SPS,gnNTr.Cm38
ACKR1,PST,gnNTr.Cm39
ACKR1,PST,gnNTr.Cm38
ACKR1,PST,gnNTr.Cm37
ACKR1,STE,gnNTr.Cm38
ACKR1,STE,gnNTr.Cm37
ACKR1,STE,gnNTr.Cm36
ACKR1,TEN,gnNTr.Cm37
ACKR1,TEN,gnNTr.Cm36
ACKR1,TEN,gnNTr.Cm35
ACKR1,ENS,gnNTr.Cm36
ACKR1,ENS,gnNTr.Cm35
ACKR1,ENS,gnNTr.CM34
ACKR1,NSS,gnNTr.Cm35
ACKR1,NSS,gnNTr.Cm34
ACKR1,NSS,gnNTr.Cm33
ACKR1,SSQ,gnNTr.Cm34
ACKR1,SSQ,gnNTr.Cm33
ACKR1,SSQ,gnNTr.Cm32
ACKR1,SQL,gnNTr.Cm33
ACKR1,SQL,gnNTr.Cm32
ACKR1,SQL,gnNTr.Cm31
ACKR1,QLD,gnNTr.Cm32
ACKR1,QLD,gnNTr.Cm31
ACKR1,QLD,gnNTr.Cm30
ACKR1,LDF,gnNTr.Cm31
ACKR1,LDF,gnNTr.Cm30
ACKR1,LDF,gnNTr.Cm29
ACKR1,DFE,gnNTr.Cm30
ACKR1,DFE,gnNTr.Cm29
ACKR1,DFE,gnNTr.Cm28
ACKR1,FED,gnNTr.Cm29
ACKR1,FED,gnNTr.Cm28
ACKR1,FED,gnNTr.Cm27
ACKR1,EDV,gnNTr.Cm28
ACKR1,EDV,gnNTr.Cm27
ACKR1,EDV,gnNTr.Cm26
ACKR1,DVW,gnNTr.Cm27
ACKR1,DVW,gnNTr.Cm26
ACKR1,DVW,gnNTr.Cm25
ACKR1,VWN,gnNTr.Cm26
ACKR1,VWN,gnNTr.Cm25
ACKR1,VWN,gnNTr.Cm24
ACKR1,WNS,gnNTr.Cm25
ACKR1,WNS,gnNTr.Cm24
ACKR1,WNS,gnNTr.Cm23
ACKR1,NSS,gnNTr.Cm24
ACKR1,NSS,gnNTr.Cm23
ACKR1,NSS,gnNTr.Cm22
ACKR1,SSY,gnNTr.Cm23
ACKR1,SSY,gnNTr.Cm22
ACKR1,SSY,gnNTr.Cm21
ACKR1,SYG,gnNTr.Cm22
ACKR1,SYG,gnNTr.Cm21
ACKR1,SYG,gnNTr.Cm20
ACKR1,YGV,gnNTr.Cm21
ACKR1,YGV,gnNTr.Cm20
ACKR1,YGV,gnNTr.Cm19
ACKR1,GVN,gnNTr.Cm20
ACKR1,GVN,gnNTr.Cm19
ACKR1,GVN,gnNTr.Cm18
ACKR1,VND,gnNTr.Cm19
ACKR1,VND,gnNTr.Cm18
ACKR1,VND,gnNTr.Cm17
ACKR1,NDS,gnNTr.Cm18
ACKR1,NDS,gnNTr.Cm17
ACKR1,NDS,gnNTr.Cm16
ACKR1,DSF,gnNTr.Cm17
ACKR1,DSF,gnNTr.Cm16
ACKR1,DSF,gnNTr.Cm15
ACKR1,SFP,gnNTr.Cm16
ACKR1,SFP,gnNTr.Cm15
ACKR1,SFP,gnNTr.Cm14
ACKR1,FPD,gnNTr.Cm15
ACKR1,FPD,gnNTr.Cm14
ACKR1,FPD,gnNTr.Cm13
ACKR1,PDG,gnNTr.Cm14
ACKR1,PDG,gnNTr.Cm13
ACKR1,PDG,gnNTr.Cm12
ACKR1,DGD,gnNTr.Cm13
ACKR1,DGD,gnNTr.Cm12
ACKR1,DGD,gnNTr.Cm11
ACKR1,GDY,gnNTr.Cm12
ACKR1,GDY,gnNTr.Cm11
ACKR1,GDY,gnNTr.Cm10
ACKR1,DYG,gnNTr.Cm11
ACKR1,DYG,gnNTr.Cm10
ACKR1,DYG,gnNTr.Cm9
ACKR1,YGA,gnNTr.Cm10
ACKR1,YGA,gnNTr.Cm9
ACKR1,YGA,gnNTr.Cm8
ACKR1,GAN,gnNTr.Cm9
ACKR1,GAN,gnNTr.Cm8
ACKR1,GAN,gnNTr.Cm7
ACKR1,ANL,gnNTr.Cm8
ACKR1,ANL,gnNTr.Cm7
ACKR1,ANL,gnNTr.Cm6
ACKR1,NLE,gnNTr.Cm7
ACKR1,NLE,gnNTr.Cm6
ACKR1,NLE,gnNTr.Cm5
ACKR1,LEA,gnNTr.Cm6
ACKR1,LEA,gnNTr.Cm5
ACKR1,LEA,gnNTr.Cm4
ACKR1,EAA,gnNTr.Cm5
ACKR1,EAA,gnNTr.Cm4
ACKR1,EAA,gnNTr.Cm3
ACKR1,AAA,gnNTr.Cm4
ACKR1,AAA,gnNTr.Cm3
ACKR1,AAA,gnNTr.Cm2
ACKR1,AAP,gnNTr.Cm3
ACKR1,AAP,gnNTr.Cm2
ACKR1,AAP,gnNTr.Cm1
ACKR2,MAA,gnNTr.Cm35
ACKR2,MAA,gnNTr.Cm34
ACKR2,MAA,gnNTr.Cm33
ACKR2,AAT,gnNTr.Cm34
ACKR2,AAT,gnNTr.Cm33
ACKR2,AAT,gnNTr.Cm32
ACKR2,ATA,gnNTr.Cm33
ACKR2,ATA,gnNTr.Cm32
ACKR2,ATA,gnNTr.Cm31
ACKR2,TAS,gnNTr.Cm32
ACKR2,TAS,gnNTr.Cm31
ACKR2,TAS,gnNTr.Cm30
ACKR2,ASP,gnNTr.Cm31
ACKR2,ASP,gnNTr.Cm30
ACKR2,ASP,gnNTr.Cm29
ACKR2,SPQ,gnNTr.Cm30
ACKR2,SPQ,gnNTr.Cm29
ACKR2,SPQ,gnNTr.Cm28
ACKR2,PQP,gnNTr.Cm29
ACKR2,PQP,gnNTr.Cm28
ACKR2,PQP,gnNTr.Cm27
ACKR2,QPL,gnNTr.Cm28
ACKR2,QPL,gnNTr.Cm27
ACKR2,QPL,gnNTr.Cm26
ACKR2,PLA,gnNTr.Cm27
ACKR2,PLA,gnNTr.Cm26
ACKR2,PLA,gnNTr.Cm25
ACKR2,LAT,gnNTr.Cm26
ACKR2,LAT,gnNTr.Cm25
ACKR2,LAT,gnNTr.Cm24
ACKR2,ATE,gnNTr.Cm25
ACKR2,ATE,gnNTr.Cm24
ACKR2,ATE,gnNTr.Cm23
ACKR2,TED,gnNTr.Cm24
ACKR2,TED,gnNTr.Cm23
ACKR2,TED,gnNTr.Cm22
ACKR2,EDA,gnNTr.Cm23
ACKR2,EDA,gnNTr.Cm22
ACKR2,EDA,gnNTr.Cm21
ACKR2,DAD,gnNTr.Cm22
ACKR2,DAD,gnNTr.Cm21
ACKR2,DAD,gnNTr.Cm20
ACKR2,ADS,gnNTr.Cm21
ACKR2,ADS,gnNTr.Cm20
ACKR2,ADS,gnNTr.Cm19
ACKR2,DSE,gnNTr.Cm20
ACKR2,DSE,gnNTr.Cm19
ACKR2,DSE,gnNTr.Cm18
ACKR2,SEN,gnNTr.Cm19
ACKR2,SEN,gnNTr.Cm18
ACKR2,SEN,gnNTr.Cm17
ACKR2,ENS,gnNTr.Cm18
ACKR2,ENS,gnNTr.Cm17
ACKR2,ENS,gnNTr.Cm16
ACKR2,NSS,gnNTr.Cm17
ACKR2,NSS,gnNTr.Cm16
ACKR2,NSS,gnNTr.Cm15
ACKR2,SSF,gnNTr.Cm16
ACKR2,SSF,gnNTr.Cm15
ACKR2,SSF,gnNTr.Cm14
ACKR2,SFY,gnNTr.Cm15
ACKR2,SFY,gnNTr.Cm14
ACKR2,SFY,gnNTr.Cm13
ACKR2,FYY,gnNTr.Cm14
ACKR2,FYY,gnNTr.Cm13
ACKR2,FYY,gnNTr.Cm12
ACKR2,YYY,gnNTr.Cm13
ACKR2,YYY,gnNTr.Cm12
ACKR2,YYY,gnNTr.Cm11
ACKR2,YYD,gnNTr.Cm12
ACKR2,YYD,gnNTr.Cm11
ACKR2,YYD,gnNTr.Cm10
ACKR2,YDY,gnNTr.Cm11
ACKR2,YDY,gnNTr.Cm10
ACKR2,YDY,gnNTr.Cm9
ACKR2,DYL,gnNTr.Cm10
ACKR2,DYL,gnNTr.Cm9
ACKR2,DYL,gnNTr.Cm8
ACKR2,YLD,gnNTr.Cm9
ACKR2,YLD,gnNTr.Cm8
ACKR2,YLD,gnNTr.Cm7
ACKR2,LDE,gnNTr.Cm8
ACKR2,LDE,gnNTr.Cm7
ACKR2,LDE,gnNTr.Cm6
ACKR2,DEV,gnNTr.Cm7
ACKR2,DEV,gnNTr.Cm6
ACKR2,DEV,gnNTr.Cm5
ACKR2,EVA,gnNTr.Cm6
ACKR2,EVA,gnNTr.Cm5
ACKR2,EVA,gnNTr.Cm4
ACKR2,VAF,gnNTr.Cm5
ACKR2,VAF,gnNTr.Cm4
ACKR2,VAF,gnNTr.Cm3
ACKR2,AFM,gnNTr.Cm4
ACKR2,AFM,gnNTr.Cm3
ACKR2,AFM,gnNTr.Cm2
ACKR2,FML,gnNTr.Cm3
ACKR2,FML,gnNTr.Cm2
ACKR2,FML,gnNTr.Cm1
ACKR3,MDL,gnNTr.Cm33
ACKR3,MDL,gnNTr.Cm32
ACKR3,MDL,gnNTr.Cm31
ACKR3,DLH,gnNTr.Cm32
ACKR3,DLH,gnNTr.Cm31
ACKR3,DLH,gnNTr.Cm30
ACKR3,LHL,gnNTr.Cm31
ACKR3,LHL,gnNTr.Cm30
ACKR3,LHL,gnNTr.Cm29
ACKR3,HLF,gnNTr.Cm30
ACKR3,HLF,gnNTr.Cm29
ACKR3,HLF,gnNTr.Cm28
ACKR3,LFD,gnNTr.Cm29
ACKR3,LFD,gnNTr.Cm28
ACKR3,LFD,gnNTr.Cm27
ACKR3,FDY,gnNTr.Cm28
ACKR3,FDY,gnNTr.Cm27
ACKR3,FDY,gnNTr.Cm26
ACKR3,DYS,gnNTr.Cm27
ACKR3,DYS,gnNTr.Cm26
ACKR3,DYS,gnNTr.Cm25
ACKR3,YSE,gnNTr.Cm26
ACKR3,YSE,gnNTr.Cm25
ACKR3,YSE,gnNTr.Cm24
ACKR3,SEP,gnNTr.Cm25
ACKR3,SEP,gnNTr.Cm24
ACKR3,SEP,gnNTr.Cm23
ACKR3,EPG,gnNTr.Cm24
ACKR3,EPG,gnNTr.Cm23
ACKR3,EPG,gnNTr.Cm22
ACKR3,PGN,gnNTr.Cm23
ACKR3,PGN,gnNTr.Cm22
ACKR3,PGN,gnNTr.Cm21
ACKR3,GNF,gnNTr.Cm22
ACKR3,GNF,gnNTr.Cm21
ACKR3,GNF,gnNTr.Cm20
ACKR3,NFS,gnNTr.Cm21
ACKR3,NFS,gnNTr.Cm20
ACKR3,NFS,gnNTr.Cm19
ACKR3,FSD,gnNTr.Cm20
ACKR3,FSD,gnNTr.Cm19
ACKR3,FSD,gnNTr.Cm18
ACKR3,SDI,gnNTr.Cm19
ACKR3,SDI,gnNTr.Cm18
ACKR3,SDI,gnNTr.Cm17
ACKR3,DIS,gnNTr.Cm18
ACKR3,DIS,gnNTr.Cm17
ACKR3,DIS,gnNTr.Cm16
ACKR3,ISW,gnNTr.Cm17
ACKR3,ISW,gnNTr.Cm16
ACKR3,ISW,gnNTr.Cm15
ACKR3,SWP,gnNTr.Cm16
ACKR3,SWP,gnNTr.Cm15
ACKR3,SWP,gnNTr.Cm14
ACKR3,WPC,gnNTr.Cm15
ACKR3,WPC,gnNTr.Cm14
ACKR3,WPC,gnNTr.Cm13
ACKR3,PCN,gnNTr.Cm14
ACKR3,PCN,gnNTr.Cm13
ACKR3,PCN,gnNTr.Cm12
ACKR3,CNS,gnNTr.Cm13
ACKR3,CNS,gnNTr.Cm12
ACKR3,CNS,gnNTr.Cm11
ACKR3,NSS,gnNTr.Cm12
ACKR3,NSS,gnNTr.Cm11
ACKR3,NSS,gnNTr.Cm10
ACKR3,SSD,gnNTr.Cm11
ACKR3,SSD,gnNTr.Cm10
ACKR3,SSD,gnNTr.Cm9
ACKR3,SDC,gnNTr.Cm10
ACKR3,SDC,gnNTr.Cm9
ACKR3,SDC,gnNTr.Cm8
ACKR3,DCI,gnNTr.Cm9
ACKR3,DCI,gnNTr.Cm8
ACKR3,DCI,gnNTr.Cm7
ACKR3,CIV,gnNTr.Cm8
ACKR3,CIV,gnNTr.Cm7
ACKR3,CIV,gnNTr.Cm6
ACKR3,IVV,gnNTr.Cm7
ACKR3,IVV,gnNTr.Cm6
ACKR3,IVV,gnNTr.Cm5
ACKR3,VVD,gnNTr.Cm6
ACKR3,VVD,gnNTr.Cm5
ACKR3,VVD,gnNTr.Cm4
ACKR3,VDT,gnNTr.Cm5
ACKR3,VDT,gnNTr.Cm4
ACKR3,VDT,gnNTr.Cm3
ACKR3,DTV,gnNTr.Cm4
ACKR3,DTV,gnNTr.Cm3
ACKR3,DTV,gnNTr.Cm2
ACKR3,TVM,gnNTr.Cm3
ACKR3,TVM,gnNTr.Cm2
ACKR3,TVM,gnNTr.Cm1
ACKR4,MAL,gnNTr.Cm30
ACKR4,MAL,gnNTr.Cm29
ACKR4,MAL,gnNTr.Cm28
ACKR4,ALE,gnNTr.Cm29
ACKR4,ALE,gnNTr.Cm28
ACKR4,ALE,gnNTr.Cm27
ACKR4,LEQ,gnNTr.Cm28
ACKR4,LEQ,gnNTr.Cm27
ACKR4,LEQ,gnNTr.Cm26
ACKR4,EQN,gnNTr.Cm27
ACKR4,EQN,gnNTr.Cm26
ACKR4,EQN,gnNTr.Cm25
ACKR4,QNQ,gnNTr.Cm26
ACKR4,QNQ,gnNTr.Cm25
ACKR4,QNQ,gnNTr.Cm24
ACKR4,NQS,gnNTr.Cm25
ACKR4,NQS,gnNTr.Cm24
ACKR4,NQS,gnNTr.Cm23
ACKR4,QST,gnNTr.Cm24
ACKR4,QST,gnNTr.Cm23
ACKR4,QST,gnNTr.Cm22
ACKR4,STD,gnNTr.Cm23
ACKR4,STD,gnNTr.Cm22
ACKR4,STD,gnNTr.Cm21
ACKR4,TDY,gnNTr.Cm22
ACKR4,TDY,gnNTr.Cm21
ACKR4,TDY,gnNTr.Cm20
ACKR4,DYY,gnNTr.Cm21
ACKR4,DYY,gnNTr.Cm20
ACKR4,DYY,gnNTr.Cm19
ACKR4,YYY,gnNTr.Cm20
ACKR4,YYY,gnNTr.Cm19
ACKR4,YYY,gnNTr.Cm18
ACKR4,YYE,gnNTr.Cm19
ACKR4,YYE,gnNTr.Cm18
ACKR4,YYE,gnNTr.Cm17
ACKR4,YEE,gnNTr.Cm18
ACKR4,YEE,gnNTr.Cm17
ACKR4,YEE,gnNTr.Cm16
ACKR4,EEN,gnNTr.Cm17
ACKR4,EEN,gnNTr.Cm16
ACKR4,EEN,gnNTr.Cm15
ACKR4,ENE,gnNTr.Cm16
ACKR4,ENE,gnNTr.Cm15
ACKR4,ENE,gnNTr.Cm14
ACKR4,NEM,gnNTr.Cm15
ACKR4,NEM,gnNTr.Cm14
ACKR4,NEM,gnNTr.Cm13
ACKR4,EMN,gnNTr.Cm14
ACKR4,EMN,gnNTr.Cm13
ACKR4,EMN,gnNTr.Cm12
ACKR4,MNG,gnNTr.Cm13
ACKR4,MNG,gnNTr.Cm12
ACKR4,MNG,gnNTr.Cm11
ACKR4,NGT,gnNTr.Cm12
ACKR4,NGT,gnNTr.Cm11
ACKR4,NGT,gnNTr.Cm10
ACKR4,GTY,gnNTr.Cm11
ACKR4,GTY,gnNTr.Cm10
ACKR4,GTY,gnNTr.Cm9
ACKR4,TYD,gnNTr.Cm10
ACKR4,TYD,gnNTr.Cm9
ACKR4,TYD,gnNTr.Cm8
ACKR4,YDY,gnNTr.Cm9
ACKR4,YDY,gnNTr.Cm8
ACKR4,YDY,gnNTr.Cm7
ACKR4,DYS,gnNTr.Cm8
ACKR4,DYS,gnNTr.Cm7
ACKR4,DYS,gnNTr.Cm6
ACKR4,YSQ,gnNTr.Cm7
ACKR4,YSQ,gnNTr.Cm6
ACKR4,YSQ,gnNTr.Cm5
ACKR4,SQY,gnNTr.Cm6
ACKR4,SQY,gnNTr.Cm5
ACKR4,SQY,gnNTr.Cm4
ACKR4,QYE,gnNTr.Cm5
ACKR4,QYE,gnNTr.Cm4
ACKR4,QYE,gnNTr.Cm3
ACKR4,YEL,gnNTr.Cm4
ACKR4,YEL,gnNTr.Cm3
ACKR4,YEL,gnNTr.Cm2
ACKR4,ELI,gnNTr.Cm3
ACKR4,ELI,gnNTr.Cm2
ACKR4,ELI,gnNTr.Cm1
CCRL2,MAN,gnNTr.Cm27
CCRL2,MAN,gnNTr.Cm26
CCRL2,MAN,gnNTr.Cm25
CCRL2,ANY,gnNTr.Cm26
CCRL2,ANY,gnNTr.Cm25
CCRL2,ANY,gnNTr.Cm24
CCRL2,NYT,gnNTr.Cm25
CCRL2,NYT,gnNTr.Cm24
CCRL2,NYT,gnNTr.Cm23
CCRL2,YTL,gnNTr.Cm24
CCRL2,YTL,gnNTr.Cm23
CCRL2,YTL,gnNTr.Cm22
CCRL2,TLA,gnNTr.Cm23
CCRL2,TLA,gnNTr.Cm22
CCRL2,TLA,gnNTr.Cm21
CCRL2,LAP,gnNTr.Cm22
CCRL2,LAP,gnNTr.Cm21
CCRL2,LAP,gnNTr.Cm20
CCRL2,APE,gnNTr.Cm21
CCRL2,APE,gnNTr.Cm20
CCRL2,APE,gnNTr.Cm19
CCRL2,PED,gnNTr.Cm20
CCRL2,PED,gnNTr.Cm19
CCRL2,PED,gnNTr.Cm18
CCRL2,EDE,gnNTr.Cm19
CCRL2,EDE,gnNTr.Cm18
CCRL2,EDE,gnNTr.Cm17
CCRL2,DEY,gnNTr.Cm18
CCRL2,DEY,gnNTr.Cm17
CCRL2,DEY,gnNTr.Cm16
CCRL2,EYD,gnNTr.Cm17
CCRL2,EYD,gnNTr.Cm16
CCRL2,EYD,gnNTr.Cm15
CCRL2,YDV,gnNTr.Cm16
CCRL2,YDV,gnNTr.Cm15
CCRL2,YDV,gnNTr.Cm14
CCRL2,DVL,gnNTr.Cm15
CCRL2,DVL,gnNTr.Cm14
CCRL2,DVL,gnNTr.Cm13
CCRL2,VLI,gnNTr.Cm14
CCRL2,VLI,gnNTr.Cm13
CCRL2,VLI,gnNTr.Cm12
CCRL2,LIE,gnNTr.Cm13
CCRL2,LIE,gnNTr.Cm12
CCRL2,LIE,gnNTr.Cm11
CCRL2,IEG,gnNTr.Cm12
CCRL2,IEG,gnNTr.Cm11
CCRL2,IEG,gnNTr.Cm10
CCRL2,EGE,gnNTr.Cm11
CCRL2,EGE,gnNTr.Cm10
CCRL2,EGE,gnNTr.Cm9
CCRL2,GEL,gnNTr.Cm10
CCRL2,GEL,gnNTr.Cm9
CCRL2,GEL,gnNTr.Cm8
CCRL2,ELE,gnNTr.Cm9
CCRL2,ELE,gnNTr.Cm8
CCRL2,ELE,gnNTr.Cm7
CCRL2,LES,gnNTr.Cm8
CCRL2,LES,gnNTr.Cm7
CCRL2,LES,gnNTr.Cm6
CCRL2,ESD,gnNTr.Cm7
CCRL2,ESD,gnNTr.Cm6
CCRL2,ESD,gnNTr.Cm5
CCRL2,SDE,gnNTr.Cm6
CCRL2,SDE,gnNTr.Cm5
CCRL2,SDE,gnNTr.Cm4
CCRL2,DEA,gnNTr.Cm5
CCRL2,DEA,gnNTr.Cm4
CCRL2,DEA,gnNTr.Cm3
CCRL2,EAE,gnNTr.Cm4
CCRL2,EAE,gnNTr.Cm3
CCRL2,EAE,gnNTr.Cm2
CCRL2,AEQ,gnNTr.Cm3
CCRL2,AEQ,gnNTr.Cm2
CCRL2,AEQ,gnNTr.Cm1
XXCR1,MES,gnNTr.Cm21
XXCR1,MES,gnNTr.Cm20
XXCR1,MES,gnNTr.Cm19
XXCR1,ESS,gnNTr.Cm20
XXCR1,ESS,gnNTr.Cm19
XXCR1,ESS,gnNTr.Cm18
XXCR1,SSG,gnNTr.Cm19
XXCR1,SSG,gnNTr.Cm18
XXCR1,SSG,gnNTr.Cm17
XXCR1,SGN,gnNTr.Cm18
XXCR1,SGN,gnNTr.Cm17
XXCR1,SGN,gnNTr.Cm16
XXCR1,GNP,gnNTr.Cm17
XXCR1,GNP,gnNTr.Cm16
XXCR1,GNP,gnNTr.Cm15
XXCR1,NPE,gnNTr.Cm16
XXCR1,NPE,gnNTr.Cm15
XXCR1,NPE,gnNTr.Cm14
XXCR1,PES,gnNTr.Cm15
XXCR1,PES,gnNTr.Cm14
XXCR1,PES,gnNTr.Cm13
XXCR1,EST,gnNTr.Cm14
XXCR1,EST,gnNTr.Cm13
XXCR1,EST,gnNTr.Cm12
XXCR1,STT,gnNTr.Cm13
XXCR1,STT,gnNTr.Cm12
XXCR1,STT,gnNTr.Cm11
XXCR1,TTF,gnNTr.Cm12
XXCR1,TTF,gnNTr.Cm11
XXCR1,TTF,gnNTr.Cm10
XXCR1,TFF,gnNTr.Cm11
XXCR1,TFF,gnNTr.Cm10
XXCR1,TFF,gnNTr.Cm9
XXCR1,FFY,gnNTr.Cm10
XXCR1,FFY,gnNTr.Cm9
XXCR1,FFY,gnNTr.Cm8
XXCR1,FYY,gnNTr.Cm9
XXCR1,FYY,gnNTr.Cm8
XXCR1,FYY,gnNTr.Cm7
XXCR1,YYD,gnNTr.Cm8
XXCR1,YYD,gnNTr.Cm7
XXCR1,YYD,gnNTr.Cm6
XXCR1,YDL,gnNTr.Cm7
XXCR1,YDL,gnNTr.Cm6
XXCR1,YDL,gnNTr.Cm5
XXCR1,DLQ,gnNTr.Cm6
XXCR1,DLQ,gnNTr.Cm5
XXCR1,DLQ,gnNTr.Cm4
XXCR1,LQS,gnNTr.Cm5
XXCR1,LQS,gnNTr.Cm4
XXCR1,LQS,gnNTr.Cm3
XXCR1,QSQ,gnNTr.Cm4
XXCR1,QSQ,gnNTr.Cm3
XXCR1,QSQ,gnNTr.Cm2
XXCR1,SQP,gnNTr.Cm3
XXCR1,SQP,gnNTr.Cm2
XXCR1,SQP,gnNTr.Cm1
CX3CR1,MDQ,gnNTr.Cm20
CX3CR1,MDQ,gnNTr.Cm19
CX3CR1,MDQ,gnNTr.Cm18
CX3CR1,DQF,gnNTr.Cm19
CX3CR1,DQF,gnNTr.Cm18
CX3CR1,DQF,gnNTr.Cm17
CX3CR1,QFP,gnNTr.Cm18
CX3CR1,QFP,gnNTr.Cm17
CX3CR1,QFP,gnNTr.Cm16
CX3CR1,FPE,gnNTr.Cm17
CX3CR1,FPE,gnNTr.Cm16
CX3CR1,FPE,gnNTr.Cm15
CX3CR1,PES,gnNTr.Cm16
CX3CR1,PES,gnNTr.Cm15
CX3CR1,PES,gnNTr.Cm14
CX3CR1,ESV,gnNTr.Cm15
CX3CR1,ESV,gnNTr.Cm14
CX3CR1,ESV,gnNTr.Cm13
CX3CR1,SVT,gnNTr.Cm14
CX3CR1,SVT,gnNTr.Cm13
CX3CR1,SVT,gnNTr.Cm12
CX3CR1,VTE,gnNTr.Cm13
CX3CR1,VTE,gnNTr.Cm12
CX3CR1,VTE,gnNTr.Cm11
CX3CR1,TEN,gnNTr.Cm12
CX3CR1,TEN,gnNTr.Cm11
CX3CR1,TEN,gnNTr.Cm10
CX3CR1,ENF,gnNTr.Cm11
CX3CR1,ENF,gnNTr.Cm10
CX3CR1,ENF,gnNTr.Cm9
CX3CR1,NFE,gnNTr.Cm10
CX3CR1,NFE,gnNTr.Cm9
CX3CR1,NFE,gnNTr.Cm8
CX3CR1,FEY,gnNTr.Cm9
CX3CR1,FEY,gnNTr.Cm8
CX3CR1,FEY,gnNTr.Cm7
CX3CR1,EYD,gnNTr.Cm8
CX3CR1,EYD,gnNTr.Cm7
CX3CR1,EYD,gnNTr.Cm6
CX3CR1,YDD,gnNTr.Cm7
CX3CR1,YDD,gnNTr.Cm6
CX3CR1,YDD,gnNTr.Cm5
CX3CR1,DDL,gnNTr.Cm6
CX3CR1,DDL,gnNTr.Cm5
CX3CR1,DDL,gnNTr.Cm4
CX3CR1,DLA,gnNTr.Cm5
CX3CR1,DLA,gnNTr.Cm4
CX3CR1,DLA,gnNTr.Cm3
CX3CR1,LAE,gnNTr.Cm4
CX3CR1,LAE,gnNTr.Cm3
CX3CR1,LAE,gnNTr.Cm2
CX3CR1,AEA,gnNTr.Cm3
CX3CR1,AEA,gnNTr.Cm2
CX3CR1,AEA,gnNTr.Cm1