protein,motif,ccn
CCL1,KSM,NTc.Cm9
CCL1,KSM,NTc.Cm8
CCL1,KSM,NTc.Cm7
CCL1,SMQ,NTc.Cm8
CCL1,SMQ,NTc.Cm7
CCL1,SMQ,NTc.Cm6
CCL1,MQV,NTc.Cm7
CCL1,MQV,NTc.Cm6
CCL1,MQV,NTc.Cm5
CCL1,QVP,NTc.Cm6
CCL1,QVP,NTc.Cm5
CCL1,QVP,NTc.Cm4
CCL1,VPF,NTc.Cm5
CCL1,VPF,NTc.Cm4
CCL1,VPF,NTc.Cm3
CCL1,PFS,NTc.Cm4
CCL1,PFS,NTc.Cm3
CCL1,PFS,NTc.Cm2
CCL1,FSR,NTc.Cm3
CCL1,FSR,NTc.Cm2
CCL1,FSR,NTc.Cm1
CCL2,QPD,NTc.Cm10
CCL2,QPD,NTc.Cm9
CCL2,QPD,NTc.Cm8
CCL2,PDA,NTc.Cm9
CCL2,PDA,NTc.Cm8
CCL2,PDA,NTc.Cm7
CCL2,DAI,NTc.Cm8
CCL2,DAI,NTc.Cm7
CCL2,DAI,NTc.Cm6
CCL2,AIN,NTc.Cm7
CCL2,AIN,NTc.Cm6
CCL2,AIN,NTc.Cm5
CCL2,INA,NTc.Cm6
CCL2,INA,NTc.Cm5
CCL2,INA,NTc.Cm4
CCL2,NAP,NTc.Cm5
CCL2,NAP,NTc.Cm4
CCL2,NAP,NTc.Cm3
CCL2,APV,NTc.Cm4
CCL2,APV,NTc.Cm3
CCL2,APV,NTc.Cm2
CCL2,PVT,NTc.Cm3
CCL2,PVT,NTc.Cm2
CCL2,PVT,NTc.Cm1
CCL3,SLA,NTc.Cm9
CCL3,SLA,NTc.Cm8
CCL3,SLA,NTc.Cm7
CCL3,LAA,NTc.Cm8
CCL3,LAA,NTc.Cm7
CCL3,LAA,NTc.Cm6
CCL3,AAD,NTc.Cm7
CCL3,AAD,NTc.Cm6
CCL3,AAD,NTc.Cm5
CCL3,ADT,NTc.Cm6
CCL3,ADT,NTc.Cm5
CCL3,ADT,NTc.Cm4
CCL3,DTP,NTc.Cm5
CCL3,DTP,NTc.Cm4
CCL3,DTP,NTc.Cm3
CCL3,TPT,NTc.Cm4
CCL3,TPT,NTc.Cm3
CCL3,TPT,NTc.Cm2
CCL3,PTA,NTc.Cm3
CCL3,PTA,NTc.Cm2
CCL3,PTA,NTc.Cm1
CCL3L1,APL,NTc.Cm10
CCL3L1,APL,NTc.Cm9
CCL3L1,APL,NTc.Cm8
CCL3L1,PLA,NTc.Cm9
CCL3L1,PLA,NTc.Cm8
CCL3L1,PLA,NTc.Cm7
CCL3L1,LAA,NTc.Cm8
CCL3L1,LAA,NTc.Cm7
CCL3L1,LAA,NTc.Cm6
CCL3L1,AAD,NTc.Cm7
CCL3L1,AAD,NTc.Cm6
CCL3L1,AAD,NTc.Cm5
CCL3L1,ADT,NTc.Cm6
CCL3L1,ADT,NTc.Cm5
CCL3L1,ADT,NTc.Cm4
CCL3L1,DTP,NTc.Cm5
CCL3L1,DTP,NTc.Cm4
CCL3L1,DTP,NTc.Cm3
CCL3L1,TPT,NTc.Cm4
CCL3L1,TPT,NTc.Cm3
CCL3L1,TPT,NTc.Cm2
CCL3L1,PTA,NTc.Cm3
CCL3L1,PTA,NTc.Cm2
CCL3L1,PTA,NTc.Cm1
CCL4,APM,NTc.Cm10
CCL4,APM,NTc.Cm9
CCL4,APM,NTc.Cm8
CCL4,PMG,NTc.Cm9
CCL4,PMG,NTc.Cm8
CCL4,PMG,NTc.Cm7
CCL4,MGS,NTc.Cm8
CCL4,MGS,NTc.Cm7
CCL4,MGS,NTc.Cm6
CCL4,GSD,NTc.Cm7
CCL4,GSD,NTc.Cm6
CCL4,GSD,NTc.Cm5
CCL4,SDP,NTc.Cm6
CCL4,SDP,NTc.Cm5
CCL4,SDP,NTc.Cm4
CCL4,DPP,NTc.Cm5
CCL4,DPP,NTc.Cm4
CCL4,DPP,NTc.Cm3
CCL4,PPT,NTc.Cm4
CCL4,PPT,NTc.Cm3
CCL4,PPT,NTc.Cm2
CCL4,PTA,NTc.Cm3
CCL4,PTA,NTc.Cm2
CCL4,PTA,NTc.Cm1
CCL4L1,APM,NTc.Cm10
CCL4L1,APM,NTc.Cm9
CCL4L1,APM,NTc.Cm8
CCL4L1,PMG,NTc.Cm9
CCL4L1,PMG,NTc.Cm8
CCL4L1,PMG,NTc.Cm7
CCL4L1,MGS,NTc.Cm8
CCL4L1,MGS,NTc.Cm7
CCL4L1,MGS,NTc.Cm6
CCL4L1,GSD,NTc.Cm7
CCL4L1,GSD,NTc.Cm6
CCL4L1,GSD,NTc.Cm5
CCL4L1,SDP,NTc.Cm6
CCL4L1,SDP,NTc.Cm5
CCL4L1,SDP,NTc.Cm4
CCL4L1,DPP,NTc.Cm5
CCL4L1,DPP,NTc.Cm4
CCL4L1,DPP,NTc.Cm3
CCL4L1,PPT,NTc.Cm4
CCL4L1,PPT,NTc.Cm3
CCL4L1,PPT,NTc.Cm2
CCL4L1,PTA,NTc.Cm3
CCL4L1,PTA,NTc.Cm2
CCL4L1,PTA,NTc.Cm1
CCL5,SPY,NTc.Cm9
CCL5,SPY,NTc.Cm8
CCL5,SPY,NTc.Cm7
CCL5,PYS,NTc.Cm8
CCL5,PYS,NTc.Cm7
CCL5,PYS,NTc.Cm6
CCL5,YSS,NTc.Cm7
CCL5,YSS,NTc.Cm6
CCL5,YSS,NTc.Cm5
CCL5,SSD,NTc.Cm6
CCL5,SSD,NTc.Cm5
CCL5,SSD,NTc.Cm4
CCL5,SDT,NTc.Cm5
CCL5,SDT,NTc.Cm4
CCL5,SDT,NTc.Cm3
CCL5,DTT,NTc.Cm4
CCL5,DTT,NTc.Cm3
CCL5,DTT,NTc.Cm2
CCL5,TTP,NTc.Cm3
CCL5,TTP,NTc.Cm2
CCL5,TTP,NTc.Cm1
CCL7,QPV,NTc.Cm10
CCL7,QPV,NTc.Cm9
CCL7,QPV,NTc.Cm8
CCL7,PVG,NTc.Cm9
CCL7,PVG,NTc.Cm8
CCL7,PVG,NTc.Cm7
CCL7,VGI,NTc.Cm8
CCL7,VGI,NTc.Cm7
CCL7,VGI,NTc.Cm6
CCL7,GIN,NTc.Cm7
CCL7,GIN,NTc.Cm6
CCL7,GIN,NTc.Cm5
CCL7,INTc,NTc.Cm6
CCL7,INTc,NTc.Cm5
CCL7,INTc,NTc.Cm4
CCL7,NTcS,NTc.Cm5
CCL7,NTcS,NTc.Cm4
CCL7,NTcS,NTc.Cm3
CCL7,TST,NTc.Cm4
CCL7,TST,NTc.Cm3
CCL7,TST,NTc.Cm2
CCL7,STT,NTc.Cm3
CCL7,STT,NTc.Cm2
CCL7,STT,NTc.Cm1
CCL8,QPD,NTc.Cm10
CCL8,QPD,NTc.Cm9
CCL8,QPD,NTc.Cm8
CCL8,PDS,NTc.Cm9
CCL8,PDS,NTc.Cm8
CCL8,PDS,NTc.Cm7
CCL8,DSV,NTc.Cm8
CCL8,DSV,NTc.Cm7
CCL8,DSV,NTc.Cm6
CCL8,SVS,NTc.Cm7
CCL8,SVS,NTc.Cm6
CCL8,SVS,NTc.Cm5
CCL8,VSI,NTc.Cm6
CCL8,VSI,NTc.Cm5
CCL8,VSI,NTc.Cm4
CCL8,SIP,NTc.Cm5
CCL8,SIP,NTc.Cm4
CCL8,SIP,NTc.Cm3
CCL8,IPI,NTc.Cm4
CCL8,IPI,NTc.Cm3
CCL8,IPI,NTc.Cm2
CCL8,PIT,NTc.Cm3
CCL8,PIT,NTc.Cm2
CCL8,PIT,NTc.Cm1
CCL11,GPA,NTc.Cm10
CCL11,GPA,NTc.Cm9
CCL11,GPA,NTc.Cm8
CCL11,PAS,NTc.Cm9
CCL11,PAS,NTc.Cm8
CCL11,PAS,NTc.Cm7
CCL11,ASV,NTc.Cm8
CCL11,ASV,NTc.Cm7
CCL11,ASV,NTc.Cm6
CCL11,SVP,NTc.Cm7
CCL11,SVP,NTc.Cm6
CCL11,SVP,NTc.Cm5
CCL11,VPT,NTc.Cm6
CCL11,VPT,NTc.Cm5
CCL11,VPT,NTc.Cm4
CCL11,PTT,NTc.Cm5
CCL11,PTT,NTc.Cm4
CCL11,PTT,NTc.Cm3
CCL13,FNP,NTc.Cm17
CCL13,FNP,NTc.Cm16
CCL13,FNP,NTc.Cm15
CCL13,NPQ,NTc.Cm16
CCL13,NPQ,NTc.Cm15
CCL13,NPQ,NTc.Cm14
CCL13,PQG,NTc.Cm15
CCL13,PQG,NTc.Cm14
CCL13,PQG,NTc.Cm13
CCL13,QGL,NTc.Cm14
CCL13,QGL,NTc.Cm13
CCL13,QGL,NTc.Cm12
CCL13,GLA,NTc.Cm13
CCL13,GLA,NTc.Cm12
CCL13,GLA,NTc.Cm11
CCL13,LAQ,NTc.Cm12
CCL13,LAQ,NTc.Cm11
CCL13,LAQ,NTc.Cm10
CCL13,AQP,NTc.Cm11
CCL13,AQP,NTc.Cm10
CCL13,AQP,NTc.Cm9
CCL13,QPD,NTc.Cm10
CCL13,QPD,NTc.Cm9
CCL13,QPD,NTc.Cm8
CCL13,PDA,NTc.Cm9
CCL13,PDA,NTc.Cm8
CCL13,PDA,NTc.Cm7
CCL13,DAL,NTc.Cm8
CCL13,DAL,NTc.Cm7
CCL13,DAL,NTc.Cm6
CCL13,ALN,NTc.Cm7
CCL13,ALN,NTc.Cm6
CCL13,ALN,NTc.Cm5
CCL13,LNV,NTc.Cm6
CCL13,LNV,NTc.Cm5
CCL13,LNV,NTc.Cm4
CCL13,NVP,NTc.Cm5
CCL13,NVP,NTc.Cm4
CCL13,NVP,NTc.Cm3
CCL13,VPS,NTc.Cm4
CCL13,VPS,NTc.Cm3
CCL13,VPS,NTc.Cm2
CCL13,PST,NTc.Cm3
CCL13,PST,NTc.Cm2
CCL13,PST,NTc.Cm1
CCL14,TKT,NTc.Cm31
CCL14,TKT,NTc.Cm30
CCL14,TKT,NTc.Cm29
CCL14,KTE,NTc.Cm30
CCL14,KTE,NTc.Cm29
CCL14,KTE,NTc.Cm28
CCL14,TES,NTc.Cm29
CCL14,TES,NTc.Cm28
CCL14,TES,NTc.Cm27
CCL14,ESS,NTc.Cm28
CCL14,ESS,NTc.Cm27
CCL14,ESS,NTc.Cm26
CCL14,SSS,NTc.Cm27
CCL14,SSS,NTc.Cm26
CCL14,SSS,NTc.Cm25
CCL14,SSQ,NTc.Cm26
CCL14,SSQ,NTc.Cm25
CCL14,SSQ,NTc.Cm24
CCL14,SQT,NTc.Cm25
CCL14,SQT,NTc.Cm24
CCL14,SQT,NTc.Cm23
CCL14,QTG,NTc.Cm24
CCL14,QTG,NTc.Cm23
CCL14,QTG,NTc.Cm22
CCL14,TGG,NTc.Cm23
CCL14,TGG,NTc.Cm22
CCL14,TGG,NTc.Cm21
CCL14,GGK,NTc.Cm22
CCL14,GGK,NTc.Cm21
CCL14,GGK,NTc.Cm20
CCL14,GKP,NTc.Cm21
CCL14,GKP,NTc.Cm20
CCL14,GKP,NTc.Cm19
CCL14,KPK,NTc.Cm20
CCL14,KPK,NTc.Cm19
CCL14,KPK,NTc.Cm18
CCL14,PKV,NTc.Cm19
CCL14,PKV,NTc.Cm18
CCL14,PKV,NTc.Cm17
CCL14,KVV,NTc.Cm18
CCL14,KVV,NTc.Cm17
CCL14,KVV,NTc.Cm16
CCL14,VVK,NTc.Cm17
CCL14,VVK,NTc.Cm16
CCL14,VVK,NTc.Cm15
CCL14,VKI,NTc.Cm16
CCL14,VKI,NTc.Cm15
CCL14,VKI,NTc.Cm14
CCL14,KIQ,NTc.Cm15
CCL14,KIQ,NTc.Cm14
CCL14,KIQ,NTc.Cm13
CCL14,IQL,NTc.Cm14
CCL14,IQL,NTc.Cm13
CCL14,IQL,NTc.Cm12
CCL14,QLK,NTc.Cm13
CCL14,QLK,NTc.Cm12
CCL14,QLK,NTc.Cm11
CCL14,LKL,NTc.Cm12
CCL14,LKL,NTc.Cm11
CCL14,LKL,NTc.Cm10
CCL14,KLV,NTc.Cm11
CCL14,KLV,NTc.Cm10
CCL14,KLV,NTc.Cm9
CCL14,LVG,NTc.Cm10
CCL14,LVG,NTc.Cm9
CCL14,LVG,NTc.Cm8
CCL14,VGG,NTc.Cm9
CCL14,VGG,NTc.Cm8
CCL14,VGG,NTc.Cm7
CCL14,GGP,NTc.Cm8
CCL14,GGP,NTc.Cm7
CCL14,GGP,NTc.Cm6
CCL14,GPY,NTc.Cm7
CCL14,GPY,NTc.Cm6
CCL14,GPY,NTc.Cm5
CCL14,PYH,NTc.Cm6
CCL14,PYH,NTc.Cm5
CCL14,PYH,NTc.Cm4
CCL14,YHP,NTc.Cm5
CCL14,YHP,NTc.Cm4
CCL14,YHP,NTc.Cm3
CCL14,HPS,NTc.Cm4
CCL14,HPS,NTc.Cm3
CCL14,HPS,NTc.Cm2
CCL14,PSE,NTc.Cm3
CCL14,PSE,NTc.Cm2
CCL14,PSE,NTc.Cm1
CCL15,QFT,NTc.Cm31
CCL15,QFT,NTc.Cm30
CCL15,QFT,NTc.Cm29
CCL15,FTN,NTc.Cm30
CCL15,FTN,NTc.Cm29
CCL15,FTN,NTc.Cm28
CCL15,TND,NTc.Cm29
CCL15,TND,NTc.Cm28
CCL15,TND,NTc.Cm27
CCL15,NDA,NTc.Cm28
CCL15,NDA,NTc.Cm27
CCL15,NDA,NTc.Cm26
CCL15,DAE,NTc.Cm27
CCL15,DAE,NTc.Cm26
CCL15,DAE,NTc.Cm25
CCL15,AET,NTc.Cm26
CCL15,AET,NTc.Cm25
CCL15,AET,NTc.Cm24
CCL15,ETE,NTc.Cm25
CCL15,ETE,NTc.Cm24
CCL15,ETE,NTc.Cm23
CCL15,TEL,NTc.Cm24
CCL15,TEL,NTc.Cm23
CCL15,TEL,NTc.Cm22
CCL15,ELM,NTc.Cm23
CCL15,ELM,NTc.Cm22
CCL15,ELM,NTc.Cm21
CCL15,LMM,NTc.Cm22
CCL15,LMM,NTc.Cm21
CCL15,LMM,NTc.Cm20
CCL15,MMS,NTc.Cm21
CCL15,MMS,NTc.Cm20
CCL15,MMS,NTc.Cm19
CCL15,MSK,NTc.Cm20
CCL15,MSK,NTc.Cm19
CCL15,MSK,NTc.Cm18
CCL15,SKL,NTc.Cm19
CCL15,SKL,NTc.Cm18
CCL15,SKL,NTc.Cm17
CCL15,KLP,NTc.Cm18
CCL15,KLP,NTc.Cm17
CCL15,KLP,NTc.Cm16
CCL15,LPL,NTc.Cm17
CCL15,LPL,NTc.Cm16
CCL15,LPL,NTc.Cm15
CCL15,PLE,NTc.Cm16
CCL15,PLE,NTc.Cm15
CCL15,PLE,NTc.Cm14
CCL15,LEN,NTc.Cm15
CCL15,LEN,NTc.Cm14
CCL15,LEN,NTc.Cm13
CCL15,ENP,NTc.Cm14
CCL15,ENP,NTc.Cm13
CCL15,ENP,NTc.Cm12
CCL15,NPV,NTc.Cm13
CCL15,NPV,NTc.Cm12
CCL15,NPV,NTc.Cm11
CCL15,PVV,NTc.Cm12
CCL15,PVV,NTc.Cm11
CCL15,PVV,NTc.Cm10
CCL15,VVL,NTc.Cm11
CCL15,VVL,NTc.Cm10
CCL15,VVL,NTc.Cm9
CCL15,VLN,NTc.Cm10
CCL15,VLN,NTc.Cm9
CCL15,VLN,NTc.Cm8
CCL15,LNS,NTc.Cm9
CCL15,LNS,NTc.Cm8
CCL15,LNS,NTc.Cm7
CCL15,NSF,NTc.Cm8
CCL15,NSF,NTc.Cm7
CCL15,NSF,NTc.Cm6
CCL15,SFH,NTc.Cm7
CCL15,SFH,NTc.Cm6
CCL15,SFH,NTc.Cm5
CCL15,FHF,NTc.Cm6
CCL15,FHF,NTc.Cm5
CCL15,FHF,NTc.Cm4
CCL15,HFA,NTc.Cm5
CCL15,HFA,NTc.Cm4
CCL15,HFA,NTc.Cm3
CCL15,FAA,NTc.Cm4
CCL15,FAA,NTc.Cm3
CCL15,FAA,NTc.Cm2
CCL15,AAD,NTc.Cm3
CCL15,AAD,NTc.Cm2
CCL15,AAD,NTc.Cm1
CCL16,QPK,NTc.Cm13
CCL16,QPK,NTc.Cm12
CCL16,QPK,NTc.Cm11
CCL16,PKV,NTc.Cm12
CCL16,PKV,NTc.Cm11
CCL16,PKV,NTc.Cm10
CCL16,KVP,NTc.Cm11
CCL16,KVP,NTc.Cm10
CCL16,KVP,NTc.Cm9
CCL16,VPE,NTc.Cm10
CCL16,VPE,NTc.Cm9
CCL16,VPE,NTc.Cm8
CCL16,PEW,NTc.Cm9
CCL16,PEW,NTc.Cm8
CCL16,PEW,NTc.Cm7
CCL16,EWV,NTc.Cm8
CCL16,EWV,NTc.Cm7
CCL16,EWV,NTc.Cm6
CCL16,WVN,NTc.Cm7
CCL16,WVN,NTc.Cm6
CCL16,WVN,NTc.Cm5
CCL16,VNTc,NTc.Cm6
CCL16,VNTc,NTc.Cm5
CCL16,VNTc,NTc.Cm4
CCL16,NTcP,NTc.Cm5
CCL16,NTcP,NTc.Cm4
CCL16,NTcP,NTc.Cm3
CCL16,TPS,NTc.Cm4
CCL16,TPS,NTc.Cm3
CCL16,TPS,NTc.Cm2
CCL16,PST,NTc.Cm3
CCL16,PST,NTc.Cm2
CCL16,PST,NTc.Cm1
CCL17,ARG,NTc.Cm9
CCL17,ARG,NTc.Cm8
CCL17,ARG,NTc.Cm7
CCL17,RGT,NTc.Cm8
CCL17,RGT,NTc.Cm7
CCL17,RGT,NTc.Cm6
CCL17,GTN,NTc.Cm7
CCL17,GTN,NTc.Cm6
CCL17,GTN,NTc.Cm5
CCL17,TNV,NTc.Cm6
CCL17,TNV,NTc.Cm5
CCL17,TNV,NTc.Cm4
CCL17,NVG,NTc.Cm5
CCL17,NVG,NTc.Cm4
CCL17,NVG,NTc.Cm3
CCL17,VGR,NTc.Cm4
CCL17,VGR,NTc.Cm3
CCL17,VGR,NTc.Cm2
CCL17,GRE,NTc.Cm3
CCL17,GRE,NTc.Cm2
CCL17,GRE,NTc.Cm1
CCL18,AQV,NTc.Cm9
CCL18,AQV,NTc.Cm8
CCL18,AQV,NTc.Cm7
CCL18,QVG,NTc.Cm8
CCL18,QVG,NTc.Cm7
CCL18,QVG,NTc.Cm6
CCL18,VGT,NTc.Cm7
CCL18,VGT,NTc.Cm6
CCL18,VGT,NTc.Cm5
CCL18,GTN,NTc.Cm6
CCL18,GTN,NTc.Cm5
CCL18,GTN,NTc.Cm4
CCL18,TNK,NTc.Cm5
CCL18,TNK,NTc.Cm4
CCL18,TNK,NTc.Cm3
CCL18,NKE,NTc.Cm4
CCL18,NKE,NTc.Cm3
CCL18,NKE,NTc.Cm2
CCL18,KEL,NTc.Cm3
CCL18,KEL,NTc.Cm2
CCL18,KEL,NTc.Cm1
CCL19,GTN,NTc.Cm7
CCL19,GTN,NTc.Cm6
CCL19,GTN,NTc.Cm5
CCL19,TND,NTc.Cm6
CCL19,TND,NTc.Cm5
CCL19,TND,NTc.Cm4
CCL19,NDA,NTc.Cm5
CCL19,NDA,NTc.Cm4
CCL19,NDA,NTc.Cm3
CCL19,DAE,NTc.Cm4
CCL19,DAE,NTc.Cm3
CCL19,DAE,NTc.Cm2
CCL19,AED,NTc.Cm3
CCL19,AED,NTc.Cm2
CCL19,AED,NTc.Cm1
CCL20,ASN,NTc.Cm5
CCL20,ASN,NTc.Cm4
CCL20,ASN,NTc.Cm3
CCL20,SNF,NTc.Cm4
CCL20,SNF,NTc.Cm3
CCL20,SNF,NTc.Cm2
CCL20,NFD,NTc.Cm3
CCL20,NFD,NTc.Cm2
CCL20,NFD,NTc.Cm1
CCL21,SDG,NTc.Cm7
CCL21,SDG,NTc.Cm6
CCL21,SDG,NTc.Cm5
CCL21,DGG,NTc.Cm6
CCL21,DGG,NTc.Cm5
CCL21,DGG,NTc.Cm4
CCL21,GGA,NTc.Cm5
CCL21,GGA,NTc.Cm4
CCL21,GGA,NTc.Cm3
CCL21,GAQ,NTc.Cm4
CCL21,GAQ,NTc.Cm3
CCL21,GAQ,NTc.Cm2
CCL21,AQD,NTc.Cm3
CCL21,AQD,NTc.Cm2
CCL21,AQD,NTc.Cm1
CCL22,GPY,NTc.Cm11
CCL22,GPY,NTc.Cm10
CCL22,GPY,NTc.Cm9
CCL22,PYG,NTc.Cm10
CCL22,PYG,NTc.Cm9
CCL22,PYG,NTc.Cm8
CCL22,YGA,NTc.Cm9
CCL22,YGA,NTc.Cm8
CCL22,YGA,NTc.Cm7
CCL22,GAN,NTc.Cm8
CCL22,GAN,NTc.Cm7
CCL22,GAN,NTc.Cm6
CCL22,ANM,NTc.Cm7
CCL22,ANM,NTc.Cm6
CCL22,ANM,NTc.Cm5
CCL22,NME,NTc.Cm6
CCL22,NME,NTc.Cm5
CCL22,NME,NTc.Cm4
CCL22,MED,NTc.Cm5
CCL22,MED,NTc.Cm4
CCL22,MED,NTc.Cm3
CCL22,EDS,NTc.Cm4
CCL22,EDS,NTc.Cm3
CCL22,EDS,NTc.Cm2
CCL22,DSV,NTc.Cm3
CCL22,DSV,NTc.Cm2
CCL22,DSV,NTc.Cm1
CCL23,RVT,NTc.Cm49
CCL23,RVT,NTc.Cm48
CCL23,RVT,NTc.Cm47
CCL23,VTK,NTc.Cm48
CCL23,VTK,NTc.Cm47
CCL23,VTK,NTc.Cm46
CCL23,TKD,NTc.Cm47
CCL23,TKD,NTc.Cm46
CCL23,TKD,NTc.Cm45
CCL23,KDA,NTc.Cm46
CCL23,KDA,NTc.Cm45
CCL23,KDA,NTc.Cm44
CCL23,DAE,NTc.Cm45
CCL23,DAE,NTc.Cm44
CCL23,DAE,NTc.Cm43
CCL23,AET,NTc.Cm44
CCL23,AET,NTc.Cm43
CCL23,AET,NTc.Cm42
CCL23,ETE,NTc.Cm43
CCL23,ETE,NTc.Cm42
CCL23,ETE,NTc.Cm41
CCL23,TEF,NTc.Cm42
CCL23,TEF,NTc.Cm41
CCL23,TEF,NTc.Cm40
CCL23,EFM,NTc.Cm41
CCL23,EFM,NTc.Cm40
CCL23,EFM,NTc.Cm39
CCL23,FMM,NTc.Cm40
CCL23,FMM,NTc.Cm39
CCL23,FMM,NTc.Cm38
CCL23,MMS,NTc.Cm39
CCL23,MMS,NTc.Cm38
CCL23,MMS,NTc.Cm37
CCL23,MSK,NTc.Cm38
CCL23,MSK,NTc.Cm37
CCL23,MSK,NTc.Cm36
CCL23,SKL,NTc.Cm37
CCL23,SKL,NTc.Cm36
CCL23,SKL,NTc.Cm35
CCL23,KLP,NTc.Cm36
CCL23,KLP,NTc.Cm35
CCL23,KLP,NTc.Cm34
CCL23,LPL,NTc.Cm35
CCL23,LPL,NTc.Cm34
CCL23,LPL,NTc.Cm33
CCL23,PLE,NTc.Cm34
CCL23,PLE,NTc.Cm33
CCL23,PLE,NTc.Cm32
CCL23,LEN,NTc.Cm33
CCL23,LEN,NTc.Cm32
CCL23,LEN,NTc.Cm31
CCL23,ENP,NTc.Cm32
CCL23,ENP,NTc.Cm31
CCL23,ENP,NTc.Cm30
CCL23,NPV,NTc.Cm31
CCL23,NPV,NTc.Cm30
CCL23,NPV,NTc.Cm29
CCL23,PVL,NTc.Cm30
CCL23,PVL,NTc.Cm29
CCL23,PVL,NTc.Cm28
CCL23,VLL,NTc.Cm29
CCL23,VLL,NTc.Cm28
CCL23,VLL,NTc.Cm27
CCL23,LLD,NTc.Cm28
CCL23,LLD,NTc.Cm27
CCL23,LLD,NTc.Cm26
CCL23,LDM,NTc.Cm27
CCL23,LDM,NTc.Cm26
CCL23,LDM,NTc.Cm25
CCL23,DML,NTc.Cm26
CCL23,DML,NTc.Cm25
CCL23,DML,NTc.Cm24
CCL23,MLW,NTc.Cm25
CCL23,MLW,NTc.Cm24
CCL23,MLW,NTc.Cm23
CCL23,LWR,NTc.Cm24
CCL23,LWR,NTc.Cm23
CCL23,LWR,NTc.Cm22
CCL23,WRR,NTc.Cm23
CCL23,WRR,NTc.Cm22
CCL23,WRR,NTc.Cm21
CCL23,RRK,NTc.Cm22
CCL23,RRK,NTc.Cm21
CCL23,RRK,NTc.Cm20
CCL23,RKI,NTc.Cm21
CCL23,RKI,NTc.Cm20
CCL23,RKI,NTc.Cm19
CCL23,KIG,NTc.Cm20
CCL23,KIG,NTc.Cm19
CCL23,KIG,NTc.Cm18
CCL23,IGP,NTc.Cm19
CCL23,IGP,NTc.Cm18
CCL23,IGP,NTc.Cm17
CCL23,GPQ,NTc.Cm18
CCL23,GPQ,NTc.Cm17
CCL23,GPQ,NTc.Cm16
CCL23,PQM,NTc.Cm17
CCL23,PQM,NTc.Cm16
CCL23,PQM,NTc.Cm15
CCL23,QMT,NTc.Cm16
CCL23,QMT,NTc.Cm15
CCL23,QMT,NTc.Cm14
CCL23,MTL,NTc.Cm15
CCL23,MTL,NTc.Cm14
CCL23,MTL,NTc.Cm13
CCL23,TLS,NTc.Cm14
CCL23,TLS,NTc.Cm13
CCL23,TLS,NTc.Cm12
CCL23,LSH,NTc.Cm13
CCL23,LSH,NTc.Cm12
CCL23,LSH,NTc.Cm11
CCL23,SHA,NTc.Cm12
CCL23,SHA,NTc.Cm11
CCL23,SHA,NTc.Cm10
CCL23,HAA,NTc.Cm11
CCL23,HAA,NTc.Cm10
CCL23,HAA,NTc.Cm9
CCL23,AAG,NTc.Cm10
CCL23,AAG,NTc.Cm9
CCL23,AAG,NTc.Cm8
CCL23,AGF,NTc.Cm9
CCL23,AGF,NTc.Cm8
CCL23,AGF,NTc.Cm7
CCL23,GFH,NTc.Cm8
CCL23,GFH,NTc.Cm7
CCL23,GFH,NTc.Cm6
CCL23,FHA,NTc.Cm7
CCL23,FHA,NTc.Cm6
CCL23,FHA,NTc.Cm5
CCL23,HAT,NTc.Cm6
CCL23,HAT,NTc.Cm5
CCL23,HAT,NTc.Cm4
CCL23,ATS,NTc.Cm5
CCL23,ATS,NTc.Cm4
CCL23,ATS,NTc.Cm3
CCL23,TSA,NTc.Cm4
CCL23,TSA,NTc.Cm3
CCL23,TSA,NTc.Cm2
CCL23,SAD,NTc.Cm3
CCL23,SAD,NTc.Cm2
CCL23,SAD,NTc.Cm1
CCL24,VVI,NTc.Cm6
CCL24,VVI,NTc.Cm5
CCL24,VVI,NTc.Cm4
CCL24,VIP,NTc.Cm5
CCL24,VIP,NTc.Cm4
CCL24,VIP,NTc.Cm3
CCL24,IPS,NTc.Cm4
CCL24,IPS,NTc.Cm3
CCL24,IPS,NTc.Cm2
CCL24,PSP,NTc.Cm3
CCL24,PSP,NTc.Cm2
CCL24,PSP,NTc.Cm1
CCL25,QGV,NTc.Cm6
CCL25,QGV,NTc.Cm5
CCL25,QGV,NTc.Cm4
CCL25,GVF,NTc.Cm5
CCL25,GVF,NTc.Cm4
CCL25,GVF,NTc.Cm3
CCL25,VFE,NTc.Cm4
CCL25,VFE,NTc.Cm3
CCL25,VFE,NTc.Cm2
CCL25,FED,NTc.Cm3
CCL25,FED,NTc.Cm2
CCL25,FED,NTc.Cm1
CCL26,TRG,NTc.Cm9
CCL26,TRG,NTc.Cm8
CCL26,TRG,NTc.Cm7
CCL26,RGS,NTc.Cm8
CCL26,RGS,NTc.Cm7
CCL26,RGS,NTc.Cm6
CCL26,GSD,NTc.Cm7
CCL26,GSD,NTc.Cm6
CCL26,GSD,NTc.Cm5
CCL26,SDI,NTc.Cm6
CCL26,SDI,NTc.Cm5
CCL26,SDI,NTc.Cm4
CCL26,DIS,NTc.Cm5
CCL26,DIS,NTc.Cm4
CCL26,DIS,NTc.Cm3
CCL26,ISK,NTc.Cm4
CCL26,ISK,NTc.Cm3
CCL26,ISK,NTc.Cm2
CCL26,SKT,NTc.Cm3
CCL26,SKT,NTc.Cm2
CCL26,SKT,NTc.Cm1
CCL27,FLL,NTc.Cm8
CCL27,FLL,NTc.Cm7
CCL27,FLL,NTc.Cm6
CCL27,LLP,NTc.Cm7
CCL27,LLP,NTc.Cm6
CCL27,LLP,NTc.Cm5
CCL27,LPP,NTc.Cm6
CCL27,LPP,NTc.Cm5
CCL27,LPP,NTc.Cm4
CCL27,PPS,NTc.Cm5
CCL27,PPS,NTc.Cm4
CCL27,PPS,NTc.Cm3
CCL27,PST,NTc.Cm4
CCL27,PST,NTc.Cm3
CCL27,PST,NTc.Cm2
CCL27,STA,NTc.Cm3
CCL27,STA,NTc.Cm2
CCL27,STA,NTc.Cm1
CCL28,SEA,NTc.Cm10
CCL28,SEA,NTc.Cm9
CCL28,SEA,NTc.Cm8
CCL28,EAI,NTc.Cm9
CCL28,EAI,NTc.Cm8
CCL28,EAI,NTc.Cm7
CCL28,AIL,NTc.Cm8
CCL28,AIL,NTc.Cm7
CCL28,AIL,NTc.Cm6
CCL28,ILP,NTc.Cm7
CCL28,ILP,NTc.Cm6
CCL28,ILP,NTc.Cm5
CCL28,LPI,NTc.Cm6
CCL28,LPI,NTc.Cm5
CCL28,LPI,NTc.Cm4
CCL28,PIA,NTc.Cm5
CCL28,PIA,NTc.Cm4
CCL28,PIA,NTc.Cm3
CCL28,IAS,NTc.Cm4
CCL28,IAS,NTc.Cm3
CCL28,IAS,NTc.Cm2
CCL28,ASS,NTc.Cm3
CCL28,ASS,NTc.Cm2
CCL28,ASS,NTc.Cm1
CXCL1,ASV,NTc.Cm8
CXCL1,ASV,NTc.Cm7
CXCL1,ASV,NTc.Cm6
CXCL1,SVA,NTc.Cm7
CXCL1,SVA,NTc.Cm6
CXCL1,SVA,NTc.Cm5
CXCL1,VAT,NTc.Cm6
CXCL1,VAT,NTc.Cm5
CXCL1,VAT,NTc.Cm4
CXCL1,ATE,NTc.Cm5
CXCL1,ATE,NTc.Cm4
CXCL1,ATE,NTc.Cm3
CXCL1,TEL,NTc.Cm4
CXCL1,TEL,NTc.Cm3
CXCL1,TEL,NTc.Cm2
CXCL1,ELR,NTc.Cm3
CXCL1,ELR,NTc.Cm2
CXCL1,ELR,NTc.Cm1
CXCL2,APL,NTc.Cm8
CXCL2,APL,NTc.Cm7
CXCL2,APL,NTc.Cm6
CXCL2,PLA,NTc.Cm7
CXCL2,PLA,NTc.Cm6
CXCL2,PLA,NTc.Cm5
CXCL2,LAT,NTc.Cm6
CXCL2,LAT,NTc.Cm5
CXCL2,LAT,NTc.Cm4
CXCL2,ATE,NTc.Cm5
CXCL2,ATE,NTc.Cm4
CXCL2,ATE,NTc.Cm3
CXCL2,TEL,NTc.Cm4
CXCL2,TEL,NTc.Cm3
CXCL2,TEL,NTc.Cm2
CXCL2,ELR,NTc.Cm3
CXCL2,ELR,NTc.Cm2
CXCL2,ELR,NTc.Cm1
CXCL3,ASV,NTc.Cm8
CXCL3,ASV,NTc.Cm7
CXCL3,ASV,NTc.Cm6
CXCL3,SVV,NTc.Cm7
CXCL3,SVV,NTc.Cm6
CXCL3,SVV,NTc.Cm5
CXCL3,VVT,NTc.Cm6
CXCL3,VVT,NTc.Cm5
CXCL3,VVT,NTc.Cm4
CXCL3,VTE,NTc.Cm5
CXCL3,VTE,NTc.Cm4
CXCL3,VTE,NTc.Cm3
CXCL3,TEL,NTc.Cm4
CXCL3,TEL,NTc.Cm3
CXCL3,TEL,NTc.Cm2
CXCL3,ELR,NTc.Cm3
CXCL3,ELR,NTc.Cm2
CXCL3,ELR,NTc.Cm1
CXCL4,EAE,NTc.Cm9
CXCL4,EAE,NTc.Cm8
CXCL4,EAE,NTc.Cm7
CXCL4,AEE,NTc.Cm8
CXCL4,AEE,NTc.Cm7
CXCL4,AEE,NTc.Cm6
CXCL4,EED,NTc.Cm7
CXCL4,EED,NTc.Cm6
CXCL4,EED,NTc.Cm5
CXCL4,EDG,NTc.Cm6
CXCL4,EDG,NTc.Cm5
CXCL4,EDG,NTc.Cm4
CXCL4,DGD,NTc.Cm5
CXCL4,DGD,NTc.Cm4
CXCL4,DGD,NTc.Cm3
CXCL4,GDL,NTc.Cm4
CXCL4,GDL,NTc.Cm3
CXCL4,GDL,NTc.Cm2
CXCL4,DLQ,NTc.Cm3
CXCL4,DLQ,NTc.Cm2
CXCL4,DLQ,NTc.Cm1
CXCL4L1,FAR,NTc.Cm13
CXCL4L1,FAR,NTc.Cm12
CXCL4L1,FAR,NTc.Cm11
CXCL4L1,ARA,NTc.Cm12
CXCL4L1,ARA,NTc.Cm11
CXCL4L1,ARA,NTc.Cm10
CXCL4L1,RAE,NTc.Cm11
CXCL4L1,RAE,NTc.Cm10
CXCL4L1,RAE,NTc.Cm9
CXCL4L1,AEA,NTc.Cm10
CXCL4L1,AEA,NTc.Cm9
CXCL4L1,AEA,NTc.Cm8
CXCL4L1,EAE,NTc.Cm9
CXCL4L1,EAE,NTc.Cm8
CXCL4L1,EAE,NTc.Cm7
CXCL4L1,AEE,NTc.Cm8
CXCL4L1,AEE,NTc.Cm7
CXCL4L1,AEE,NTc.Cm6
CXCL4L1,EED,NTc.Cm7
CXCL4L1,EED,NTc.Cm6
CXCL4L1,EED,NTc.Cm5
CXCL4L1,EDG,NTc.Cm6
CXCL4L1,EDG,NTc.Cm5
CXCL4L1,EDG,NTc.Cm4
CXCL4L1,DGD,NTc.Cm5
CXCL4L1,DGD,NTc.Cm4
CXCL4L1,DGD,NTc.Cm3
CXCL4L1,GDL,NTc.Cm4
CXCL4L1,GDL,NTc.Cm3
CXCL4L1,GDL,NTc.Cm2
CXCL4L1,DLQ,NTc.Cm3
CXCL4L1,DLQ,NTc.Cm2
CXCL4L1,DLQ,NTc.Cm1
CXCL5,AGP,NTc.Cm12
CXCL5,AGP,NTc.Cm11
CXCL5,AGP,NTc.Cm10
CXCL5,GPA,NTc.Cm11
CXCL5,GPA,NTc.Cm10
CXCL5,GPA,NTc.Cm9
CXCL5,PAA,NTc.Cm10
CXCL5,PAA,NTc.Cm9
CXCL5,PAA,NTc.Cm8
CXCL5,AAA,NTc.Cm9
CXCL5,AAA,NTc.Cm8
CXCL5,AAA,NTc.Cm7
CXCL5,AAV,NTc.Cm8
CXCL5,AAV,NTc.Cm7
CXCL5,AAV,NTc.Cm6
CXCL5,AVL,NTc.Cm7
CXCL5,AVL,NTc.Cm6
CXCL5,AVL,NTc.Cm5
CXCL5,VLR,NTc.Cm6
CXCL5,VLR,NTc.Cm5
CXCL5,VLR,NTc.Cm4
CXCL5,LRE,NTc.Cm5
CXCL5,LRE,NTc.Cm4
CXCL5,LRE,NTc.Cm3
CXCL5,REL,NTc.Cm4
CXCL5,REL,NTc.Cm3
CXCL5,REL,NTc.Cm2
CXCL5,ELR,NTc.Cm3
CXCL5,ELR,NTc.Cm2
CXCL5,ELR,NTc.Cm1
CXCL6,GPV,NTc.Cm11
CXCL6,GPV,NTc.Cm10
CXCL6,GPV,NTc.Cm9
CXCL6,PVS,NTc.Cm10
CXCL6,PVS,NTc.Cm9
CXCL6,PVS,NTc.Cm8
CXCL6,VSA,NTc.Cm9
CXCL6,VSA,NTc.Cm8
CXCL6,VSA,NTc.Cm7
CXCL6,SAV,NTc.Cm8
CXCL6,SAV,NTc.Cm7
CXCL6,SAV,NTc.Cm6
CXCL6,AVL,NTc.Cm7
CXCL6,AVL,NTc.Cm6
CXCL6,AVL,NTc.Cm5
CXCL6,VLT,NTc.Cm6
CXCL6,VLT,NTc.Cm5
CXCL6,VLT,NTc.Cm4
CXCL6,LTE,NTc.Cm5
CXCL6,LTE,NTc.Cm4
CXCL6,LTE,NTc.Cm3
CXCL6,TEL,NTc.Cm4
CXCL6,TEL,NTc.Cm3
CXCL6,TEL,NTc.Cm2
CXCL6,ELR,NTc.Cm3
CXCL6,ELR,NTc.Cm2
CXCL6,ELR,NTc.Cm1
CXCL7,SST,NTc.Cm28
CXCL7,SST,NTc.Cm27
CXCL7,SST,NTc.Cm26
CXCL7,STK,NTc.Cm27
CXCL7,STK,NTc.Cm26
CXCL7,STK,NTc.Cm25
CXCL7,TKG,NTc.Cm26
CXCL7,TKG,NTc.Cm25
CXCL7,TKG,NTc.Cm24
CXCL7,KGQ,NTc.Cm25
CXCL7,KGQ,NTc.Cm24
CXCL7,KGQ,NTc.Cm23
CXCL7,GQT,NTc.Cm24
CXCL7,GQT,NTc.Cm23
CXCL7,GQT,NTc.Cm22
CXCL7,QTK,NTc.Cm23
CXCL7,QTK,NTc.Cm22
CXCL7,QTK,NTc.Cm21
CXCL7,TKR,NTc.Cm22
CXCL7,TKR,NTc.Cm21
CXCL7,TKR,NTc.Cm20
CXCL7,KRN,NTc.Cm21
CXCL7,KRN,NTc.Cm20
CXCL7,KRN,NTc.Cm19
CXCL7,RNL,NTc.Cm20
CXCL7,RNL,NTc.Cm19
CXCL7,RNL,NTc.Cm18
CXCL7,NLA,NTc.Cm19
CXCL7,NLA,NTc.Cm18
CXCL7,NLA,NTc.Cm17
CXCL7,LAK,NTc.Cm18
CXCL7,LAK,NTc.Cm17
CXCL7,LAK,NTc.Cm16
CXCL7,AKG,NTc.Cm17
CXCL7,AKG,NTc.Cm16
CXCL7,AKG,NTc.Cm15
CXCL7,KGK,NTc.Cm16
CXCL7,KGK,NTc.Cm15
CXCL7,KGK,NTc.Cm14
CXCL7,GKE,NTc.Cm15
CXCL7,GKE,NTc.Cm14
CXCL7,GKE,NTc.Cm13
CXCL7,KEE,NTc.Cm14
CXCL7,KEE,NTc.Cm13
CXCL7,KEE,NTc.Cm12
CXCL7,EES,NTc.Cm13
CXCL7,EES,NTc.Cm12
CXCL7,EES,NTc.Cm11
CXCL7,ESL,NTc.Cm12
CXCL7,ESL,NTc.Cm11
CXCL7,ESL,NTc.Cm10
CXCL7,SLD,NTc.Cm11
CXCL7,SLD,NTc.Cm10
CXCL7,SLD,NTc.Cm9
CXCL7,LDS,NTc.Cm10
CXCL7,LDS,NTc.Cm9
CXCL7,LDS,NTc.Cm8
CXCL7,DSD,NTc.Cm9
CXCL7,DSD,NTc.Cm8
CXCL7,DSD,NTc.Cm7
CXCL7,SDL,NTc.Cm8
CXCL7,SDL,NTc.Cm7
CXCL7,SDL,NTc.Cm6
CXCL7,DLY,NTc.Cm7
CXCL7,DLY,NTc.Cm6
CXCL7,DLY,NTc.Cm5
CXCL7,LYA,NTc.Cm6
CXCL7,LYA,NTc.Cm5
CXCL7,LYA,NTc.Cm4
CXCL7,YAE,NTc.Cm5
CXCL7,YAE,NTc.Cm4
CXCL7,YAE,NTc.Cm3
CXCL7,AEL,NTc.Cm4
CXCL7,AEL,NTc.Cm3
CXCL7,AEL,NTc.Cm2
CXCL7,ELR,NTc.Cm3
CXCL7,ELR,NTc.Cm2
CXCL7,ELR,NTc.Cm1
CXCL8,AVL,NTc.Cm11
CXCL8,AVL,NTc.Cm10
CXCL8,AVL,NTc.Cm9
CXCL8,VLP,NTc.Cm10
CXCL8,VLP,NTc.Cm9
CXCL8,VLP,NTc.Cm8
CXCL8,LPR,NTc.Cm9
CXCL8,LPR,NTc.Cm8
CXCL8,LPR,NTc.Cm7
CXCL8,PRS,NTc.Cm8
CXCL8,PRS,NTc.Cm7
CXCL8,PRS,NTc.Cm6
CXCL8,RSA,NTc.Cm7
CXCL8,RSA,NTc.Cm6
CXCL8,RSA,NTc.Cm5
CXCL8,SAK,NTc.Cm6
CXCL8,SAK,NTc.Cm5
CXCL8,SAK,NTc.Cm4
CXCL8,AKE,NTc.Cm5
CXCL8,AKE,NTc.Cm4
CXCL8,AKE,NTc.Cm3
CXCL8,KEL,NTc.Cm4
CXCL8,KEL,NTc.Cm3
CXCL8,KEL,NTc.Cm2
CXCL8,ELR,NTc.Cm3
CXCL8,ELR,NTc.Cm2
CXCL8,ELR,NTc.Cm1
CXCL9,TPV,NTc.Cm8
CXCL9,TPV,NTc.Cm7
CXCL9,TPV,NTc.Cm6
CXCL9,PVV,NTc.Cm7
CXCL9,PVV,NTc.Cm6
CXCL9,PVV,NTc.Cm5
CXCL9,VVR,NTc.Cm6
CXCL9,VVR,NTc.Cm5
CXCL9,VVR,NTc.Cm4
CXCL9,VRK,NTc.Cm5
CXCL9,VRK,NTc.Cm4
CXCL9,VRK,NTc.Cm3
CXCL9,RKG,NTc.Cm4
CXCL9,RKG,NTc.Cm3
CXCL9,RKG,NTc.Cm2
CXCL9,KGR,NTc.Cm3
CXCL9,KGR,NTc.Cm2
CXCL9,KGR,NTc.Cm1
CXCL10,VPL,NTc.Cm8
CXCL10,VPL,NTc.Cm7
CXCL10,VPL,NTc.Cm6
CXCL10,PLS,NTc.Cm7
CXCL10,PLS,NTc.Cm6
CXCL10,PLS,NTc.Cm5
CXCL10,LSR,NTc.Cm6
CXCL10,LSR,NTc.Cm5
CXCL10,LSR,NTc.Cm4
CXCL10,SRT,NTc.Cm5
CXCL10,SRT,NTc.Cm4
CXCL10,SRT,NTc.Cm3
CXCL10,RTV,NTc.Cm4
CXCL10,RTV,NTc.Cm3
CXCL10,RTV,NTc.Cm2
CXCL10,TVR,NTc.Cm3
CXCL10,TVR,NTc.Cm2
CXCL10,TVR,NTc.Cm1
CXCL11,FPM,NTc.Cm8
CXCL11,FPM,NTc.Cm7
CXCL11,FPM,NTc.Cm6
CXCL11,PMF,NTc.Cm7
CXCL11,PMF,NTc.Cm6
CXCL11,PMF,NTc.Cm5
CXCL11,MFK,NTc.Cm6
CXCL11,MFK,NTc.Cm5
CXCL11,MFK,NTc.Cm4
CXCL11,FKR,NTc.Cm5
CXCL11,FKR,NTc.Cm4
CXCL11,FKR,NTc.Cm3
CXCL11,KRG,NTc.Cm4
CXCL11,KRG,NTc.Cm3
CXCL11,KRG,NTc.Cm2
CXCL11,RGR,NTc.Cm3
CXCL11,RGR,NTc.Cm2
CXCL11,RGR,NTc.Cm1
CXCL12,KPV,NTc.Cm8
CXCL12,KPV,NTc.Cm7
CXCL12,KPV,NTc.Cm6
CXCL12,PVS,NTc.Cm7
CXCL12,PVS,NTc.Cm6
CXCL12,PVS,NTc.Cm5
CXCL12,VSL,NTc.Cm6
CXCL12,VSL,NTc.Cm5
CXCL12,VSL,NTc.Cm4
CXCL12,SLS,NTc.Cm5
CXCL12,SLS,NTc.Cm4
CXCL12,SLS,NTc.Cm3
CXCL12,LSY,NTc.Cm4
CXCL12,LSY,NTc.Cm3
CXCL12,LSY,NTc.Cm2
CXCL12,SYR,NTc.Cm3
CXCL12,SYR,NTc.Cm2
CXCL12,SYR,NTc.Cm1
CXCL13,VLE,NTc.Cm10
CXCL13,VLE,NTc.Cm9
CXCL13,VLE,NTc.Cm8
CXCL13,LEV,NTc.Cm9
CXCL13,LEV,NTc.Cm8
CXCL13,LEV,NTc.Cm7
CXCL13,EVY,NTc.Cm8
CXCL13,EVY,NTc.Cm7
CXCL13,EVY,NTc.Cm6
CXCL13,VYY,NTc.Cm7
CXCL13,VYY,NTc.Cm6
CXCL13,VYY,NTc.Cm5
CXCL13,YYT,NTc.Cm6
CXCL13,YYT,NTc.Cm5
CXCL13,YYT,NTc.Cm4
CXCL13,YTS,NTc.Cm5
CXCL13,YTS,NTc.Cm4
CXCL13,YTS,NTc.Cm3
CXCL13,TSL,NTc.Cm4
CXCL13,TSL,NTc.Cm3
CXCL13,TSL,NTc.Cm2
CXCL13,SLR,NTc.Cm3
CXCL13,SLR,NTc.Cm2
CXCL13,SLR,NTc.Cm1
CXCL14,NA,NA
CXCL16,NEG,NTc.Cm8
CXCL16,NEG,NTc.Cm7
CXCL16,NEG,NTc.Cm6
CXCL16,EGS,NTc.Cm7
CXCL16,EGS,NTc.Cm6
CXCL16,EGS,NTc.Cm5
CXCL16,GSV,NTc.Cm6
CXCL16,GSV,NTc.Cm5
CXCL16,GSV,NTc.Cm4
CXCL16,SVT,NTc.Cm5
CXCL16,SVT,NTc.Cm4
CXCL16,SVT,NTc.Cm3
CXCL16,VTG,NTc.Cm4
CXCL16,VTG,NTc.Cm3
CXCL16,VTG,NTc.Cm2
CXCL16,TGS,NTc.Cm3
CXCL16,TGS,NTc.Cm2
CXCL16,TGS,NTc.Cm1
CXCL17,SSL,NTc.Cm28
CXCL17,SSL,NTc.Cm27
CXCL17,SSL,NTc.Cm26
CXCL17,SLN,NTc.Cm27
CXCL17,SLN,NTc.Cm26
CXCL17,SLN,NTc.Cm25
CXCL17,LNP,NTc.Cm26
CXCL17,LNP,NTc.Cm25
CXCL17,LNP,NTc.Cm24
CXCL17,NPG,NTc.Cm25
CXCL17,NPG,NTc.Cm24
CXCL17,NPG,NTc.Cm23
CXCL17,PGV,NTc.Cm24
CXCL17,PGV,NTc.Cm23
CXCL17,PGV,NTc.Cm22
CXCL17,GVA,NTc.Cm23
CXCL17,GVA,NTc.Cm22
CXCL17,GVA,NTc.Cm21
CXCL17,VAR,NTc.Cm22
CXCL17,VAR,NTc.Cm21
CXCL17,VAR,NTc.Cm20
CXCL17,ARG,NTc.Cm21
CXCL17,ARG,NTc.Cm20
CXCL17,ARG,NTc.Cm19
CXCL17,RGH,NTc.Cm20
CXCL17,RGH,NTc.Cm19
CXCL17,RGH,NTc.Cm18
CXCL17,GHR,NTc.Cm19
CXCL17,GHR,NTc.Cm18
CXCL17,GHR,NTc.Cm17
CXCL17,HRD,NTc.Cm18
CXCL17,HRD,NTc.Cm17
CXCL17,HRD,NTc.Cm16
CXCL17,RDR,NTc.Cm17
CXCL17,RDR,NTc.Cm16
CXCL17,RDR,NTc.Cm15
CXCL17,DRG,NTc.Cm16
CXCL17,DRG,NTc.Cm15
CXCL17,DRG,NTc.Cm14
CXCL17,RGQ,NTc.Cm15
CXCL17,RGQ,NTc.Cm14
CXCL17,RGQ,NTc.Cm13
CXCL17,GQA,NTc.Cm14
CXCL17,GQA,NTc.Cm13
CXCL17,GQA,NTc.Cm12
CXCL17,QAS,NTc.Cm13
CXCL17,QAS,NTc.Cm12
CXCL17,QAS,NTc.Cm11
CXCL17,ASR,NTc.Cm12
CXCL17,ASR,NTc.Cm11
CXCL17,ASR,NTc.Cm10
CXCL17,SRR,NTc.Cm11
CXCL17,SRR,NTc.Cm10
CXCL17,SRR,NTc.Cm9
CXCL17,RRW,NTc.Cm10
CXCL17,RRW,NTc.Cm9
CXCL17,RRW,NTc.Cm8
CXCL17,RWL,NTc.Cm9
CXCL17,RWL,NTc.Cm8
CXCL17,RWL,NTc.Cm7
CXCL17,WLQ,NTc.Cm8
CXCL17,WLQ,NTc.Cm7
CXCL17,WLQ,NTc.Cm6
CXCL17,LQE,NTc.Cm7
CXCL17,LQE,NTc.Cm6
CXCL17,LQE,NTc.Cm5
CXCL17,QEG,NTc.Cm6
CXCL17,QEG,NTc.Cm5
CXCL17,QEG,NTc.Cm4
CXCL17,EGG,NTc.Cm5
CXCL17,EGG,NTc.Cm4
CXCL17,EGG,NTc.Cm3
CXCL17,GGQ,NTc.Cm4
CXCL17,GGQ,NTc.Cm3
CXCL17,GGQ,NTc.Cm2
CXCL17,GQE,NTc.Cm3
CXCL17,GQE,NTc.Cm2
CXCL17,GQE,NTc.Cm1
CX3CL1,QHH,NTc.Cm7
CX3CL1,QHH,NTc.Cm6
CX3CL1,QHH,NTc.Cm5
CX3CL1,HHG,NTc.Cm6
CX3CL1,HHG,NTc.Cm5
CX3CL1,HHG,NTc.Cm4
CX3CL1,HGV,NTc.Cm5
CX3CL1,HGV,NTc.Cm4
CX3CL1,HGV,NTc.Cm3
CX3CL1,GVT,NTc.Cm4
CX3CL1,GVT,NTc.Cm3
CX3CL1,GVT,NTc.Cm2
CX3CL1,VTK,NTc.Cm3
CX3CL1,VTK,NTc.Cm2
CX3CL1,VTK,NTc.Cm1
XCL1,VGS,NTc.Cm9
XCL1,VGS,NTc.Cm8
XCL1,VGS,NTc.Cm7
XCL1,GSE,NTc.Cm8
XCL1,GSE,NTc.Cm7
XCL1,GSE,NTc.Cm6
XCL1,SEV,NTc.Cm7
XCL1,SEV,NTc.Cm6
XCL1,SEV,NTc.Cm5
XCL1,EVS,NTc.Cm6
XCL1,EVS,NTc.Cm5
XCL1,EVS,NTc.Cm4
XCL1,VSD,NTc.Cm5
XCL1,VSD,NTc.Cm4
XCL1,VSD,NTc.Cm3
XCL1,SDK,NTc.Cm4
XCL1,SDK,NTc.Cm3
XCL1,SDK,NTc.Cm2
XCL1,DKR,NTc.Cm3
XCL1,DKR,NTc.Cm2
XCL1,DKR,NTc.Cm1
XCL1,KRT,NTc.Cm2
XCL1,KRT,NTc.Cm1
XCL1,KRT,NA
XCL2,VGS,NTc.Cm9
XCL2,VGS,NTc.Cm8
XCL2,VGS,NTc.Cm7
XCL2,GSE,NTc.Cm8
XCL2,GSE,NTc.Cm7
XCL2,GSE,NTc.Cm6
XCL2,SEV,NTc.Cm7
XCL2,SEV,NTc.Cm6
XCL2,SEV,NTc.Cm5
XCL2,EVS,NTc.Cm6
XCL2,EVS,NTc.Cm5
XCL2,EVS,NTc.Cm4
XCL2,VSD,NTc.Cm5
XCL2,VSD,NTc.Cm4
XCL2,VSD,NTc.Cm3
XCL2,SDK,NTc.Cm4
XCL2,SDK,NTc.Cm3
XCL2,SDK,NTc.Cm2
XCL2,DKR,NTc.Cm3
XCL2,DKR,NTc.Cm2
XCL2,DKR,NTc.Cm1
XCL2,KRT,NTc.Cm2
XCL2,KRT,NTc.Cm1
XCL2,KRT,NA
