receptor,motif_len,motif,ortholog_cons,paralog_cons,seq,EC50,logec50,logec50error,variant
ccr3,mer2,SE,0.5714286,0.04651163,SEAILPIASS,1.419E-07,-6.848,0.009179,SEA
ccr3,mer2,EA,0.5142857,0.06976744,XEAILPIASS,1.723E-07,-6.764,0.1149,del1
ccr3,mer2,AI,0.7142857,0.04651163,XXAILPIASS,5.46E-08,-7.263,0.05682,del2
ccr3,mer2,IL,0.9142857,0.02325581,XXXILPIASS,5.219E-08,-7.282,0.03746,del3
ccr3,mer2,LP,0.9428571,0.11627907,XXXXLPIASS,2.793E-08,-7.554,0.04408,del4
ccr3,mer2,PI,0.8,0.04651163,XXXXXPIASS,NA,NA,NA,del5
ccr3,mer2,IA,0.7714286,0.02325581,XXXXXXIASS,NA,NA,NA,del6
ccr3,mer2,AS,0.8857143,0.13953488,XXXXXXXASS,NA,NA,NA,del7
ccr3,mer2,SS,0.8571429,0.11627907,XXXXXXXXSS,7.33E-08,-7.135,0.12,del8
ccr3,mer3,SEA,0.4571429,0.02325581,SEAILPIASS,1.419E-07,-6.848,0.009179,SEA
ccr3,mer3,EAI,0.5142857,0.02325581,XEAILPIASS,1.723E-07,-6.764,0.1149,del1
ccr3,mer3,AIL,0.7142857,0.02325581,XXAILPIASS,5.46E-08,-7.263,0.05682,del2
ccr3,mer3,ILP,0.9142857,0.02325581,XXXILPIASS,5.219E-08,-7.282,0.03746,del3
ccr3,mer3,LPI,0.8,0.02325581,XXXXLPIASS,2.793E-08,-7.554,0.04408,del4
ccr3,mer3,PIA,0.7714286,0.02325581,XXXXXPIASS,NA,NA,NA,del5
ccr3,mer3,IAS,0.7714286,0.02325581,XXXXXXIASS,NA,NA,NA,del6
ccr3,mer3,ASS,0.8285714,0.02325581,XXXXXXXASS,NA,NA,NA,del7
ccr3,mer3,SSC,NA,NA,XXXXXXXXSS,7.33E-08,-7.135,0.12,del8
ccr10,mer2,SE,0.5714286,0.04651163,SEAILPIASS,2.276E-07,-6.643,0.01195,SEA
ccr10,mer2,EA,0.5142857,0.06976744,XEAILPIASS,1.687E-07,-6.773,0.01727,del1
ccr10,mer2,AI,0.7142857,0.04651163,XXAILPIASS,2.858E-08,-7.544,0.04966,del2
ccr10,mer2,IL,0.9142857,0.02325581,XXXILPIASS,3.205E-08,-7.494,0.03158,del3
ccr10,mer2,LP,0.9428571,0.11627907,XXXXLPIASS,0.000000395,-6.403,0.01989,del4
ccr10,mer2,PI,0.8,0.04651163,XXXXXPIASS,NA,NA,NA,del5
ccr10,mer2,IA,0.7714286,0.02325581,XXXXXXIASS,NA,NA,NA,del6
ccr10,mer2,AS,0.8857143,0.13953488,XXXXXXXASS,NA,NA,NA,del7
ccr10,mer2,SS,0.8571429,0.11627907,XXXXXXXXSS,4.35E-08,-7.361,0.1948,del8
ccr10,mer3,SEA,0.4571429,0.02325581,SEAILPIASS,2.276E-07,-6.643,0.01195,SEA
ccr10,mer3,EAI,0.5142857,0.02325581,XEAILPIASS,1.687E-07,-6.773,0.01727,del1
ccr10,mer3,AIL,0.7142857,0.02325581,XXAILPIASS,2.858E-08,-7.544,0.04966,del2
ccr10,mer3,ILP,0.9142857,0.02325581,XXXILPIASS,3.205E-08,-7.494,0.03158,del3
ccr10,mer3,LPI,0.8,0.02325581,XXXXLPIASS,0.000000395,-6.403,0.01989,del4
ccr10,mer3,PIA,0.7714286,0.02325581,XXXXXPIASS,NA,NA,NA,del5
ccr10,mer3,IAS,0.7714286,0.02325581,XXXXXXIASS,NA,NA,NA,del6
ccr10,mer3,ASS,0.8285714,0.02325581,XXXXXXXASS,NA,NA,NA,del7
ccr10,mer3,SSC,NA,NA,XXXXXXXXSS,4.35E-08,-7.361,0.1948,del8