protein,seq,class,gnNTr.Cm50,gnNTr.Cm49,gnNTr.Cm48,gnNTr.Cm47,gnNTr.Cm46,gnNTr.Cm45,gnNTr.Cm44,gnNTr.Cm43,gnNTr.Cm42,gnNTr.Cm41,gnNTr.Cm40,gnNTr.Cm39,gnNTr.Cm38,gnNTr.Cm37,gnNTr.Cm36,gnNTr.Cm35,gnNTr.Cm34,gnNTr.Cm33,gnNTr.Cm32,gnNTr.Cm31,gnNTr.Cm30,gnNTr.Cm29,gnNTr.Cm28,gnNTr.Cm27,gnNTr.Cm26,gnNTr.Cm25,gnNTr.Cm24,gnNTr.Cm23,gnNTr.Cm22,gnNTr.Cm21,gnNTr.Cm20,gnNTr.Cm19,gnNTr.Cm18,gnNTr.Cm17,gnNTr.Cm16,gnNTr.Cm15,gnNTr.Cm14,gnNTr.Cm13,gnNTr.Cm12,gnNTr.Cm11,gnNTr.Cm10,gnNTr.Cm9,gnNTr.Cm8,gnNTr.Cm7,gnNTr.Cm6,gnNTr.Cm5,gnNTr.Cm4,gnNTr.Cm3,gnNTr.Cm2,gnNTr.Cm1,gn1x22,gn1x23,gn1x24,gn1x25,gn1x26,gn1x27,gn1x28,gn1x29,gn1x291,gn1x292,gn1x293,gn1x30,gn1x31,gn1x32,gn1x33,gn1x34,gn1x35,gn1x36,gn1x37,gn1x38,gn1x39,gn1x40,gn1x41,gn1x42,gn1x43,gn1x44,gn1x45,gn1x46,gn1x47,gn1x48,gn1x49,gn1x50,gn1x51,gn1x52,gn1x53,gn1x54,gn1x55,gn1x56,gn1x57,gn1x58,gn1x59,gn1x60,gnICL1.1,gnICL1.2,gnICL1.3,gn12x48,gn12x49,gn12x50,gn12x51,gnICL1.4,gnICL1.5,gnICL1.6,gn2x36,gn2x37,gn2x38,gn2x39,gn2x40,gn2x41,gn2x42,gn2x43,gn2x44,gn2x45,gn2x46,gn2x47,gn2x48,gn2x49,gn2x50,gn2x51,gn2x52,gn2x53,gn2x54,gn2x55,gn2x56,gn2x57,gn2x58,gn2x59,gn2x60,gn2x61,gn2x62,gn2x63,gn2x64,gn2x65,gn2x66,gnECL1.1,gnECL1.2,gnECL1.3,gnECL1.4,gn23x49,gn23x50,gn23x51,gn23x52,gnECL1.5,gnECL1.6,gnECL1.7,gn3x21,gn3x22,gn3x23,gn3x24,gn3x25,gn3x26,gn3x27,gn3x28,gn3x29,gn3x30,gn3x31,gn3x32,gn3x33,gn3x34,gn3x35,gn3x36,gn3x37,gn3x38,gn3x39,gn3x40,gn3x41,gn3x42,gn3x43,gn3x44,gn3x45,gn3x46,gn3x47,gn3x48,gn3x49,gn3x50,gn3x51,gn3x52,gn3x53,gn3x54,gn3x55,gn3x56,gnICL2.1,gnICL2.2,gnICL2.3,gnICL2.4,gnICL2.5,gn34x50,gn34x51,gn34x52,gn34x53,gn34x54,gn34x55,gn34x56,gn34x57,gn34x58,gnICL2.6,gnICL2.7,gnICL2.8,gnICL2.9,gn4x35,gn4x36,gn4x37,gn4x38,gn4x39,gn4x40,gn4x41,gn4x42,gn4x43,gn4x44,gn4x45,gn4x46,gn4x47,gn4x48,gn4x49,gn4x50,gn4x51,gn4x52,gn4x53,gn4x54,gn4x55,gn4x56,gn4x57,gn4x58,gn4x59,gn4x60,gn4x61,gn4x62,gn4x63,gn4x64,gn4x65,gnECL2.1,gnECL2.2,gnECL2.3,gnECL2.4,gnECL2.5,gnECL2.6,gnECL2.7,gnECL2.8,gnECL2.9,gnECL2.10,gnECL2.11,gnECL2.12,gnECL2.13,gn45x50,gn45x51,gn45x52,gnECL2.Cp3,gnECL2.Cp4,gnECL2.Cp5,gnECL2.Cp6,gnECL2.Cp7,gnECL2.Cp8,gnECL2.Cp9,gnECL2.Cp10,gnECL2.Cp11,gn5x31,gn5x32,gn5x33,gn5x34,gn5x35,gn5x36,gn5x37,gn5x38,gn5x39,gn5x40,gn5x41,gn5x42,gn5x43,gn5x44,gn5x45,gn5x46,gn5x461,gn5x47,gn5x48,gn5x49,gn5x50,gn5x51,gn5x52,gn5x53,gn5x54,gn5x55,gn5x56,gn5x57,gn5x58,gn5x59,gn5x60,gn5x61,gn5x62,gn5x63,gn5x64,gn5x65,gn5x66,gn5x67,gn5x68,gnICL3.1,gnICL3.2,gnICL3.3,gnICL3.4,gnICL3.5,gnICL3.6,gn6x28,gn6x29,gn6x30,gn6x31,gn6x32,gn6x33,gn6x34,gn6x35,gn6x36,gn6x37,gn6x38,gn6x39,gn6x40,gn6x41,gn6x42,gn6x43,gn6x44,gn6x45,gn6x46,gn6x47,gn6x48,gn6x49,gn6x50,gn6x51,gn6x52,gn6x53,gn6x54,gn6x55,gn6x56,gn6x57,gn6x58,gn6x59,gn6x60,gn6x61,gn6x62,gn6x63,gn6x64,gn6x65,gnECL3.1,gnECL3.2,gnECL3.3,gnECL3.4,gnECL3.5,gn7x23,gn7x24,gn7x25,gn7x26,gn7x27,gn7x28,gn7x29,gn7x30,gn7x31,gn7x32,gn7x33,gn7x34,gn7x35,gn7x36,gn7x37,gn7x38,gn7x39,gn7x40,gn7x41,gn7x42,gn7x43,gn7x45,gn7x46,gn7x47,gn7x48,gn7x49,gn7x50,gn7x51,gn7x52,gn7x53,gn7x54,gn7x55,gn7x56,gn8x47,gn8x48,gn8x49,gn8x50,gn8x51,gn8x52,gn8x53,gn8x54,gn8x55,gn8x56,gn8x57,gn8x58,gn8x59,gn8x60,gn8x61,gn8x62,gn8x63,gn8x64,gn8x65,gn8x66,gn8x67,gnCT.1,gnCT.2,gnCT.3,gnCT.4,gnCT.5,gnCT.6,gnCT.7,gnCT.8,gnCT.9,gnCT.10,gnCT.11,gnCT.12,gnCT.13,gnCT.14,gnCT.15,gnCT.16,gnCT.17,gnCT.18,gnCT.19,gnCT.20,gnCT.21,gnCT.22,gnCT.23,gnCT.24,gnCT.25,gnCT.26,gnCT.27,gnCT.28,gnCT.29,gnCT.30,gnCT.31,gnCT.32,gnCT.33,gnCT.34,gnCT.35,gnCT.36,gnCT.37,gnCT.38,gnCT.39,gnCT.40,gnCT.41,gnCT.42,gnCT.43,gnCT.44,gnCT.45,gnCT.46,gnCT.47,gnCT.48,gnCT.49,gnCT.50,gnCT.51,gnCT.52,gnCT.53,gnCT.54,gnCT.55,gnCT.56,gnCT.57
us27xhcmva,us27xhcmva|P09703|US27_HCMVA/1-357 Gprotein coupled receptor homolog US27 OS=Human cytomegalovirus (strain AD169) OX=10360 GN=US27 PE=1 SV=1,non,-,-,-,-,-,-,-,-,-,-,-,-,-,-,-,-,-,-,-,-,-,-,-,-,-,-,-,-,-,-,-,-,-,-,M,T,T,S,T,N,N,Q,T,L,T,Q,V,S,N,M,T,N,H,T,L,N,S,T,-,-,-,E,I,Y,Q,L,F,E,Y,T,R,L,G,V,C,I,V,G,T,F,L,N,V,L,V,I,T,T,I,L,Y,R,-,-,-,R,K,K,K,-,-,-,-,S,P,S,D,T,Y,I,C,N,L,A,V,A,D,L,L,I,V,V,G,L,P,F,F,L,E,Y,A,H,H,-,-,-,-,P,K,L,S,-,-,-,R,E,V,V,C,S,G,L,N,A,C,F,Y,I,C,L,F,A,G,V,C,F,L,I,N,L,S,M,D,R,Y,C,V,I,V,W,-,-,-,-,-,G,V,E,L,N,R,V,R,-,-,-,-,-,-,-,-,N,N,K,R,A,T,C,W,V,V,I,F,W,I,L,A,V,L,M,G,-,M,P,H,Y,L,M,Y,S,H,T,N,N,E,-,-,-,-,-,-,-,C,V,G,E,F,A,N,E,T,S,-,-,-,-,G,W,F,P,V,F,L,N,T,K,V,N,I,C,G,Y,L,A,P,I,A,L,M,A,Y,T,Y,N,R,M,V,R,F,I,I,N,Y,V,G,-,-,K,W,-,-,H,M,Q,T,L,H,V,L,L,V,V,V,V,S,F,A,S,F,W,F,P,F,N,L,A,L,F,L,E,S,I,R,L,L,A,-,G,-,-,V,Y,N,D,T,L,Q,N,V,I,I,F,C,L,Y,V,G,Q,F,L,A,Y,V,R,A,C,L,N,P,G,I,Y,I,L,V,G,T,Q,M,R,K,D,M,W,T,T,L,R,-,-,-,-,-,-,-,-,V,F,A,C,C,C,V,K,Q,E,I,P,Y,Q,D,I,D,I,E,L,Q,K,D,I,Q,R,R,A,K,H,T,K,R,T,H,Y,D,R,K,N,A,P,M,E,S,G,E,E,E,F,L,L,-,-,-,-,-
us28xhcmva,us28xhcmva|P69332|US28_HCMVA/1-354 Gprotein coupled receptor homolog US28 OS=Human cytomegalovirus (strain AD169) OX=10360 GN=US28 PE=1 SV=1,non,-,-,-,-,-,-,-,-,-,-,-,-,-,-,-,-,-,-,-,-,-,-,-,-,-,-,-,-,M,T,P,T,T,T,T,A,E,L,T,T,E,F,D,Y,D,E,D,A,T,P,C,V,F,T,D,V,L,N,-,-,-,Q,S,K,P,V,T,L,F,L,Y,G,V,V,F,L,F,G,S,I,G,N,F,L,V,I,F,T,I,T,W,R,-,-,-,R,R,I,Q,-,-,-,-,C,S,G,D,V,Y,F,I,N,L,A,A,A,D,L,L,F,V,C,T,L,P,L,W,M,Q,Y,L,L,D,-,-,-,-,H,N,S,L,-,-,-,A,S,V,P,C,T,L,L,T,A,C,F,Y,V,A,M,F,A,S,L,C,F,I,T,E,I,A,L,D,R,Y,Y,A,I,V,Y,-,-,-,-,-,M,-,-,-,-,R,Y,R,-,-,-,-,-,-,-,-,P,V,K,Q,A,C,L,F,S,I,F,W,W,I,F,A,V,I,I,A,-,I,P,H,F,M,V,V,T,K,K,D,N,-,-,-,-,Q,-,-,-,C,M,T,D,Y,D,Y,L,E,-,-,-,-,-,V,S,Y,P,I,I,L,N,V,E,L,M,L,G,A,F,V,I,P,L,S,V,I,S,Y,C,Y,Y,R,I,S,R,I,V,A,V,S,Q,S,-,-,R,H,-,-,K,G,R,I,V,R,V,L,I,A,V,V,L,V,F,I,I,F,W,L,P,Y,H,L,T,L,F,V,D,T,L,K,L,L,K,-,W,I,-,S,S,S,C,E,F,E,R,S,L,K,R,A,L,I,L,T,E,S,L,A,F,C,H,C,C,L,N,P,L,L,Y,V,F,V,G,T,K,F,R,Q,E,L,H,C,L,L,A,E,F,R,Q,R,L,F,S,R,D,V,S,W,Y,H,S,M,S,F,S,R,R,S,S,P,S,R,R,E,T,S,S,D,T,L,S,D,E,V,C,R,V,S,Q,I,I,P,-,-,-,-,-,-,-,-,-,-,-,-,-,-,-,-,-,-
vu51xhhv6u,vu51xhhv6u|P52382|VU51_HHV6U/1-277 Gprotein coupled receptor homolog U51 OS=Human herpesvirus 6A (strain Uganda1102) OX=10370 GN=U51 PE=3 SV=1,non,-,-,-,-,-,-,-,-,-,-,-,-,-,-,-,-,-,-,-,-,-,-,-,-,-,-,-,-,-,-,-,-,-,-,-,-,-,-,-,-,-,-,-,-,-,-,-,-,-,-,-,M,E,K,E,T,K,S,-,-,-,L,A,W,P,A,T,A,E,F,Y,G,W,V,S,S,I,Q,L,C,T,V,L,L,T,V,R,F,-,-,N,S,-,-,-,F,K,V,G,-,-,-,-,R,E,Y,A,V,F,T,F,A,G,M,S,F,N,C,F,L,L,P,I,K,M,G,L,L,-,-,S,W,S,-,-,-,-,L,P,R,D,-,-,-,F,C,A,I,L,L,Y,I,D,D,F,S,I,Y,F,S,S,W,S,L,V,F,M,A,I,E,R,I,N,H,F,C,Y,S,T,P,-,-,-,-,-,L,L,N,-,-,S,K,A,-,-,-,-,-,-,-,-,-,L,A,V,C,F,P,I,V,W,I,I,S,G,V,Q,A,-,-,-,M,L,N,N,Y,K,A,T,A,L,-,-,-,-,-,-,F,L,-,-,-,A,F,L,R,S,G,Y,D,M,W,-,-,-,-,L,M,L,V,-,-,-,-,-,-,Y,S,V,M,I,P,V,M,L,-,V,F,I,Y,I,Y,S,K,N,F,M,L,L,-,-,-,-,-,-,-,-,-,K,-,-,D,L,S,T,V,T,T,Y,L,C,I,Y,L,L,L,G,L,P,K,A,G,L,S,E,I,E,S,D,K,I,F,Y,-,-,-,-,-,-,-,-,-,-,-,G,L,R,D,I,F,M,-,-,-,-,A,L,P,V,L,K,V,Y,Y,I,P,V,M,A,Y,M,A,C,D,D,H,T,V,P,V,R,L,C,S,I,W,L,V,N,L,C,K,K,C,F,S,C,T,R,R,E,K,E,S,D,L,E,V,G,I,K,M,L,K,-,-,-,-,-,-,-,-,-,-,-,-,-,-,-,-,-,-,-,-,-,-,-,-,-,-,-,-,-,-,-,-,-,-,-,-,-,-,-
vu51xhhv7j,vu51xhhv7j|P52383|VU51_HHV7J/1-271 Gprotein coupled receptor homolog U51 OS=Human herpesvirus 7 (strain JI) OX=57278 GN=U51 PE=3 SV=1,non,-,-,-,-,-,-,-,-,-,-,-,-,-,-,-,-,-,-,-,-,-,-,-,-,-,-,-,-,-,-,-,-,-,-,-,-,-,-,-,-,-,-,-,-,-,-,-,-,-,-,-,-,M,K,N,I,D,L,-,-,-,T,N,W,K,L,L,A,E,I,Y,E,Y,L,S,F,F,F,L,C,L,V,I,I,V,V,K,F,-,-,N,N,-,-,-,S,T,V,G,-,-,-,-,R,E,Y,T,F,S,T,F,S,G,M,L,V,Y,I,L,L,L,P,V,K,M,G,M,L,-,-,T,W,D,-,-,-,-,V,S,T,D,-,-,-,Y,C,I,I,L,M,F,L,S,D,F,S,F,I,F,S,S,W,A,L,T,L,L,A,L,E,R,I,N,N,F,S,F,S,E,I,-,-,-,-,-,K,V,N,-,-,T,K,I,-,-,-,-,-,-,-,-,-,L,K,M,S,F,P,I,I,W,V,T,S,I,F,Q,A,-,-,-,I,S,M,K,Y,K,K,S,Q,M,-,-,-,-,-,-,L,L,-,-,-,A,I,E,R,S,A,E,E,A,W,-,-,-,-,I,L,L,M,-,-,-,-,-,-,Y,T,V,V,I,P,T,F,I,-,V,F,F,Y,V,L,N,K,R,F,L,F,L,-,-,-,-,-,-,-,-,-,E,-,-,R,L,N,S,I,V,T,H,L,S,L,F,L,F,F,G,F,P,A,S,V,L,N,E,F,N,C,N,R,L,F,Y,-,-,-,-,-,-,-,-,-,-,-,G,L,H,E,L,L,I,-,-,-,-,V,C,L,E,L,K,I,F,Y,V,P,T,M,T,Y,I,S,C,E,N,Y,R,L,A,A,K,A,F,F,C,K,C,F,K,P,C,F,L,M,P,S,L,R,K,L,Q,Q,P,T,K,S,T,Q,F,-,-,-,-,-,-,-,-,-,-,-,-,-,-,-,-,-,-,-,-,-,-,-,-,-,-,-,-,-,-,-,-,-,-,-,-,-,-,-,-,-,-,-,-
ul33xhcmva,ul33xhcmva|P16849|UL33_HCMVA/1-376 Gprotein coupled receptor homolog UL33 OS=Human cytomegalovirus (strain AD169) OX=10360 GN=UL33 PE=1 SV=2,non,-,-,-,-,-,-,-,-,-,-,-,-,-,-,-,-,-,-,-,-,-,-,-,-,-,-,-,-,-,-,M,D,T,I,I,H,N,S,T,R,N,N,T,P,P,H,I,N,D,T,C,N,M,T,G,P,L,F,-,-,-,A,I,R,T,T,E,A,V,L,N,T,F,I,I,F,V,G,G,P,L,N,A,I,V,L,I,T,Q,L,N,R,-,-,-,V,L,G,Y,-,-,-,-,S,T,P,T,I,Y,M,T,N,L,Y,S,T,N,F,L,T,L,T,V,L,P,F,I,V,L,S,N,Q,W,-,-,-,-,L,L,P,A,-,-,-,G,V,A,S,C,K,F,L,S,V,I,Y,Y,S,S,C,T,V,G,F,A,T,V,A,L,I,A,A,D,R,Y,R,V,L,H,K,-,-,-,-,-,R,T,Y,A,R,-,-,Q,-,-,-,-,-,-,-,-,S,Y,R,S,T,Y,M,I,L,L,L,T,W,L,A,G,L,I,F,S,-,V,P,A,A,V,Y,T,T,V,V,M,H,H,D,A,A,T,-,-,-,C,V,L,Y,F,V,A,E,E,V,H,T,V,L,L,S,W,K,V,L,L,T,-,-,-,-,M,V,W,G,A,A,P,V,I,M,M,T,W,F,Y,A,F,F,Y,S,T,V,Q,R,T,S,Q,-,-,K,Q,-,-,R,S,R,T,L,T,F,V,S,V,L,L,I,S,F,V,A,L,Q,T,P,Y,V,S,L,M,I,F,N,S,Y,A,T,T,A,-,W,-,-,P,M,Q,C,E,H,L,T,L,R,R,T,I,G,T,L,A,R,V,V,P,H,L,H,C,L,I,N,P,I,L,Y,A,L,L,G,H,D,F,L,Q,R,M,R,Q,C,F,R,G,Q,L,L,D,R,R,A,F,L,R,S,Q,Q,N,Q,R,A,T,A,E,T,N,L,A,A,G,N,N,S,Q,S,V,A,T,S,L,D,T,N,S,K,N,Y,N,Q,H,A,K,R,S,V,S,F,N,F,P,S,G,T,W,K,G,G,Q
ul33xhhv6u,ul33xhhv6u|P52380|UL33_HHV6U/1-341 Gprotein coupled receptor homolog U12 OS=Human herpesvirus 6A (strain Uganda1102) OX=10370 GN=U12 PE=3 SV=1,non,-,-,-,-,-,-,-,-,-,-,-,-,-,-,-,-,-,-,-,-,-,-,-,-,-,-,-,-,-,-,-,-,-,M,D,T,V,I,E,L,S,K,L,Q,F,K,G,N,A,S,C,T,S,T,P,T,L,K,-,-,-,T,A,R,I,M,E,S,A,V,T,G,I,T,L,T,T,S,I,P,M,I,I,I,V,V,T,T,M,I,H,R,-,-,-,V,A,K,H,-,-,-,-,N,A,T,S,F,Y,V,I,T,L,F,A,S,D,F,V,L,M,W,C,V,F,F,M,T,V,N,R,K,Q,-,-,-,-,L,F,S,F,-,-,-,N,R,F,F,C,Q,L,V,Y,F,I,Y,H,A,V,C,S,Y,S,I,S,M,L,A,I,I,A,T,I,R,Y,K,T,L,H,R,-,-,-,-,-,R,K,K,T,E,-,-,S,-,-,-,-,-,-,-,-,K,T,S,S,T,G,R,N,I,G,I,L,L,L,A,S,S,M,C,A,-,I,P,T,A,L,F,V,K,T,N,G,-,-,-,-,G,K,-,-,-,C,V,V,Y,I,S,S,K,K,A,Y,E,L,F,L,A,V,K,I,V,F,S,-,-,-,-,F,I,W,G,V,L,P,T,M,V,F,S,F,F,Y,V,I,F,C,K,A,L,H,D,V,T,E,-,-,K,K,-,-,Y,K,K,T,L,F,F,I,R,I,L,L,L,S,F,L,L,I,Q,I,P,Y,I,A,I,L,I,C,E,I,A,F,L,Y,M,-,P,-,-,Q,N,T,C,F,W,L,A,R,V,E,I,L,Q,L,I,I,R,L,M,P,Q,V,H,C,F,S,N,P,L,V,Y,A,F,T,G,G,E,L,R,N,R,F,T,A,C,F,Q,S,F,F,P,K,T,L,C,S,T,Q,K,R,K,D,S,D,A,S,E,H,D,Q,N,S,K,S,K,A,S,V,E,K,N,Q,P,L,-,-,-,-,-,-,-,-,-,-,-,-,-,-,-,-,-,-,-,-,-,-,-,-,-,-,-,-
ul33xhhv7j,ul33xhhv7j|P52381|UL33_HHV7J/1-338 Gprotein coupled receptor homolog U12 OS=Human herpesvirus 7 (strain JI) OX=57278 GN=U12 PE=3 SV=1,non,-,-,-,-,-,-,-,-,-,-,-,-,-,-,-,-,-,M,I,C,Y,S,F,A,K,N,V,T,F,A,F,L,I,I,L,Q,N,F,F,S,Q,H,E,E,Y,K,Y,N,Y,T,C,-,I,T,P,T,V,R,-,-,-,K,A,Q,R,L,E,S,V,I,N,G,I,M,L,T,L,I,L,P,V,S,T,V,V,I,C,T,L,L,Y,K,-,-,-,W,T,K,Q,-,-,-,-,T,I,T,S,P,Y,L,I,T,L,F,I,S,D,S,L,H,S,L,T,V,L,L,L,T,L,N,R,E,A,-,-,-,-,L,T,N,L,-,-,-,N,Q,A,L,C,Q,C,V,L,F,V,Y,S,A,S,C,T,Y,S,L,C,M,L,A,V,I,S,T,I,R,Y,R,T,L,Q,R,-,-,-,-,-,R,T,L,N,D,-,-,K,-,-,-,-,-,-,-,-,N,N,N,H,I,K,R,N,V,G,I,L,F,L,S,S,A,M,C,A,-,I,P,A,V,L,Y,V,Q,V,E,K,-,-,-,-,G,K,-,-,-,C,N,I,H,I,S,T,Q,K,A,Y,D,L,F,I,G,I,K,I,V,Y,C,-,-,-,-,F,L,W,G,I,F,P,T,V,I,F,S,Y,F,Y,V,I,F,G,K,T,L,R,A,L,T,Q,-,-,S,K,-,-,H,N,K,T,L,S,F,I,S,L,L,I,L,S,F,L,C,I,Q,I,P,N,L,L,V,M,S,V,E,I,F,F,L,Y,I,-,A,-,-,N,T,S,C,L,G,T,I,Q,R,E,I,V,Q,I,I,S,R,L,M,P,E,I,H,C,L,S,N,P,L,V,Y,A,F,T,R,T,D,F,R,L,R,F,Y,D,F,I,K,C,N,L,C,N,S,S,L,K,R,K,R,N,P,L,T,I,K,N,-,-,-,-,-,-,-,-,-,-,-,-,-,-,-,-,-,-,-,-,-,-,-,-,-,-,-,-,-,-,-,-,-,-,-,-,-,-,-,-,-,-,-,-,-,-
ul78xhcmvm,ul78xhcmvm|F5HET1|UL78_HCMVM/1-369 Protein UL78 OS=Human cytomegalovirus (strain Merlin) OX=295027 GN=UL78 PE=1 SV=1,non,-,-,-,-,-,-,-,-,-,-,-,-,-,-,-,M,S,P,S,V,E,E,T,T,S,V,T,E,S,I,M,F,A,-,I,V,S,F,K,H,M,G,P,F,E,G,Y,S,M,S,A,D,R,-,-,-,-,-,-,-,-,A,A,S,D,L,L,I,G,M,F,G,S,V,N,L,L,T,I,I,G,C,L,W,V,L,R,V,-,-,-,-,-,-,-,T,R,P,P,-,-,-,-,V,S,V,M,I,F,T,W,N,L,V,L,S,Q,F,F,S,-,I,L,A,T,M,L,S,K,G,I,M,L,-,-,-,-,R,G,A,L,-,-,-,N,L,S,L,C,R,L,V,L,F,V,D,D,V,G,L,Y,S,T,A,L,F,F,L,F,L,I,L,D,R,L,S,A,I,S,Y,-,-,-,-,-,G,R,D,L,W,E,T,R,-,-,-,-,-,-,-,-,E,N,A,V,A,L,Y,A,V,A,F,A,W,V,L,S,I,V,A,A,-,V,P,T,A,A,T,G,S,L,D,Y,R,-,-,-,L,G,-,-,-,C,Q,I,P,-,-,-,-,-,-,-,-,-,-,I,Q,Y,A,A,V,D,L,T,I,K,M,W,F,L,L,G,A,P,M,I,A,V,L,A,-,-,-,N,V,V,E,L,A,Y,S,D,R,R,-,-,D,H,-,-,V,W,S,Y,V,G,R,V,C,T,F,Y,V,T,C,L,M,L,F,V,P,Y,Y,C,F,R,V,L,R,G,V,L,Q,P,A,-,-,-,-,S,A,A,G,T,G,F,G,I,M,D,Y,V,E,L,A,T,R,T,L,L,T,M,R,L,G,I,L,P,L,I,I,A,F,F,S,R,E,P,T,K,D,L,D,D,S,F,D,Y,L,V,E,R,C,Q,Q,S,C,H,G,H,F,V,R,R,L,V,Q,A,L,K,R,A,M,Y,S,V,E,L,A,V,C,Y,F,S,T,S,V,R,D,V,A,E,A,V,K,K,S,S,S,R,C,Y,A,D,A,T,S,A,A,V,V,V
vg74xshv21,vg74xshv21|Q01035|VG74_SHV21/1-320 Gprotein coupled receptor homolog ECRF3 OS=Saimiriine herpesvirus 2 (strain 11) OX=10383 GN=74 PE=3 SV=1,non,-,-,-,-,-,-,-,-,-,-,-,-,-,-,-,-,-,-,-,-,M,E,V,K,L,D,F,S,S,E,D,F,S,N,Y,S,Y,N,Y,S,G,D,I,Y,Y,G,D,V,A,P,C,V,V,N,F,L,I,-,-,-,-,-,S,E,S,A,L,A,F,I,Y,V,L,M,F,L,C,N,A,I,G,N,S,L,V,L,R,T,F,L,K,Y,-,-,-,R,A,Q,A,-,-,-,-,Q,S,F,D,Y,L,M,M,G,F,C,L,N,S,L,F,L,A,G,Y,L,L,M,R,L,-,L,R,M,F,-,-,-,-,E,I,F,M,-,-,-,N,T,E,L,C,K,L,E,A,F,F,L,N,L,S,I,Y,W,S,P,F,I,L,V,F,I,S,V,L,R,C,L,L,I,F,C,-,-,-,-,-,A,T,R,L,W,-,-,K,-,-,-,-,-,-,-,-,K,T,L,I,G,Q,V,F,L,C,C,S,F,V,L,A,C,F,G,A,-,L,P,H,V,M,V,T,S,Y,Y,E,P,-,-,-,S,S,-,-,-,C,I,E,E,D,G,V,L,T,-,-,-,-,-,E,Q,L,R,T,K,L,N,T,F,H,T,W,Y,S,F,A,G,P,L,F,I,T,V,I,C,Y,S,M,S,C,Y,K,L,F,K,T,K,L,-,-,S,K,-,-,R,A,E,V,V,T,I,I,T,M,T,T,L,L,F,I,V,F,C,I,P,Y,Y,I,M,E,S,I,D,T,L,L,R,V,G,-,V,I,-,E,E,T,C,A,K,R,S,A,I,V,Y,G,I,Q,C,T,Y,M,L,L,V,L,Y,Y,C,M,L,P,L,M,F,A,M,F,G,S,L,F,R,Q,R,M,A,A,W,C,K,T,I,C,H,C,-,-,-,-,-,-,-,-,-,-,-,-,-,-,-,-,-,-,-,-,-,-,-,-,-,-,-,-,-,-,-,-,-,-,-,-,-,-,-,-,-,-,-,-,-,-,-,-,-,-,-,-,-,-,-,-,-,-,-,-
vgpcrxhhv8p,vgpcrxhhv8p|Q98146|VGPCR_HHV8P/1-337 viral Gprotein coupled receptor OS=Human herpesvirus 8 type P (isolate GK18) OX=868565 GN=ORF74 PE=1 SV=1,non,-,-,-,-,-,-,-,-,-,-,-,M,A,A,E,D,F,L,T,I,F,L,D,D,D,E,S,W,N,E,T,L,N,M,S,G,Y,D,Y,S,G,N,F,S,L,E,-,V,S,V,C,E,M,T,T,V,V,-,-,-,-,-,P,Y,T,W,N,V,G,I,L,S,L,I,F,L,I,N,V,L,G,N,G,L,V,T,Y,I,F,C,K,H,-,-,-,R,S,R,A,-,-,-,-,G,A,I,D,I,L,L,L,G,I,C,L,N,S,L,C,L,S,I,S,L,L,A,E,V,L,M,F,L,F,-,-,-,-,P,N,I,I,-,-,-,S,T,G,L,C,R,L,E,I,F,F,Y,Y,L,Y,V,Y,L,D,I,F,S,V,V,C,V,S,L,V,R,Y,L,L,V,A,Y,-,-,-,-,-,S,T,R,S,W,-,-,K,-,-,-,-,-,-,-,-,K,Q,S,L,G,W,V,L,T,S,A,A,L,L,I,A,L,V,L,S,R,H,R,S,R,V,V,D,P,V,S,K,Q,-,-,-,A,M,-,-,-,C,Y,E,N,A,G,N,M,T,-,-,-,-,-,A,D,W,R,L,H,V,R,T,V,S,V,T,A,G,F,L,L,P,L,A,L,L,I,L,F,Y,A,L,T,W,C,V,V,R,R,T,K,L,-,-,Q,A,-,-,R,R,K,V,R,G,V,I,V,A,V,V,L,L,F,F,V,F,C,F,P,Y,H,V,L,N,L,L,D,T,L,L,R,R,R,-,W,I,-,R,D,S,C,Y,T,R,G,L,I,N,V,G,L,A,V,T,S,L,L,Q,A,L,Y,S,A,V,V,P,L,I,Y,S,C,L,G,S,L,F,R,Q,R,M,Y,G,L,F,Q,S,L,R,Q,S,F,M,S,G,A,T,T,-,-,-,-,-,-,-,-,-,-,-,-,-,-,-,-,-,-,-,-,-,-,-,-,-,-,-,-,-,-,-,-,-,-,-,-,-,-,-,-,-,-,-,-,-,-,-,-,-,-,-,-,-
u5nm54xhhv8,u5nm54xhhv8|U5NM54|U5NM54_HHV8/1-331 ORF74 OS=Retroperitoneal fibromatosisassociated herpesvirus OX=111469 PE=4 SV=1,non,-,-,-,-,-,-,-,-,-,-,-,-,-,-,-,-,-,M,A,G,V,D,F,T,M,D,A,D,L,W,N,Y,S,D,Y,D,F,A,N,Y,S,V,N,I,T,W,D,D,T,V,C,D,A,P,Q,F,L,-,-,-,-,-,S,P,S,L,N,A,C,I,L,G,L,I,F,L,L,N,V,I,G,N,G,T,V,T,Y,I,F,C,Q,H,-,-,-,M,A,L,A,-,-,-,-,K,A,V,D,V,L,L,M,G,L,C,L,N,S,L,C,L,S,V,S,L,A,I,T,L,A,M,H,F,L,-,-,-,-,P,T,L,T,-,-,-,S,G,I,L,C,W,T,E,L,F,F,Y,D,L,Y,L,Y,L,D,I,F,S,V,V,C,I,S,L,L,R,F,L,L,V,A,Y,-,-,-,-,-,S,N,S,S,W,-,-,K,-,-,-,-,-,-,-,-,N,P,R,F,G,C,V,L,A,A,A,S,L,V,V,A,A,G,L,A,R,Y,R,S,Q,V,I,D,P,N,T,G,A,-,-,-,A,I,-,-,-,C,Y,E,D,A,G,N,A,T,-,-,-,-,-,L,E,W,K,L,H,V,R,T,V,G,V,A,V,G,F,C,L,P,L,S,L,L,I,L,F,Y,A,M,T,W,Y,V,V,K,R,T,K,L,-,-,R,A,-,-,K,R,Q,V,K,G,V,I,F,S,V,V,C,L,F,F,I,C,C,I,P,Y,Q,I,L,N,L,V,D,T,M,L,R,R,G,-,M,L,-,S,D,S,C,R,L,R,G,A,L,N,V,G,L,A,F,T,S,L,L,Q,A,L,Y,S,A,T,V,P,V,V,Y,S,C,L,G,S,L,F,R,R,R,V,Y,G,M,C,S,N,I,R,R,S,L,M,S,S,S,S,-,-,-,-,-,-,-,-,-,-,-,-,-,-,-,-,-,-,-,-,-,-,-,-,-,-,-,-,-,-,-,-,-,-,-,-,-,-,-,-,-,-,-,-,-,-,-,-,-,-,-,-,-,-
