a,b,n,ck1,ckr1,ck2,ckr2
7o7f,5uiw,0.30555556,CCL5,CCR5,CCL5,CCR5
7f1r,5uiw,0.22115385,CCL5,CCR5,CCL5,CCR5
7f1r,7o7f,0.28,CCL5,CCR5,CCL5,CCR5
zheng,5uiw,0.49137931,CCL5,CCR5,CCL5,CCR5
zheng,7o7f,0.27927928,CCL5,CCR5,CCL5,CCR5
zheng,7f1r,0.20754717,CCL5,CCR5,CCL5,CCR5
7vl9,5uiw,0.27731092,CCL15,CCR1,CCL5,CCR5
7vl9,7o7f,0.24742268,CCL15,CCR1,CCL5,CCR5
7vl9,7f1r,0.12631579,CCL15,CCR1,CCL5,CCR5
7vl9,zheng,0.33043478,CCL15,CCR1,CCL5,CCR5
7xa3,5uiw,0.14414414,CCL2,CCR2,CCL5,CCR5
7xa3,7o7f,0.07865169,CCL2,CCR2,CCL5,CCR5
7xa3,7f1r,0.09333333,CCL2,CCR2,CCL5,CCR5
7xa3,zheng,0.08474576,CCL2,CCR2,CCL5,CCR5
7xa3,7vl9,0.103092784,CCL2,CCR2,CCL15,CCR1
7f1t,5uiw,0.44537815,CCL3,CCR5,CCL5,CCR5
7f1t,7o7f,0.23684211,CCL3,CCR5,CCL5,CCR5
7f1t,7f1r,0.15454545,CCL3,CCR5,CCL5,CCR5
7f1t,zheng,0.36220472,CCL3,CCR5,CCL5,CCR5
7f1t,7vl9,0.32173913,CCL3,CCR5,CCL15,CCR1
7f1t,7xa3,0.11403509,CCL3,CCR5,CCL2,CCR2
6wwz,5uiw,0.18446602,CCL20,CCR6,CCL5,CCR5
6wwz,7o7f,0.09638554,CCL20,CCR6,CCL5,CCR5
6wwz,7f1r,0.06944444,CCL20,CCR6,CCL5,CCR5
6wwz,zheng,0.11818182,CCL20,CCR6,CCL5,CCR5
6wwz,7vl9,0.146067416,CCL20,CCR6,CCL15,CCR1
6wwz,7xa3,0.1,CCL20,CCR6,CCL2,CCR2
6wwz,7f1t,0.173076923,CCL20,CCR6,CCL3,CCR5
8ic0,5uiw,0.07758621,CXCL8,CXCR1,CCL5,CCR5
8ic0,7o7f,0.02173913,CXCL8,CXCR1,CCL5,CCR5
8ic0,7f1r,0.05263158,CXCL8,CXCR1,CCL5,CCR5
8ic0,zheng,0.05,CXCL8,CXCR1,CCL5,CCR5
8ic0,7vl9,0.05,CXCL8,CXCR1,CCL15,CCR1
8ic0,7xa3,0.05263158,CXCL8,CXCR1,CCL2,CCR2
8ic0,7f1t,0.086956522,CXCL8,CXCR1,CCL3,CCR5
8ic0,6wwz,0.08695652,CXCL8,CXCR1,CCL20,CCR6
6lfo,5uiw,0.03305785,CXCL8,CXCR2,CCL5,CCR5
6lfo,7o7f,0.03296703,CXCL8,CXCR2,CCL5,CCR5
6lfo,7f1r,0.03896104,CXCL8,CXCR2,CCL5,CCR5
6lfo,zheng,0.05,CXCL8,CXCR2,CCL5,CCR5
6lfo,7vl9,0.029411765,CXCL8,CXCR2,CCL15,CCR1
6lfo,7xa3,0.03896104,CXCL8,CXCR2,CCL2,CCR2
6lfo,7f1t,0.050420168,CXCL8,CXCR2,CCL3,CCR5
6lfo,6wwz,0.04166667,CXCL8,CXCR2,CCL20,CCR6
6lfo,8ic0,0.27868852,CXCL8,CXCR2,CXCL8,CXCR1
ngo,5uiw,0.12154696,CXCL12,CXCR4,CCL5,CCR5
ngo,7o7f,0.05521472,CXCL12,CXCR4,CCL5,CCR5
ngo,7f1r,0.04635762,CXCL12,CXCR4,CCL5,CCR5
ngo,zheng,0.12087912,CXCL12,CXCR4,CCL5,CCR5
ngo,7vl9,0.070175439,CXCL12,CXCR4,CCL15,CCR1
ngo,7xa3,0.06756757,CXCL12,CXCR4,CCL2,CCR2
ngo,7f1t,0.115384615,CXCL12,CXCR4,CCL3,CCR5
ngo,6wwz,0.09285714,CXCL12,CXCR4,CCL20,CCR6
ngo,8ic0,0.09859155,CXCL12,CXCR4,CXCL8,CXCR1
ngo,6lfo,0.10638298,CXCL12,CXCR4,CXCL8,CXCR2
7sk3,5uiw,0.04444444,CXCL12,ACKR3,CCL5,CCR5
7sk3,7o7f,0.04761905,CXCL12,ACKR3,CCL5,CCR5
7sk3,7f1r,0.04347826,CXCL12,ACKR3,CCL5,CCR5
7sk3,zheng,0.02898551,CXCL12,ACKR3,CCL5,CCR5
7sk3,7vl9,0.008333333,CXCL12,ACKR3,CCL15,CCR1
7sk3,7xa3,0,CXCL12,ACKR3,CCL2,CCR2
7sk3,7f1t,0.007142857,CXCL12,ACKR3,CCL3,CCR5
7sk3,6wwz,0,CXCL12,ACKR3,CCL20,CCR6
7sk3,8ic0,0.03296703,CXCL12,ACKR3,CXCL8,CXCR1
7sk3,6lfo,0.03296703,CXCL12,ACKR3,CXCL8,CXCR2
7sk3,ngo,0.04242424,CXCL12,ACKR3,CXCL12,CXCR4
7xbx,5uiw,0.02727273,CX3CL1,CX3CR1,CCL5,CCR5
7xbx,7o7f,0.01234568,CX3CL1,CX3CR1,CCL5,CCR5
7xbx,7f1r,0,CX3CL1,CX3CR1,CCL5,CCR5
7xbx,zheng,0.02702703,CX3CL1,CX3CR1,CCL5,CCR5
7xbx,7vl9,0.04494382,CX3CL1,CX3CR1,CCL15,CCR1
7xbx,7xa3,0.01492537,CX3CL1,CX3CR1,CCL2,CCR2
7xbx,7f1t,0.018018018,CX3CL1,CX3CR1,CCL3,CCR5
7xbx,6wwz,0.01612903,CX3CL1,CX3CR1,CCL20,CCR6
7xbx,8ic0,0.01538462,CX3CL1,CX3CR1,CXCL8,CXCR1
7xbx,6lfo,0.01538462,CX3CL1,CX3CR1,CXCL8,CXCR2
7xbx,ngo,0.03597122,CX3CL1,CX3CR1,CXCL12,CXCR4
7xbx,7sk3,0.025,CX3CL1,CX3CR1,CXCL12,ACKR3
4rws,5uiw,0.16239316,vMIPII,CXCR4,CCL5,CCR5
4rws,7o7f,0.06060606,vMIPII,CXCR4,CCL5,CCR5
4rws,7f1r,0.01111111,vMIPII,CXCR4,CCL5,CCR5
4rws,zheng,0.14166667,vMIPII,CXCR4,CCL5,CCR5
4rws,7vl9,0.137254902,vMIPII,CXCR4,CCL15,CCR1
4rws,7xa3,0.1375,vMIPII,CXCR4,CCL2,CCR2
4rws,7f1t,0.214285714,vMIPII,CXCR4,CCL3,CCR5
4rws,6wwz,0.17808219,vMIPII,CXCR4,CCL20,CCR6
4rws,8ic0,0.08536585,vMIPII,CXCR4,CXCL8,CXCR1
4rws,6lfo,0.04705882,vMIPII,CXCR4,CXCL8,CXCR2
4rws,ngo,0.12080537,vMIPII,CXCR4,CXCL12,CXCR4
4rws,7sk3,0,vMIPII,CXCR4,CXCL12,ACKR3
4rws,7xbx,0.02666667,vMIPII,CXCR4,CX3CL1,CX3CR1
4xt1,5uiw,0.05442177,CX3CL1,US28,CCL5,CCR5
4xt1,7o7f,0.03333333,CX3CL1,US28,CCL5,CCR5
4xt1,7f1r,0,CX3CL1,US28,CCL5,CCR5
4xt1,zheng,0.07586207,CX3CL1,US28,CCL5,CCR5
4xt1,7vl9,0.115702479,CX3CL1,US28,CCL15,CCR1
4xt1,7xa3,0.02803738,CX3CL1,US28,CCL2,CCR2
4xt1,7f1t,0.068965517,CX3CL1,US28,CCL3,CCR5
4xt1,6wwz,0.05,CX3CL1,US28,CCL20,CCR6
4xt1,8ic0,0.09090909,CX3CL1,US28,CXCL8,CXCR1
4xt1,6lfo,0.05882353,CX3CL1,US28,CXCL8,CXCR2
4xt1,ngo,0.09411765,CX3CL1,US28,CXCL12,CXCR4
4xt1,7sk3,0.016393443,CX3CL1,US28,CXCL12,ACKR3
4xt1,7xbx,0.23076923,CX3CL1,US28,CX3CL1,CX3CR1
4xt1,4rws,0.08181818,CX3CL1,US28,vMIPII,CXCR4
5wb2,5uiw,0.07407407,CX3CL1,US28,CCL5,CCR5
5wb2,7o7f,0.05555556,CX3CL1,US28,CCL5,CCR5
5wb2,7f1r,0.01010101,CX3CL1,US28,CCL5,CCR5
5wb2,zheng,0.06569343,CX3CL1,US28,CCL5,CCR5
5wb2,7vl9,0.077586207,CX3CL1,US28,CCL15,CCR1
5wb2,7xa3,0.03092784,CX3CL1,US28,CCL2,CCR2
5wb2,7f1t,0.066176471,CX3CL1,US28,CCL3,CCR5
5wb2,6wwz,0.04395604,CX3CL1,US28,CCL20,CCR6
5wb2,8ic0,0.07692308,CX3CL1,US28,CXCL8,CXCR1
5wb2,6lfo,0.11363636,CX3CL1,US28,CXCL8,CXCR2
5wb2,ngo,0.10691824,CX3CL1,US28,CXCL12,CXCR4
5wb2,7sk3,0.027027027,CX3CL1,US28,CXCL12,ACKR3
5wb2,7xbx,0.1025641,CX3CL1,US28,CX3CL1,CX3CR1
5wb2,4rws,0.09,CX3CL1,US28,vMIPII,CXCR4
5wb2,4xt1,0.24271845,CX3CL1,US28,CX3CL1,US28
