protein,seq,class,NTc.Cm70,NTc.Cm69,NTc.Cm68,NTc.Cm67,NTc.Cm66,NTc.Cm65,NTc.Cm64,NTc.Cm63,NTc.Cm62,NTc.Cm61,NTc.Cm60,NTc.Cm59,NTc.Cm58,NTc.Cm57,NTc.Cm56,NTc.Cm55,NTc.Cm54,NTc.Cm53,NTc.Cm52,NTc.Cm51,NTc.Cm50,NTc.Cm49,NTc.Cm48,NTc.Cm47,NTc.Cm46,NTc.Cm45,NTc.Cm44,NTc.Cm43,NTc.Cm42,NTc.Cm41,NTc.Cm40,NTc.Cm39,NTc.Cm38,NTc.Cm37,NTc.Cm36,NTc.Cm35,NTc.Cm34,NTc.Cm33,NTc.Cm32,NTc.Cm31,NTc.Cm30,NTc.Cm29,NTc.Cm28,NTc.Cm27,NTc.Cm26,NTc.Cm25,NTc.Cm24,NTc.Cm23,NTc.Cm22,NTc.Cm21,NTc.Cm20,NTc.Cm19,NTc.Cm18,NTc.Cm17,NTc.Cm16,NTc.Cm15,NTc.Cm14,NTc.Cm13,NTc.Cm12,NTc.Cm11,NTc.Cm10,NTc.Cm9,NTc.Cm8,NTc.Cm7,NTc.Cm6,NTc.Cm5,NTc.Cm4,NTc.Cm3,NTc.Cm2,NTc.Cm1,CX.1,CX.2,CX.3,CX.4,CX.5,cxb1.1,cxb1.2,cxb1.3,cxb1.4,cxb1.5,cxb1.6,cxb1.7,cxb1.8,cxb1.9,cxb1.10,cxb1.11,cxb1.12,cxb1.13,cxb1.14,cxb1.15,cxb1.16,cxb1.17,cxb1.18,cxb1.19,B1.1,B1.2,B1.3,B1.4,B1.5,B1.6,B1.7,b1b2.1,b1b2.2,b1b2.3,b1b2.4,b1b2.5,b1b2.6,b1b2.7,b1b2.8,b1b2.9,b1b2.10,b1b2.11,b1b2.12,b1b2.13,b1b2.14,b1b2.15,b1b2.16,b1b2.17,b1b2.18,b1b2.19,b1b2.20,b1b2.21,b1b2.22,b1b2.23,b1b2.24,b1b2.25,B2.1,B2.2,B2.3,B2.4,B2.5,B2.6,b2b3.1,b2b3.2,b2b3.3,b2b3.4,b2b3.5,b2b3.6,b2b3.7,b2b3.8,b2b3.9,b2b3.10,b2b3.11,b2b3.12,B3.1,B3.2,B3.3,B3.4,b3h.1,b3h.2,b3h.3,b3h.4,b3h.5,b3h.6,H.1,H.2,H.3,H.4,H.5,H.6,H.7,H.8,H.9,H.10,CT.1,CT.2,CT.3,CT.4,CT.5,CT.6,CT.7,CT.8,CT.9,CT.10,CT.11,CT.12,CT.13,CT.14,CT.15,CT.16,CT.17,CT.18,CT.19,CT.20,CT.21,CT.22,CT.23,CT.24,CT.25,CT.26,CT.27,CT.28,CT.29,CT.30,CT.31,CT.32,CT.33,CT.34,CT.35,CT.36,CT.37,CT.38,CT.39,CT.40,CT.41,CT.42,CT.43,CT.44,CT.45,CT.46,CT.47,CT.48,CT.49,CT.50,CT.51,CT.52,CT.53,CT.54,CT.55,CT.56,CT.57,CT.58,CT.59,CT.60,CT.61,CT.62,CT.63,CT.64,CT.65,CT.66,CT.67,CT.68,CT.69,CT.70,CT.71,CT.72,CT.73,CT.74,CT.75,CT.76,CT.77,CT.78,CT.79,CT.80,CT.81,CT.82,CT.83,CT.84,CT.85,CT.86,CT.87,CT.88,CT.89,CT.90,CT.91,CT.92,CT.93,CT.94,CT.95,CT.96,CT.97,CT.98,CT.99,CT.100,CT.101,CT.102,CT.103,CT.104,CT.105,CT.106,CT.107,CT.108,CT.109,CT.110,CT.111,CT.112,CT.113,CT.114,CT.115,CT.116,CT.117,CT.118,CT.119,CT.120,CT.121,CT.122,CT.123,CT.124,CT.125,CT.126,CT.127,CT.128,CT.129,CT.130,CT.131,CT.132,CT.133,CT.134,CT.135,CT.136,CT.137,CT.138,CT.139,CT.140,CT.141,CT.142,CT.143,CT.144,CT.145,CT.146,CT.147,CT.148,CT.149,CT.150,CT.151,CT.152,CT.153,CT.154,CT.155,CT.156,CT.157,CT.158,CT.159,CT.160,CT.161,CT.162,CT.163,CT.164,CT.165,CT.166,CT.167,CT.168,CT.169,CT.170,CT.171,CT.172,CT.173,CT.174,CT.175,CT.176,CT.177,CT.178,CT.179,CT.180,CT.181,CT.182,CT.183,CT.184,CT.185,CT.186,CT.187,CT.188,CT.189,CT.190,CT.191,CT.192,CT.193,CT.194,CT.195,CT.196,CT.197,CT.198,CT.199,CT.200,CT.201,CT.202,CT.203,CT.204,CT.205,CT.206,CT.207,CT.208,CT.209,CT.210,CT.211,CT.212,CT.213,CT.214,CT.215,CT.216,CT.217,CT.218,CT.219,CT.220,CT.221,CT.222,CT.223,CT.224,CT.225,CT.226,CT.227,CT.228,CT.229,CT.230,CT.231,CT.232,CT.233,CT.234,CT.235,CT.236,CT.237,CT.238,CT.239,CT.240,CT.241,CT.242,CT.243,CT.244,CT.245,CT.246,CT.247,CT.248,CT.249,CT.250,CT.251,CT.252,CT.253,CT.254,CT.255,CT.256,CT.257,CT.258,CT.259,CT.260,CT.261,CT.262,CT.263,CT.264,CT.265,CT.266,CT.267,CT.268,CT.269,CT.270,CT.271,CT.272,CT.273,CT.274,CT.275,CT.276,CT.277,CT.278,CT.279,CT.280,CT.281,CT.282,CT.283,CT.284,CT.285,CT.286,CT.287,CT.288,CT.289,CT.290,CT.291,CT.292,CT.293,CT.294,CT.295,CT.296,CT.297,CT.298,CT.299,CT.300,CT.301,CT.302,CT.303,CT.304,CT.305,CT.306,CT.307,CT.308
ccl1,ccl1_human/1-96  /1-32   /1-32    /1-32 HUMAN12392 | CCL1_HUMAN | self | [Homo sapiens],cc,-,-,-,-,-,-,-,-,-,-,-,-,-,-,-,-,-,-,-,-,-,-,-,-,-,-,-,-,-,-,-,-,-,-,-,-,-,-,M,Q,I,I,T,T,A,L,V,C,L,L,L,A,G,M,W,P,E,D,V,D,S,K,S,M,Q,V,P,F,S,R,C,-,-,-,C,F,S,-,-,F,A,E,Q,-,E,I,-,-,P,L,R,-,-,-,A,I,L,C,Y,R,N,-,-,-,T,-,S,-,-,S,I,-,C,S,N,-,E,-,-,-,-,-,-,-,-,-,G,L,I,F,K,L,-,K,-,R,-,-,-,-,-,-,G,K,E,A,C,A,L,D,T,V,-,-,G,W,V,Q,R,H,R,K,M,L,R,H,C,P,S,K,R,K,-,-,-,-,-,-,-,-,-,-,-,-,-,-,-,-,-,-,-,-,-,-,-,-,-,-,-,-,-,-,-,-,-,-,-,-,-,-,-,-,-,-,-,-,-,-,-,-,-,-,-,-,-,-,-,-,-,-,-,-,-,-,-,-,-,-,-,-,-,-,-,-,-,-,-,-,-,-,-,-,-,-,-,-,-,-,-,-,-,-,-,-,-,-,-,-,-,-,-,-,-,-,-,-,-,-,-,-,-,-,-,-,-,-,-,-,-,-,-,-,-,-,-,-,-,-,-,-,-,-,-,-,-,-,-,-,-,-,-,-,-,-,-,-,-,-,-,-,-,-,-,-,-,-,-,-,-,-,-,-,-,-,-,-,-,-,-,-,-,-,-,-,-,-,-,-,-,-,-,-,-,-,-,-,-,-,-,-,-,-,-,-,-,-,-,-,-,-,-,-,-,-,-,-,-,-,-,-,-,-,-,-,-,-,-,-,-,-,-,-,-,-,-,-,-,-,-,-,-,-,-,-,-,-,-,-,-,-,-,-,-,-,-,-,-,-,-,-,-,-,-,-,-,-,-,-,-,-,-,-,-,-,-,-,-,-,-,-,-,-,-,-,-,-,-,-,-,-,-,-,-,-,-,-,-,-,-,-,-,-,-,-,-,-,-,-,-,-,-,-
ccl2,ccl2_human/1-99  /1-33   /1-33    /1-33 HUMAN12386 | CCL2_HUMAN | self | [Homo sapiens],cc,-,-,-,-,-,-,-,-,-,-,-,-,-,-,-,-,-,-,-,-,-,-,-,-,-,-,-,-,-,-,-,-,-,-,-,-,-,M,K,V,S,A,A,L,L,C,L,L,L,I,A,A,T,F,I,P,Q,G,L,A,Q,P,D,A,I,N,A,P,V,T,C,-,-,-,C,Y,N,-,-,F,T,N,R,-,K,I,-,-,S,V,Q,-,-,-,R,L,A,S,Y,R,R,-,-,-,I,-,T,S,-,S,K,-,C,P,K,-,E,-,-,-,-,-,-,-,-,-,A,V,I,F,K,T,-,I,-,V,-,-,-,-,-,-,A,K,E,I,C,A,D,P,K,Q,-,-,K,W,V,Q,D,S,M,D,H,L,D,K,Q,T,Q,T,P,K,T,-,-,-,-,-,-,-,-,-,-,-,-,-,-,-,-,-,-,-,-,-,-,-,-,-,-,-,-,-,-,-,-,-,-,-,-,-,-,-,-,-,-,-,-,-,-,-,-,-,-,-,-,-,-,-,-,-,-,-,-,-,-,-,-,-,-,-,-,-,-,-,-,-,-,-,-,-,-,-,-,-,-,-,-,-,-,-,-,-,-,-,-,-,-,-,-,-,-,-,-,-,-,-,-,-,-,-,-,-,-,-,-,-,-,-,-,-,-,-,-,-,-,-,-,-,-,-,-,-,-,-,-,-,-,-,-,-,-,-,-,-,-,-,-,-,-,-,-,-,-,-,-,-,-,-,-,-,-,-,-,-,-,-,-,-,-,-,-,-,-,-,-,-,-,-,-,-,-,-,-,-,-,-,-,-,-,-,-,-,-,-,-,-,-,-,-,-,-,-,-,-,-,-,-,-,-,-,-,-,-,-,-,-,-,-,-,-,-,-,-,-,-,-,-,-,-,-,-,-,-,-,-,-,-,-,-,-,-,-,-,-,-,-,-,-,-,-,-,-,-,-,-,-,-,-,-,-,-,-,-,-,-,-,-,-,-,-,-,-,-,-,-,-,-,-,-,-,-,-,-,-,-,-,-,-,-,-,-,-,-,-,-,-,-,-,-,-,-,-
ccl3,ccl3_human/1-92  /1-32   /1-32    /1-32 HUMAN12441 | CCL3_HUMAN | self | [Homo sapiens],cc,-,-,-,-,-,-,-,-,-,-,-,-,-,-,-,-,-,-,-,-,-,-,-,-,-,-,-,-,-,-,-,-,-,-,-,-,-,M,Q,V,S,T,A,A,L,A,V,L,L,C,T,M,A,L,C,N,Q,-,F,S,A,S,L,A,A,D,T,P,T,A,C,-,-,-,C,F,S,-,-,Y,T,S,R,-,Q,I,-,-,P,Q,N,-,-,-,F,I,A,D,Y,F,E,-,-,-,T,-,S,-,-,S,Q,-,C,S,K,-,P,-,-,-,-,-,-,-,-,-,G,V,I,F,L,T,-,K,-,R,-,-,-,-,-,-,S,R,Q,V,C,A,D,P,S,E,-,-,E,W,V,Q,K,Y,V,S,D,L,E,L,S,A,-,-,-,-,-,-,-,-,-,-,-,-,-,-,-,-,-,-,-,-,-,-,-,-,-,-,-,-,-,-,-,-,-,-,-,-,-,-,-,-,-,-,-,-,-,-,-,-,-,-,-,-,-,-,-,-,-,-,-,-,-,-,-,-,-,-,-,-,-,-,-,-,-,-,-,-,-,-,-,-,-,-,-,-,-,-,-,-,-,-,-,-,-,-,-,-,-,-,-,-,-,-,-,-,-,-,-,-,-,-,-,-,-,-,-,-,-,-,-,-,-,-,-,-,-,-,-,-,-,-,-,-,-,-,-,-,-,-,-,-,-,-,-,-,-,-,-,-,-,-,-,-,-,-,-,-,-,-,-,-,-,-,-,-,-,-,-,-,-,-,-,-,-,-,-,-,-,-,-,-,-,-,-,-,-,-,-,-,-,-,-,-,-,-,-,-,-,-,-,-,-,-,-,-,-,-,-,-,-,-,-,-,-,-,-,-,-,-,-,-,-,-,-,-,-,-,-,-,-,-,-,-,-,-,-,-,-,-,-,-,-,-,-,-,-,-,-,-,-,-,-,-,-,-,-,-,-,-,-,-,-,-,-,-,-,-,-,-,-,-,-,-,-,-,-,-,-,-,-,-,-,-,-,-,-,-,-,-,-,-,-,-,-,-,-,-,-,-,-,-,-,-,-,-
ccl3l1,ccl3l1_human/1-93  /1-33   /1-33 | HUMAN12445 | CL3L1_HUMAN | self | [Homo sapiens],cc,-,-,-,-,-,-,-,-,-,-,-,-,-,-,-,-,-,-,-,-,-,-,-,-,-,-,-,-,-,-,-,-,-,-,-,-,-,M,Q,V,S,T,A,A,L,A,V,L,L,C,T,M,A,L,C,N,Q,V,L,S,A,P,L,A,A,D,T,P,T,A,C,-,-,-,C,F,S,-,-,Y,T,S,R,-,Q,I,-,-,P,Q,N,-,-,-,F,I,A,D,Y,F,E,-,-,-,T,-,S,-,-,S,Q,-,C,S,K,-,P,-,-,-,-,-,-,-,-,-,S,V,I,F,L,T,-,K,-,R,-,-,-,-,-,-,G,R,Q,V,C,A,D,P,S,E,-,-,E,W,V,Q,K,Y,V,S,D,L,E,L,S,A,-,-,-,-,-,-,-,-,-,-,-,-,-,-,-,-,-,-,-,-,-,-,-,-,-,-,-,-,-,-,-,-,-,-,-,-,-,-,-,-,-,-,-,-,-,-,-,-,-,-,-,-,-,-,-,-,-,-,-,-,-,-,-,-,-,-,-,-,-,-,-,-,-,-,-,-,-,-,-,-,-,-,-,-,-,-,-,-,-,-,-,-,-,-,-,-,-,-,-,-,-,-,-,-,-,-,-,-,-,-,-,-,-,-,-,-,-,-,-,-,-,-,-,-,-,-,-,-,-,-,-,-,-,-,-,-,-,-,-,-,-,-,-,-,-,-,-,-,-,-,-,-,-,-,-,-,-,-,-,-,-,-,-,-,-,-,-,-,-,-,-,-,-,-,-,-,-,-,-,-,-,-,-,-,-,-,-,-,-,-,-,-,-,-,-,-,-,-,-,-,-,-,-,-,-,-,-,-,-,-,-,-,-,-,-,-,-,-,-,-,-,-,-,-,-,-,-,-,-,-,-,-,-,-,-,-,-,-,-,-,-,-,-,-,-,-,-,-,-,-,-,-,-,-,-,-,-,-,-,-,-,-,-,-,-,-,-,-,-,-,-,-,-,-,-,-,-,-,-,-,-,-,-,-,-,-,-,-,-,-,-,-,-,-,-,-,-,-,-,-,-,-,-,-
ccl4,ccl4_human/1-92  /1-33   /1-33 | ENSP00000482259 | SELF | HUMAN,cc,-,-,-,-,-,-,-,-,-,-,-,-,-,-,-,-,-,-,-,-,-,-,-,-,-,-,-,-,-,-,-,-,-,-,-,-,-,M,K,L,C,V,T,V,L,S,L,L,M,L,V,A,A,F,C,S,P,A,L,S,A,P,M,G,S,D,P,P,T,A,C,-,-,-,C,F,S,-,-,Y,T,A,R,-,K,L,-,-,P,R,N,-,-,-,F,V,V,D,Y,Y,E,-,-,-,T,-,S,-,-,S,L,-,C,S,Q,-,P,-,-,-,-,-,-,-,-,-,A,V,V,F,Q,T,-,K,-,R,-,-,-,-,-,-,S,K,Q,V,C,A,D,P,S,E,-,-,S,W,V,Q,E,Y,V,Y,D,L,E,L,N,-,-,-,-,-,-,-,-,-,-,-,-,-,-,-,-,-,-,-,-,-,-,-,-,-,-,-,-,-,-,-,-,-,-,-,-,-,-,-,-,-,-,-,-,-,-,-,-,-,-,-,-,-,-,-,-,-,-,-,-,-,-,-,-,-,-,-,-,-,-,-,-,-,-,-,-,-,-,-,-,-,-,-,-,-,-,-,-,-,-,-,-,-,-,-,-,-,-,-,-,-,-,-,-,-,-,-,-,-,-,-,-,-,-,-,-,-,-,-,-,-,-,-,-,-,-,-,-,-,-,-,-,-,-,-,-,-,-,-,-,-,-,-,-,-,-,-,-,-,-,-,-,-,-,-,-,-,-,-,-,-,-,-,-,-,-,-,-,-,-,-,-,-,-,-,-,-,-,-,-,-,-,-,-,-,-,-,-,-,-,-,-,-,-,-,-,-,-,-,-,-,-,-,-,-,-,-,-,-,-,-,-,-,-,-,-,-,-,-,-,-,-,-,-,-,-,-,-,-,-,-,-,-,-,-,-,-,-,-,-,-,-,-,-,-,-,-,-,-,-,-,-,-,-,-,-,-,-,-,-,-,-,-,-,-,-,-,-,-,-,-,-,-,-,-,-,-,-,-,-,-,-,-,-,-,-,-,-,-,-,-,-,-,-,-,-,-,-,-,-,-,-,-,-,-
ccl4l1,ccl4l1_human/1-92,cc,-,-,-,-,-,-,-,-,-,-,-,-,-,-,-,-,-,-,-,-,-,-,-,-,-,-,-,-,-,-,-,-,-,-,-,-,-,M,K,L,C,V,T,V,L,S,L,L,V,L,V,A,A,F,C,S,L,A,L,S,A,P,M,G,S,D,P,P,T,A,C,-,-,-,C,F,S,-,-,Y,T,A,R,-,K,L,-,-,P,R,N,-,-,-,F,V,V,D,Y,Y,E,-,-,-,T,-,S,-,-,S,L,-,C,S,Q,-,P,-,-,-,-,-,-,-,-,-,A,V,V,F,Q,T,-,K,-,R,-,-,-,-,-,-,G,K,Q,V,C,A,D,P,S,E,-,-,S,W,V,Q,E,Y,V,Y,D,L,E,L,N,-,-,-,-,-,-,-,-,-,-,-,-,-,-,-,-,-,-,-,-,-,-,-,-,-,-,-,-,-,-,-,-,-,-,-,-,-,-,-,-,-,-,-,-,-,-,-,-,-,-,-,-,-,-,-,-,-,-,-,-,-,-,-,-,-,-,-,-,-,-,-,-,-,-,-,-,-,-,-,-,-,-,-,-,-,-,-,-,-,-,-,-,-,-,-,-,-,-,-,-,-,-,-,-,-,-,-,-,-,-,-,-,-,-,-,-,-,-,-,-,-,-,-,-,-,-,-,-,-,-,-,-,-,-,-,-,-,-,-,-,-,-,-,-,-,-,-,-,-,-,-,-,-,-,-,-,-,-,-,-,-,-,-,-,-,-,-,-,-,-,-,-,-,-,-,-,-,-,-,-,-,-,-,-,-,-,-,-,-,-,-,-,-,-,-,-,-,-,-,-,-,-,-,-,-,-,-,-,-,-,-,-,-,-,-,-,-,-,-,-,-,-,-,-,-,-,-,-,-,-,-,-,-,-,-,-,-,-,-,-,-,-,-,-,-,-,-,-,-,-,-,-,-,-,-,-,-,-,-,-,-,-,-,-,-,-,-,-,-,-,-,-,-,-,-,-,-,-,-,-,-,-,-,-,-,-,-,-,-,-,-,-,-,-,-,-,-,-,-,-,-,-,-,-,-
ccl5,ccl5_human/1-91  /1-32   /1-32 | ENSP00000474412 | SELF | HUMAN,cc,-,-,-,-,-,-,-,-,-,-,-,-,-,-,-,-,-,-,-,-,-,-,-,-,-,-,-,-,-,-,-,-,-,-,-,-,-,-,M,K,V,S,A,A,A,L,A,V,I,L,I,A,T,A,L,C,A,P,A,S,A,S,P,Y,S,S,D,T,T,P,C,-,-,-,C,F,A,-,-,Y,I,A,R,-,P,L,-,-,P,R,A,-,-,-,H,I,K,E,Y,F,Y,-,-,-,T,-,S,-,-,G,K,-,C,S,N,-,P,-,-,-,-,-,-,-,-,-,A,V,V,F,V,T,-,R,-,K,-,-,-,-,-,-,N,R,Q,V,C,A,N,P,E,K,-,-,K,W,V,R,E,Y,I,N,S,L,E,M,S,-,-,-,-,-,-,-,-,-,-,-,-,-,-,-,-,-,-,-,-,-,-,-,-,-,-,-,-,-,-,-,-,-,-,-,-,-,-,-,-,-,-,-,-,-,-,-,-,-,-,-,-,-,-,-,-,-,-,-,-,-,-,-,-,-,-,-,-,-,-,-,-,-,-,-,-,-,-,-,-,-,-,-,-,-,-,-,-,-,-,-,-,-,-,-,-,-,-,-,-,-,-,-,-,-,-,-,-,-,-,-,-,-,-,-,-,-,-,-,-,-,-,-,-,-,-,-,-,-,-,-,-,-,-,-,-,-,-,-,-,-,-,-,-,-,-,-,-,-,-,-,-,-,-,-,-,-,-,-,-,-,-,-,-,-,-,-,-,-,-,-,-,-,-,-,-,-,-,-,-,-,-,-,-,-,-,-,-,-,-,-,-,-,-,-,-,-,-,-,-,-,-,-,-,-,-,-,-,-,-,-,-,-,-,-,-,-,-,-,-,-,-,-,-,-,-,-,-,-,-,-,-,-,-,-,-,-,-,-,-,-,-,-,-,-,-,-,-,-,-,-,-,-,-,-,-,-,-,-,-,-,-,-,-,-,-,-,-,-,-,-,-,-,-,-,-,-,-,-,-,-,-,-,-,-,-,-,-,-,-,-,-,-,-,-,-,-,-,-,-,-,-,-,-,-
ccl7,ccl7_human/1-99  /1-33   /1-33    /1-33 HUMAN12387 | CCL7_HUMAN | self | [Homo sapiens],cc,-,-,-,-,-,-,-,-,-,-,-,-,-,-,-,-,-,-,-,-,-,-,-,-,-,-,-,-,-,-,-,-,-,-,-,-,-,M,K,A,S,A,A,L,L,C,L,L,L,T,A,A,A,F,S,P,Q,G,L,A,Q,P,V,G,I,N,T,S,T,T,C,-,-,-,C,Y,R,-,-,F,I,N,K,-,K,I,-,-,P,K,Q,-,-,-,R,L,E,S,Y,R,R,-,-,-,T,-,T,S,-,S,H,-,C,P,R,-,E,-,-,-,-,-,-,-,-,-,A,V,I,F,K,T,-,K,-,L,-,-,-,-,-,-,D,K,E,I,C,A,D,P,T,Q,-,-,K,W,V,Q,D,F,M,K,H,L,D,K,K,T,Q,T,P,K,L,-,-,-,-,-,-,-,-,-,-,-,-,-,-,-,-,-,-,-,-,-,-,-,-,-,-,-,-,-,-,-,-,-,-,-,-,-,-,-,-,-,-,-,-,-,-,-,-,-,-,-,-,-,-,-,-,-,-,-,-,-,-,-,-,-,-,-,-,-,-,-,-,-,-,-,-,-,-,-,-,-,-,-,-,-,-,-,-,-,-,-,-,-,-,-,-,-,-,-,-,-,-,-,-,-,-,-,-,-,-,-,-,-,-,-,-,-,-,-,-,-,-,-,-,-,-,-,-,-,-,-,-,-,-,-,-,-,-,-,-,-,-,-,-,-,-,-,-,-,-,-,-,-,-,-,-,-,-,-,-,-,-,-,-,-,-,-,-,-,-,-,-,-,-,-,-,-,-,-,-,-,-,-,-,-,-,-,-,-,-,-,-,-,-,-,-,-,-,-,-,-,-,-,-,-,-,-,-,-,-,-,-,-,-,-,-,-,-,-,-,-,-,-,-,-,-,-,-,-,-,-,-,-,-,-,-,-,-,-,-,-,-,-,-,-,-,-,-,-,-,-,-,-,-,-,-,-,-,-,-,-,-,-,-,-,-,-,-,-,-,-,-,-,-,-,-,-,-,-,-,-,-,-,-,-,-,-,-,-,-,-,-,-,-,-,-,-,-,-
ccl8,ccl8_human/1-99  /1-33   /1-33    /1-33 HUMAN12390 | CCL8_HUMAN | self | [Homo sapiens],cc,-,-,-,-,-,-,-,-,-,-,-,-,-,-,-,-,-,-,-,-,-,-,-,-,-,-,-,-,-,-,-,-,-,-,-,-,-,M,K,V,S,A,A,L,L,C,L,L,L,M,A,A,T,F,S,P,Q,G,L,A,Q,P,D,S,V,S,I,P,I,T,C,-,-,-,C,F,N,-,-,V,I,N,R,-,K,I,-,-,P,I,Q,-,-,-,R,L,E,S,Y,T,R,-,-,-,I,-,T,N,-,I,Q,-,C,P,K,-,E,-,-,-,-,-,-,-,-,-,A,V,I,F,K,T,-,K,-,R,-,-,-,-,-,-,G,K,E,V,C,A,D,P,K,E,-,-,R,W,V,R,D,S,M,K,H,L,D,Q,I,F,Q,N,L,K,P,-,-,-,-,-,-,-,-,-,-,-,-,-,-,-,-,-,-,-,-,-,-,-,-,-,-,-,-,-,-,-,-,-,-,-,-,-,-,-,-,-,-,-,-,-,-,-,-,-,-,-,-,-,-,-,-,-,-,-,-,-,-,-,-,-,-,-,-,-,-,-,-,-,-,-,-,-,-,-,-,-,-,-,-,-,-,-,-,-,-,-,-,-,-,-,-,-,-,-,-,-,-,-,-,-,-,-,-,-,-,-,-,-,-,-,-,-,-,-,-,-,-,-,-,-,-,-,-,-,-,-,-,-,-,-,-,-,-,-,-,-,-,-,-,-,-,-,-,-,-,-,-,-,-,-,-,-,-,-,-,-,-,-,-,-,-,-,-,-,-,-,-,-,-,-,-,-,-,-,-,-,-,-,-,-,-,-,-,-,-,-,-,-,-,-,-,-,-,-,-,-,-,-,-,-,-,-,-,-,-,-,-,-,-,-,-,-,-,-,-,-,-,-,-,-,-,-,-,-,-,-,-,-,-,-,-,-,-,-,-,-,-,-,-,-,-,-,-,-,-,-,-,-,-,-,-,-,-,-,-,-,-,-,-,-,-,-,-,-,-,-,-,-,-,-,-,-,-,-,-,-,-,-,-,-,-,-,-,-,-,-,-,-,-,-,-,-,-,-
ccl11,ccl11_human/1-97  /1-31   /1-31    /1-31 HUMAN12389 | CCL11_HUMAN | self | [Homo sapiens],cc,-,-,-,-,-,-,-,-,-,-,-,-,-,-,-,-,-,-,-,-,-,-,-,-,-,-,-,-,-,-,-,-,-,-,-,-,-,M,K,V,S,A,A,L,L,W,L,L,L,I,A,A,A,F,S,P,Q,G,L,A,G,P,A,S,V,P,T,T,-,-,C,-,-,-,C,F,N,-,-,L,A,N,R,-,K,I,-,-,P,L,Q,-,-,-,R,L,E,S,Y,R,R,-,-,-,I,-,T,S,-,G,K,-,C,P,Q,-,K,-,-,-,-,-,-,-,-,-,A,V,I,F,K,T,-,K,-,L,-,-,-,-,-,-,A,K,D,I,C,A,D,P,K,K,-,-,K,W,V,Q,D,S,M,K,Y,L,D,Q,K,S,P,T,P,K,P,-,-,-,-,-,-,-,-,-,-,-,-,-,-,-,-,-,-,-,-,-,-,-,-,-,-,-,-,-,-,-,-,-,-,-,-,-,-,-,-,-,-,-,-,-,-,-,-,-,-,-,-,-,-,-,-,-,-,-,-,-,-,-,-,-,-,-,-,-,-,-,-,-,-,-,-,-,-,-,-,-,-,-,-,-,-,-,-,-,-,-,-,-,-,-,-,-,-,-,-,-,-,-,-,-,-,-,-,-,-,-,-,-,-,-,-,-,-,-,-,-,-,-,-,-,-,-,-,-,-,-,-,-,-,-,-,-,-,-,-,-,-,-,-,-,-,-,-,-,-,-,-,-,-,-,-,-,-,-,-,-,-,-,-,-,-,-,-,-,-,-,-,-,-,-,-,-,-,-,-,-,-,-,-,-,-,-,-,-,-,-,-,-,-,-,-,-,-,-,-,-,-,-,-,-,-,-,-,-,-,-,-,-,-,-,-,-,-,-,-,-,-,-,-,-,-,-,-,-,-,-,-,-,-,-,-,-,-,-,-,-,-,-,-,-,-,-,-,-,-,-,-,-,-,-,-,-,-,-,-,-,-,-,-,-,-,-,-,-,-,-,-,-,-,-,-,-,-,-,-,-,-,-,-,-,-,-,-,-,-,-,-,-,-,-,-,-,-,-
ccl13,ccl13_human/1-98  /1-33   /1-33    /1-33 HUMAN12391 | CCL13_HUMAN | self | [Homo sapiens],cc,-,-,-,-,-,-,-,-,-,-,-,-,-,-,-,-,-,-,-,-,-,-,-,-,-,-,-,-,-,-,-,-,-,-,-,-,-,M,K,V,S,A,V,L,L,C,L,L,L,M,T,A,A,F,N,P,Q,G,L,A,Q,P,D,A,L,N,V,P,S,T,C,-,-,-,C,F,T,-,-,F,S,S,K,-,K,I,-,-,S,L,Q,-,-,-,R,L,K,S,Y,V,I,-,-,-,T,-,T,-,-,S,R,-,C,P,Q,-,K,-,-,-,-,-,-,-,-,-,A,V,I,F,R,T,-,K,-,L,-,-,-,-,-,-,G,K,E,I,C,A,D,P,K,E,-,-,K,W,V,Q,N,Y,M,K,H,L,G,R,K,A,H,T,L,K,T,-,-,-,-,-,-,-,-,-,-,-,-,-,-,-,-,-,-,-,-,-,-,-,-,-,-,-,-,-,-,-,-,-,-,-,-,-,-,-,-,-,-,-,-,-,-,-,-,-,-,-,-,-,-,-,-,-,-,-,-,-,-,-,-,-,-,-,-,-,-,-,-,-,-,-,-,-,-,-,-,-,-,-,-,-,-,-,-,-,-,-,-,-,-,-,-,-,-,-,-,-,-,-,-,-,-,-,-,-,-,-,-,-,-,-,-,-,-,-,-,-,-,-,-,-,-,-,-,-,-,-,-,-,-,-,-,-,-,-,-,-,-,-,-,-,-,-,-,-,-,-,-,-,-,-,-,-,-,-,-,-,-,-,-,-,-,-,-,-,-,-,-,-,-,-,-,-,-,-,-,-,-,-,-,-,-,-,-,-,-,-,-,-,-,-,-,-,-,-,-,-,-,-,-,-,-,-,-,-,-,-,-,-,-,-,-,-,-,-,-,-,-,-,-,-,-,-,-,-,-,-,-,-,-,-,-,-,-,-,-,-,-,-,-,-,-,-,-,-,-,-,-,-,-,-,-,-,-,-,-,-,-,-,-,-,-,-,-,-,-,-,-,-,-,-,-,-,-,-,-,-,-,-,-,-,-,-,-,-,-,-,-,-,-,-,-,-,-,-
ccl14,ccl14_human/1-109  /1-50   /1-50    /1-50 HUMAN12437 | CCL14_HUMAN_UNIPROT | self | [Homo sapiens],cc,-,-,-,-,-,-,-,-,-,-,-,-,-,-,-,-,-,-,-,-,M,K,I,S,V,A,A,I,P,F,F,L,L,I,T,I,A,L,G,T,K,T,E,S,S,S,Q,T,G,G,K,P,K,V,V,K,I,Q,L,K,L,V,G,G,P,Y,H,P,S,E,C,-,-,-,C,F,T,-,-,Y,T,T,Y,-,K,I,-,-,P,R,Q,-,-,-,R,I,M,D,Y,Y,E,-,-,-,T,-,N,-,-,S,Q,-,C,S,K,-,P,-,-,-,-,-,-,-,-,-,G,I,V,F,I,T,-,K,-,R,-,-,-,-,-,-,G,H,S,V,C,T,N,P,S,D,-,-,K,W,V,Q,D,Y,I,K,D,M,K,E,N,-,-,-,-,-,-,-,-,-,-,-,-,-,-,-,-,-,-,-,-,-,-,-,-,-,-,-,-,-,-,-,-,-,-,-,-,-,-,-,-,-,-,-,-,-,-,-,-,-,-,-,-,-,-,-,-,-,-,-,-,-,-,-,-,-,-,-,-,-,-,-,-,-,-,-,-,-,-,-,-,-,-,-,-,-,-,-,-,-,-,-,-,-,-,-,-,-,-,-,-,-,-,-,-,-,-,-,-,-,-,-,-,-,-,-,-,-,-,-,-,-,-,-,-,-,-,-,-,-,-,-,-,-,-,-,-,-,-,-,-,-,-,-,-,-,-,-,-,-,-,-,-,-,-,-,-,-,-,-,-,-,-,-,-,-,-,-,-,-,-,-,-,-,-,-,-,-,-,-,-,-,-,-,-,-,-,-,-,-,-,-,-,-,-,-,-,-,-,-,-,-,-,-,-,-,-,-,-,-,-,-,-,-,-,-,-,-,-,-,-,-,-,-,-,-,-,-,-,-,-,-,-,-,-,-,-,-,-,-,-,-,-,-,-,-,-,-,-,-,-,-,-,-,-,-,-,-,-,-,-,-,-,-,-,-,-,-,-,-,-,-,-,-,-,-,-,-,-,-,-,-,-,-,-,-,-,-,-,-,-,-,-,-,-,-,-,-,-,-,-,-,-,-,-,-
ccl15,ccl15_human/1-113  /1-52   /1-52    /1-52 HUMAN12438 | A0A0B4J2E2 | self | [Homo sapiens],cc,-,-,-,-,-,-,-,-,-,-,-,-,-,-,-,-,-,-,M,K,V,S,V,A,A,L,S,C,L,M,L,V,A,V,L,G,S,Q,A,Q,F,T,N,D,A,E,T,E,L,M,M,S,K,L,P,L,E,N,P,V,V,L,N,S,F,H,F,A,A,D,C,-,-,-,C,T,S,-,-,Y,I,S,Q,-,S,I,-,-,P,C,S,-,-,-,L,M,K,S,Y,F,E,-,-,-,T,-,S,-,-,S,E,-,C,S,K,-,P,-,-,-,-,-,-,-,-,-,G,V,I,F,L,T,-,K,-,K,-,-,-,-,-,-,G,R,Q,V,C,A,K,P,S,G,-,-,P,G,V,Q,D,C,M,K,K,L,K,P,Y,S,I,-,-,-,-,-,-,-,-,-,-,-,-,-,-,-,-,-,-,-,-,-,-,-,-,-,-,-,-,-,-,-,-,-,-,-,-,-,-,-,-,-,-,-,-,-,-,-,-,-,-,-,-,-,-,-,-,-,-,-,-,-,-,-,-,-,-,-,-,-,-,-,-,-,-,-,-,-,-,-,-,-,-,-,-,-,-,-,-,-,-,-,-,-,-,-,-,-,-,-,-,-,-,-,-,-,-,-,-,-,-,-,-,-,-,-,-,-,-,-,-,-,-,-,-,-,-,-,-,-,-,-,-,-,-,-,-,-,-,-,-,-,-,-,-,-,-,-,-,-,-,-,-,-,-,-,-,-,-,-,-,-,-,-,-,-,-,-,-,-,-,-,-,-,-,-,-,-,-,-,-,-,-,-,-,-,-,-,-,-,-,-,-,-,-,-,-,-,-,-,-,-,-,-,-,-,-,-,-,-,-,-,-,-,-,-,-,-,-,-,-,-,-,-,-,-,-,-,-,-,-,-,-,-,-,-,-,-,-,-,-,-,-,-,-,-,-,-,-,-,-,-,-,-,-,-,-,-,-,-,-,-,-,-,-,-,-,-,-,-,-,-,-,-,-,-,-,-,-,-,-,-,-,-,-,-,-,-,-,-,-,-,-,-,-,-,-,-,-,-,-,-,-,-
ccl16,ccl16_human/1-120  /1-36   /1-36    /1-36 HUMAN12434 | CCL16_HUMAN | self | [Homo sapiens],cc,-,-,-,-,-,-,-,-,-,-,-,-,-,-,-,-,-,-,-,-,-,-,-,-,-,-,-,-,-,-,-,-,-,-,M,K,V,S,E,A,A,L,S,L,L,V,L,I,L,I,I,T,S,A,S,R,S,Q,P,K,V,P,E,W,V,N,T,P,S,T,C,-,-,-,C,L,K,-,-,Y,Y,E,K,-,V,L,-,-,P,R,R,-,-,-,L,V,V,G,Y,R,K,-,-,-,A,-,L,-,-,N,-,-,C,H,L,-,P,-,-,-,-,-,-,-,-,-,A,I,I,F,V,T,-,K,-,R,-,-,-,-,-,-,N,R,E,V,C,T,N,P,N,D,-,-,D,W,V,Q,E,Y,I,K,D,P,N,L,P,L,L,P,T,R,N,L,S,T,V,K,I,I,T,A,K,N,G,Q,P,Q,L,L,N,S,Q,-,-,-,-,-,-,-,-,-,-,-,-,-,-,-,-,-,-,-,-,-,-,-,-,-,-,-,-,-,-,-,-,-,-,-,-,-,-,-,-,-,-,-,-,-,-,-,-,-,-,-,-,-,-,-,-,-,-,-,-,-,-,-,-,-,-,-,-,-,-,-,-,-,-,-,-,-,-,-,-,-,-,-,-,-,-,-,-,-,-,-,-,-,-,-,-,-,-,-,-,-,-,-,-,-,-,-,-,-,-,-,-,-,-,-,-,-,-,-,-,-,-,-,-,-,-,-,-,-,-,-,-,-,-,-,-,-,-,-,-,-,-,-,-,-,-,-,-,-,-,-,-,-,-,-,-,-,-,-,-,-,-,-,-,-,-,-,-,-,-,-,-,-,-,-,-,-,-,-,-,-,-,-,-,-,-,-,-,-,-,-,-,-,-,-,-,-,-,-,-,-,-,-,-,-,-,-,-,-,-,-,-,-,-,-,-,-,-,-,-,-,-,-,-,-,-,-,-,-,-,-,-,-,-,-,-,-,-,-,-,-,-,-,-,-,-,-,-,-,-,-,-,-,-,-,-,-,-,-,-,-,-,-,-,-,-,-,-,-,-,-,-,-,-,-,-,-,-,-
ccl17,ccl17_human/1-94  /1-32   /1-32    /1-32 HUMAN11105 | CCL17_HUMAN | self | [Homo sapiens],cc,-,-,-,-,-,-,-,-,-,-,-,-,-,-,-,-,-,-,-,-,-,-,-,-,-,-,-,-,-,-,-,-,-,-,-,-,-,-,M,A,P,L,K,M,L,A,L,V,T,L,L,L,G,A,S,L,Q,H,I,H,A,A,R,G,T,N,V,G,R,E,C,-,-,-,C,L,E,-,-,Y,F,K,G,-,A,I,-,-,P,L,R,-,-,-,K,L,K,T,W,Y,Q,-,-,-,T,-,S,-,-,E,D,-,C,S,R,-,D,-,-,-,-,-,-,-,-,-,A,I,V,F,V,T,-,V,-,Q,-,-,-,-,-,-,G,R,A,I,C,S,D,P,N,N,-,-,K,R,V,K,N,A,V,K,Y,L,Q,S,L,E,R,S,-,-,-,-,-,-,-,-,-,-,-,-,-,-,-,-,-,-,-,-,-,-,-,-,-,-,-,-,-,-,-,-,-,-,-,-,-,-,-,-,-,-,-,-,-,-,-,-,-,-,-,-,-,-,-,-,-,-,-,-,-,-,-,-,-,-,-,-,-,-,-,-,-,-,-,-,-,-,-,-,-,-,-,-,-,-,-,-,-,-,-,-,-,-,-,-,-,-,-,-,-,-,-,-,-,-,-,-,-,-,-,-,-,-,-,-,-,-,-,-,-,-,-,-,-,-,-,-,-,-,-,-,-,-,-,-,-,-,-,-,-,-,-,-,-,-,-,-,-,-,-,-,-,-,-,-,-,-,-,-,-,-,-,-,-,-,-,-,-,-,-,-,-,-,-,-,-,-,-,-,-,-,-,-,-,-,-,-,-,-,-,-,-,-,-,-,-,-,-,-,-,-,-,-,-,-,-,-,-,-,-,-,-,-,-,-,-,-,-,-,-,-,-,-,-,-,-,-,-,-,-,-,-,-,-,-,-,-,-,-,-,-,-,-,-,-,-,-,-,-,-,-,-,-,-,-,-,-,-,-,-,-,-,-,-,-,-,-,-,-,-,-,-,-,-,-,-,-,-,-,-,-,-,-,-,-,-,-,-,-,-,-,-,-,-,-,-,-,-,-,-,-
ccl18,ccl18_human/1-89  /1-29   /1-29    /1-29 HUMAN12440 | CCL18_HUMAN | self | [Homo sapiens],cc,-,-,-,-,-,-,-,-,-,-,-,-,-,-,-,-,-,-,-,-,-,-,-,-,-,-,-,-,-,-,-,-,-,-,-,-,-,-,-,-,-,M,K,G,L,A,A,A,L,L,V,L,V,C,T,M,A,L,C,S,C,A,Q,V,G,T,N,K,E,L,C,-,-,-,C,L,V,-,-,Y,T,S,W,-,Q,I,-,-,P,Q,K,-,-,-,F,I,V,D,Y,S,E,-,-,-,T,-,S,-,-,P,Q,-,C,P,K,-,P,-,-,-,-,-,-,-,-,-,G,V,I,L,L,T,-,K,-,R,-,-,-,-,-,-,G,R,Q,I,C,A,D,P,N,K,-,-,K,W,V,Q,K,Y,I,S,D,L,K,L,N,A,-,-,-,-,-,-,-,-,-,-,-,-,-,-,-,-,-,-,-,-,-,-,-,-,-,-,-,-,-,-,-,-,-,-,-,-,-,-,-,-,-,-,-,-,-,-,-,-,-,-,-,-,-,-,-,-,-,-,-,-,-,-,-,-,-,-,-,-,-,-,-,-,-,-,-,-,-,-,-,-,-,-,-,-,-,-,-,-,-,-,-,-,-,-,-,-,-,-,-,-,-,-,-,-,-,-,-,-,-,-,-,-,-,-,-,-,-,-,-,-,-,-,-,-,-,-,-,-,-,-,-,-,-,-,-,-,-,-,-,-,-,-,-,-,-,-,-,-,-,-,-,-,-,-,-,-,-,-,-,-,-,-,-,-,-,-,-,-,-,-,-,-,-,-,-,-,-,-,-,-,-,-,-,-,-,-,-,-,-,-,-,-,-,-,-,-,-,-,-,-,-,-,-,-,-,-,-,-,-,-,-,-,-,-,-,-,-,-,-,-,-,-,-,-,-,-,-,-,-,-,-,-,-,-,-,-,-,-,-,-,-,-,-,-,-,-,-,-,-,-,-,-,-,-,-,-,-,-,-,-,-,-,-,-,-,-,-,-,-,-,-,-,-,-,-,-,-,-,-,-,-,-,-,-,-,-,-,-,-,-,-,-,-,-,-,-,-,-,-,-,-,-,-,-
ccl19,ccl19_human/1-104  /1-28   /1-28    /1-28 HUMAN28645 | Q5VZ75 | self | [Homo sapiens],cc,-,-,-,-,-,-,-,-,-,-,-,-,-,-,-,-,-,-,-,-,-,-,-,-,-,-,-,-,-,-,-,-,-,-,-,-,-,-,-,-,-,-,M,A,L,L,L,A,L,S,L,L,V,L,W,T,S,P,A,P,T,L,S,G,T,N,D,A,E,D,C,-,-,-,C,L,S,-,-,V,T,-,Q,K,P,I,-,-,P,G,Y,-,-,-,I,V,R,N,F,H,Y,-,-,-,L,-,L,I,K,D,G,-,C,R,V,-,P,-,-,-,-,-,-,-,-,-,A,V,V,F,T,T,-,L,-,R,-,-,-,-,-,-,G,R,Q,L,C,A,P,P,D,Q,-,-,P,W,V,E,R,I,I,Q,R,L,Q,R,T,S,A,K,A,S,L,A,L,P,G,P,V,S,S,L,-,-,-,-,-,-,-,-,-,-,-,-,-,-,-,-,-,-,-,-,-,-,-,-,-,-,-,-,-,-,-,-,-,-,-,-,-,-,-,-,-,-,-,-,-,-,-,-,-,-,-,-,-,-,-,-,-,-,-,-,-,-,-,-,-,-,-,-,-,-,-,-,-,-,-,-,-,-,-,-,-,-,-,-,-,-,-,-,-,-,-,-,-,-,-,-,-,-,-,-,-,-,-,-,-,-,-,-,-,-,-,-,-,-,-,-,-,-,-,-,-,-,-,-,-,-,-,-,-,-,-,-,-,-,-,-,-,-,-,-,-,-,-,-,-,-,-,-,-,-,-,-,-,-,-,-,-,-,-,-,-,-,-,-,-,-,-,-,-,-,-,-,-,-,-,-,-,-,-,-,-,-,-,-,-,-,-,-,-,-,-,-,-,-,-,-,-,-,-,-,-,-,-,-,-,-,-,-,-,-,-,-,-,-,-,-,-,-,-,-,-,-,-,-,-,-,-,-,-,-,-,-,-,-,-,-,-,-,-,-,-,-,-,-,-,-,-,-,-,-,-,-,-,-,-,-,-,-,-,-,-,-,-,-,-,-,-,-,-,-,-,-,-,-,-,-,-,-,-,-,-,-,-,-,-,-,-,-,-,-
ccl20,ccl20_human/1-96  /1-31   /1-31    /1-31 HUMAN18325 | CCL20_HUMAN | self | [Homo sapiens],cc,-,-,-,-,-,-,-,-,-,-,-,-,-,-,-,-,-,-,-,-,-,-,-,-,-,-,-,-,-,-,-,-,-,-,-,-,-,-,-,M,C,C,T,K,S,L,L,L,A,A,L,M,S,V,L,L,L,H,L,C,G,E,S,E,A,A,S,N,F,D,C,-,-,-,C,L,G,-,-,Y,T,D,R,-,I,L,-,-,H,P,K,-,-,-,F,I,V,G,F,T,R,-,-,-,Q,-,L,A,N,E,G,-,C,D,I,-,N,-,-,-,-,-,-,-,-,-,A,I,I,F,H,T,-,K,-,K,-,-,-,-,-,-,K,L,S,V,C,A,N,P,K,Q,-,-,T,W,V,K,Y,I,V,R,L,L,S,K,K,V,K,N,M,-,-,-,-,-,-,-,-,-,-,-,-,-,-,-,-,-,-,-,-,-,-,-,-,-,-,-,-,-,-,-,-,-,-,-,-,-,-,-,-,-,-,-,-,-,-,-,-,-,-,-,-,-,-,-,-,-,-,-,-,-,-,-,-,-,-,-,-,-,-,-,-,-,-,-,-,-,-,-,-,-,-,-,-,-,-,-,-,-,-,-,-,-,-,-,-,-,-,-,-,-,-,-,-,-,-,-,-,-,-,-,-,-,-,-,-,-,-,-,-,-,-,-,-,-,-,-,-,-,-,-,-,-,-,-,-,-,-,-,-,-,-,-,-,-,-,-,-,-,-,-,-,-,-,-,-,-,-,-,-,-,-,-,-,-,-,-,-,-,-,-,-,-,-,-,-,-,-,-,-,-,-,-,-,-,-,-,-,-,-,-,-,-,-,-,-,-,-,-,-,-,-,-,-,-,-,-,-,-,-,-,-,-,-,-,-,-,-,-,-,-,-,-,-,-,-,-,-,-,-,-,-,-,-,-,-,-,-,-,-,-,-,-,-,-,-,-,-,-,-,-,-,-,-,-,-,-,-,-,-,-,-,-,-,-,-,-,-,-,-,-,-,-,-,-,-,-,-,-,-,-,-,-,-,-,-,-,-,-,-,-,-,-,-,-,-,-,-,-,-,-
ccl21,ccl21_human/1-134  /1-30   /1-30    /1-30 HUMAN28646 | CCL21_HUMAN | self | [Homo sapiens],cc,-,-,-,-,-,-,-,-,-,-,-,-,-,-,-,-,-,-,-,-,-,-,-,-,-,-,-,-,-,-,-,-,-,-,-,-,-,-,-,-,M,A,Q,S,L,A,L,S,L,L,I,L,V,L,A,F,G,I,P,R,T,Q,G,S,D,G,G,A,Q,D,C,-,-,-,C,L,K,-,-,Y,S,Q,R,-,K,I,-,-,P,A,K,-,-,-,V,V,R,S,Y,R,K,-,-,-,Q,-,E,P,S,L,G,-,C,S,I,-,P,-,-,-,-,-,-,-,-,-,A,I,L,F,L,P,-,R,-,K,-,-,-,-,R,S,Q,A,E,L,C,A,D,P,K,E,-,-,L,W,V,Q,Q,L,M,Q,H,L,D,K,T,P,S,P,Q,K,P,A,Q,G,C,R,K,D,R,G,A,S,K,T,G,K,K,G,K,G,S,K,G,C,K,R,T,E,R,S,Q,T,P,K,G,P,-,-,-,-,-,-,-,-,-,-,-,-,-,-,-,-,-,-,-,-,-,-,-,-,-,-,-,-,-,-,-,-,-,-,-,-,-,-,-,-,-,-,-,-,-,-,-,-,-,-,-,-,-,-,-,-,-,-,-,-,-,-,-,-,-,-,-,-,-,-,-,-,-,-,-,-,-,-,-,-,-,-,-,-,-,-,-,-,-,-,-,-,-,-,-,-,-,-,-,-,-,-,-,-,-,-,-,-,-,-,-,-,-,-,-,-,-,-,-,-,-,-,-,-,-,-,-,-,-,-,-,-,-,-,-,-,-,-,-,-,-,-,-,-,-,-,-,-,-,-,-,-,-,-,-,-,-,-,-,-,-,-,-,-,-,-,-,-,-,-,-,-,-,-,-,-,-,-,-,-,-,-,-,-,-,-,-,-,-,-,-,-,-,-,-,-,-,-,-,-,-,-,-,-,-,-,-,-,-,-,-,-,-,-,-,-,-,-,-,-,-,-,-,-,-,-,-,-,-,-,-,-,-,-,-,-,-,-,-,-,-,-,-,-,-,-,-,-,-,-,-,-,-,-,-,-,-,-,-,-,-,-,-,-
ccl22,ccl22_human/1-93  /1-35   /1-35    /1-35 HUMAN11103 | CCL22_HUMAN | self | [Homo sapiens],cc,-,-,-,-,-,-,-,-,-,-,-,-,-,-,-,-,-,-,-,-,-,-,-,-,-,-,-,-,-,-,-,-,-,-,-,M,D,R,L,Q,T,A,L,L,V,V,L,V,L,L,A,V,A,L,Q,A,T,E,A,G,P,Y,G,A,N,M,E,D,S,V,C,-,-,-,C,R,D,-,-,Y,V,R,Y,-,R,L,-,-,P,L,R,-,-,-,V,V,K,H,F,Y,-,-,-,-,W,-,T,S,-,D,S,-,C,P,R,-,P,-,-,-,-,-,-,-,-,-,G,V,V,L,L,T,-,F,-,R,-,-,-,-,-,-,D,K,E,I,C,A,D,P,R,V,-,-,P,W,V,K,M,I,L,N,K,L,S,Q,-,-,-,-,-,-,-,-,-,-,-,-,-,-,-,-,-,-,-,-,-,-,-,-,-,-,-,-,-,-,-,-,-,-,-,-,-,-,-,-,-,-,-,-,-,-,-,-,-,-,-,-,-,-,-,-,-,-,-,-,-,-,-,-,-,-,-,-,-,-,-,-,-,-,-,-,-,-,-,-,-,-,-,-,-,-,-,-,-,-,-,-,-,-,-,-,-,-,-,-,-,-,-,-,-,-,-,-,-,-,-,-,-,-,-,-,-,-,-,-,-,-,-,-,-,-,-,-,-,-,-,-,-,-,-,-,-,-,-,-,-,-,-,-,-,-,-,-,-,-,-,-,-,-,-,-,-,-,-,-,-,-,-,-,-,-,-,-,-,-,-,-,-,-,-,-,-,-,-,-,-,-,-,-,-,-,-,-,-,-,-,-,-,-,-,-,-,-,-,-,-,-,-,-,-,-,-,-,-,-,-,-,-,-,-,-,-,-,-,-,-,-,-,-,-,-,-,-,-,-,-,-,-,-,-,-,-,-,-,-,-,-,-,-,-,-,-,-,-,-,-,-,-,-,-,-,-,-,-,-,-,-,-,-,-,-,-,-,-,-,-,-,-,-,-,-,-,-,-,-,-,-,-,-,-,-,-,-,-,-,-,-,-,-,-,-,-,-,-,-,-,-,-,-,-,-
ccl23,ccl23_human/1-137  /1-70   /1-70    /1-70 HUMAN12439 | P55773 | self | [Homo sapiens],cc,M,K,V,S,V,A,A,L,S,C,L,M,L,V,T,A,L,G,S,Q,A,R,V,T,K,D,A,E,T,E,F,M,M,S,K,L,P,L,E,N,P,V,L,L,D,M,L,W,R,R,K,I,G,P,Q,M,T,L,S,H,A,A,G,F,H,A,T,S,A,D,C,-,-,-,C,I,S,-,-,Y,T,P,R,-,S,I,-,-,P,C,S,-,-,-,L,L,E,S,Y,F,E,-,-,-,T,-,N,-,-,S,E,-,C,S,K,-,P,-,-,-,-,-,-,-,-,-,G,V,I,F,L,T,-,K,-,K,-,-,-,-,-,-,G,R,R,F,C,A,N,P,S,D,-,-,K,Q,V,Q,V,C,M,R,M,L,K,L,D,T,R,I,K,T,R,K,N,-,-,-,-,-,-,-,-,-,-,-,-,-,-,-,-,-,-,-,-,-,-,-,-,-,-,-,-,-,-,-,-,-,-,-,-,-,-,-,-,-,-,-,-,-,-,-,-,-,-,-,-,-,-,-,-,-,-,-,-,-,-,-,-,-,-,-,-,-,-,-,-,-,-,-,-,-,-,-,-,-,-,-,-,-,-,-,-,-,-,-,-,-,-,-,-,-,-,-,-,-,-,-,-,-,-,-,-,-,-,-,-,-,-,-,-,-,-,-,-,-,-,-,-,-,-,-,-,-,-,-,-,-,-,-,-,-,-,-,-,-,-,-,-,-,-,-,-,-,-,-,-,-,-,-,-,-,-,-,-,-,-,-,-,-,-,-,-,-,-,-,-,-,-,-,-,-,-,-,-,-,-,-,-,-,-,-,-,-,-,-,-,-,-,-,-,-,-,-,-,-,-,-,-,-,-,-,-,-,-,-,-,-,-,-,-,-,-,-,-,-,-,-,-,-,-,-,-,-,-,-,-,-,-,-,-,-,-,-,-,-,-,-,-,-,-,-,-,-,-,-,-,-,-,-,-,-,-,-,-,-,-,-,-,-,-,-,-,-,-,-,-,-,-,-,-,-,-,-,-,-,-,-,-,-,-,-,-,-,-,-,-,-,-,-,-,-
ccl24,ccl24_human/1-119  /1-32   /1-32    /1-32 HUMAN26447 | CCL24_HUMAN | self | [Homo sapiens],cc,-,-,-,-,-,-,-,-,-,-,-,-,-,-,-,-,-,-,-,-,-,-,-,-,-,-,-,-,-,-,-,-,-,-,-,-,-,-,M,A,G,L,M,T,I,V,T,S,L,L,F,L,G,V,C,A,H,H,I,I,P,T,G,S,V,V,I,P,S,P,C,-,-,-,C,M,F,-,-,F,V,S,K,-,R,I,-,-,P,E,N,-,-,-,R,V,V,S,Y,Q,L,-,-,-,S,-,S,R,-,S,T,-,C,L,K,-,A,-,-,-,-,-,-,-,-,-,G,V,I,F,T,T,-,K,-,K,-,-,-,-,-,-,G,Q,Q,F,C,G,D,P,K,Q,-,-,E,W,V,Q,R,Y,M,K,N,L,D,A,K,Q,K,K,A,S,P,R,A,R,A,V,A,V,K,G,P,V,Q,R,Y,P,G,N,Q,T,T,C,-,-,-,-,-,-,-,-,-,-,-,-,-,-,-,-,-,-,-,-,-,-,-,-,-,-,-,-,-,-,-,-,-,-,-,-,-,-,-,-,-,-,-,-,-,-,-,-,-,-,-,-,-,-,-,-,-,-,-,-,-,-,-,-,-,-,-,-,-,-,-,-,-,-,-,-,-,-,-,-,-,-,-,-,-,-,-,-,-,-,-,-,-,-,-,-,-,-,-,-,-,-,-,-,-,-,-,-,-,-,-,-,-,-,-,-,-,-,-,-,-,-,-,-,-,-,-,-,-,-,-,-,-,-,-,-,-,-,-,-,-,-,-,-,-,-,-,-,-,-,-,-,-,-,-,-,-,-,-,-,-,-,-,-,-,-,-,-,-,-,-,-,-,-,-,-,-,-,-,-,-,-,-,-,-,-,-,-,-,-,-,-,-,-,-,-,-,-,-,-,-,-,-,-,-,-,-,-,-,-,-,-,-,-,-,-,-,-,-,-,-,-,-,-,-,-,-,-,-,-,-,-,-,-,-,-,-,-,-,-,-,-,-,-,-,-,-,-,-,-,-,-,-,-,-,-,-,-,-,-,-,-,-,-,-,-,-,-,-,-,-,-,-,-,-,-,-,-
ccl25,ccl25_human/1-150  /1-29   /1-29    /1-29 HUMAN14528 | CCL25_HUMAN | self | [Homo sapiens],cc,-,-,-,-,-,-,-,-,-,-,-,-,-,-,-,-,-,-,-,-,-,-,-,-,-,-,-,-,-,-,-,-,-,-,-,-,-,-,-,-,-,M,N,L,W,L,L,A,C,L,V,A,G,F,L,G,A,W,A,P,A,V,H,T,Q,G,V,F,E,D,C,-,-,-,C,L,A,-,-,Y,-,H,Y,-,P,I,-,-,G,W,A,-,-,-,V,L,R,R,A,W,T,Y,R,I,Q,E,V,S,-,G,S,-,C,N,L,-,P,-,-,-,-,-,-,-,-,-,A,A,I,F,Y,L,-,P,K,R,-,-,-,-,-,-,H,R,K,V,C,G,N,P,K,S,-,-,R,E,V,Q,R,A,M,K,L,L,D,A,R,N,K,V,F,A,K,L,H,H,N,T,Q,T,F,Q,A,G,P,H,A,V,K,K,L,S,S,G,N,S,K,L,S,S,S,K,F,S,N,P,I,S,S,S,K,R,N,V,S,L,L,I,S,A,N,S,G,L,-,-,-,-,-,-,-,-,-,-,-,-,-,-,-,-,-,-,-,-,-,-,-,-,-,-,-,-,-,-,-,-,-,-,-,-,-,-,-,-,-,-,-,-,-,-,-,-,-,-,-,-,-,-,-,-,-,-,-,-,-,-,-,-,-,-,-,-,-,-,-,-,-,-,-,-,-,-,-,-,-,-,-,-,-,-,-,-,-,-,-,-,-,-,-,-,-,-,-,-,-,-,-,-,-,-,-,-,-,-,-,-,-,-,-,-,-,-,-,-,-,-,-,-,-,-,-,-,-,-,-,-,-,-,-,-,-,-,-,-,-,-,-,-,-,-,-,-,-,-,-,-,-,-,-,-,-,-,-,-,-,-,-,-,-,-,-,-,-,-,-,-,-,-,-,-,-,-,-,-,-,-,-,-,-,-,-,-,-,-,-,-,-,-,-,-,-,-,-,-,-,-,-,-,-,-,-,-,-,-,-,-,-,-,-,-,-,-,-,-,-,-,-,-,-,-,-,-,-,-,-,-,-,-,-,-,-,-,-,-,-,-,-,-,-,-,-,-
ccl26,ccl26_human/1-94  /1-32   /1-32    /1-32 HUMAN26446 | CCL26_HUMAN | self | [Homo sapiens],cc,-,-,-,-,-,-,-,-,-,-,-,-,-,-,-,-,-,-,-,-,-,-,-,-,-,-,-,-,-,-,-,-,-,-,-,-,-,-,M,M,G,L,S,L,A,S,A,V,L,L,A,S,L,L,S,L,H,L,G,T,A,T,R,G,S,D,I,S,K,T,C,-,-,-,C,F,Q,-,-,Y,S,H,K,-,P,L,-,-,P,W,T,-,-,-,W,V,R,S,Y,E,F,-,-,-,T,-,S,-,-,N,S,-,C,S,Q,-,R,-,-,-,-,-,-,-,-,-,A,V,I,F,T,T,-,K,-,R,-,-,-,-,-,-,G,K,K,V,C,T,H,P,R,K,-,-,K,W,V,Q,K,Y,I,S,L,L,K,T,P,K,Q,L,-,-,-,-,-,-,-,-,-,-,-,-,-,-,-,-,-,-,-,-,-,-,-,-,-,-,-,-,-,-,-,-,-,-,-,-,-,-,-,-,-,-,-,-,-,-,-,-,-,-,-,-,-,-,-,-,-,-,-,-,-,-,-,-,-,-,-,-,-,-,-,-,-,-,-,-,-,-,-,-,-,-,-,-,-,-,-,-,-,-,-,-,-,-,-,-,-,-,-,-,-,-,-,-,-,-,-,-,-,-,-,-,-,-,-,-,-,-,-,-,-,-,-,-,-,-,-,-,-,-,-,-,-,-,-,-,-,-,-,-,-,-,-,-,-,-,-,-,-,-,-,-,-,-,-,-,-,-,-,-,-,-,-,-,-,-,-,-,-,-,-,-,-,-,-,-,-,-,-,-,-,-,-,-,-,-,-,-,-,-,-,-,-,-,-,-,-,-,-,-,-,-,-,-,-,-,-,-,-,-,-,-,-,-,-,-,-,-,-,-,-,-,-,-,-,-,-,-,-,-,-,-,-,-,-,-,-,-,-,-,-,-,-,-,-,-,-,-,-,-,-,-,-,-,-,-,-,-,-,-,-,-,-,-,-,-,-,-,-,-,-,-,-,-,-,-,-,-,-,-,-,-,-,-,-,-,-,-,-,-,-,-,-,-,-,-,-,-,-,-,-,-
ccl27,ccl27_human/1-112  /1-32   /1-32    /1-32 HUMAN28643 | CCL27_HUMAN | self | [Homo sapiens],cc,-,-,-,-,-,-,-,-,-,-,-,-,-,-,-,-,-,-,-,-,-,-,-,-,-,-,-,-,-,-,-,-,-,-,-,-,-,-,M,K,G,P,P,T,F,C,S,L,L,L,L,S,L,L,L,S,P,D,P,T,A,A,F,L,L,P,P,S,T,A,C,-,-,-,C,T,Q,-,-,L,Y,R,K,-,P,L,-,-,S,D,K,L,L,R,K,V,I,Q,V,E,L,-,-,-,Q,-,E,A,D,G,D,-,C,H,L,-,Q,-,-,-,-,-,-,-,-,-,A,F,V,L,H,L,-,A,-,-,-,-,-,-,-,-,Q,R,S,I,C,I,H,P,Q,N,-,-,P,S,L,S,Q,W,F,E,H,Q,E,R,K,L,H,G,T,L,P,K,L,N,F,G,M,L,R,K,M,G,-,-,-,-,-,-,-,-,-,-,-,-,-,-,-,-,-,-,-,-,-,-,-,-,-,-,-,-,-,-,-,-,-,-,-,-,-,-,-,-,-,-,-,-,-,-,-,-,-,-,-,-,-,-,-,-,-,-,-,-,-,-,-,-,-,-,-,-,-,-,-,-,-,-,-,-,-,-,-,-,-,-,-,-,-,-,-,-,-,-,-,-,-,-,-,-,-,-,-,-,-,-,-,-,-,-,-,-,-,-,-,-,-,-,-,-,-,-,-,-,-,-,-,-,-,-,-,-,-,-,-,-,-,-,-,-,-,-,-,-,-,-,-,-,-,-,-,-,-,-,-,-,-,-,-,-,-,-,-,-,-,-,-,-,-,-,-,-,-,-,-,-,-,-,-,-,-,-,-,-,-,-,-,-,-,-,-,-,-,-,-,-,-,-,-,-,-,-,-,-,-,-,-,-,-,-,-,-,-,-,-,-,-,-,-,-,-,-,-,-,-,-,-,-,-,-,-,-,-,-,-,-,-,-,-,-,-,-,-,-,-,-,-,-,-,-,-,-,-,-,-,-,-,-,-,-,-,-,-,-,-,-,-,-,-,-,-,-,-,-,-,-,-,-,-,-,-,-,-,-,-,-,-,-,-,-,-,-
ccl28,ccl28_human/1-127  /1-29   /1-29    /1-29 HUMAN23319 | CCL28_HUMAN | self | [Homo sapiens],cc,-,-,-,-,-,-,-,-,-,-,-,-,-,-,-,-,-,-,-,-,-,-,-,-,-,-,-,-,-,-,-,-,-,-,-,-,-,-,-,-,-,M,Q,Q,R,G,L,A,I,V,A,L,A,V,C,A,A,L,H,A,S,E,A,I,L,P,I,A,S,S,C,-,-,-,C,T,E,-,-,V,S,H,H,-,I,S,R,R,L,L,E,-,-,-,R,V,N,M,C,R,I,-,-,-,Q,-,R,A,D,G,D,-,C,D,L,-,A,-,-,-,-,-,-,-,-,-,A,V,I,L,H,V,-,K,-,-,-,-,-,-,-,-,R,R,R,I,C,V,S,P,H,N,-,-,H,T,V,K,Q,W,M,K,V,Q,A,A,K,K,N,G,K,G,N,V,C,H,R,K,K,H,H,G,K,R,N,S,N,R,A,H,Q,G,K,H,E,T,Y,G,H,K,T,P,Y,-,-,-,-,-,-,-,-,-,-,-,-,-,-,-,-,-,-,-,-,-,-,-,-,-,-,-,-,-,-,-,-,-,-,-,-,-,-,-,-,-,-,-,-,-,-,-,-,-,-,-,-,-,-,-,-,-,-,-,-,-,-,-,-,-,-,-,-,-,-,-,-,-,-,-,-,-,-,-,-,-,-,-,-,-,-,-,-,-,-,-,-,-,-,-,-,-,-,-,-,-,-,-,-,-,-,-,-,-,-,-,-,-,-,-,-,-,-,-,-,-,-,-,-,-,-,-,-,-,-,-,-,-,-,-,-,-,-,-,-,-,-,-,-,-,-,-,-,-,-,-,-,-,-,-,-,-,-,-,-,-,-,-,-,-,-,-,-,-,-,-,-,-,-,-,-,-,-,-,-,-,-,-,-,-,-,-,-,-,-,-,-,-,-,-,-,-,-,-,-,-,-,-,-,-,-,-,-,-,-,-,-,-,-,-,-,-,-,-,-,-,-,-,-,-,-,-,-,-,-,-,-,-,-,-,-,-,-,-,-,-,-,-,-,-,-,-,-,-,-,-,-,-,-,-,-,-,-,-,-,-,-,-,-,-,-,-,-,-
cxcl1,cxcl1_human/1-107  /1-42   /1-42    /1-42 HUMAN22516 | GROA_HUMAN | self | [Homo sapiens],cxc,-,-,-,-,-,-,-,-,-,-,-,-,-,-,-,-,-,-,-,-,-,-,-,-,-,-,-,-,M,A,R,A,A,L,S,A,A,P,S,N,P,R,L,L,R,V,A,L,L,L,L,L,L,V,A,A,G,R,R,A,A,G,A,S,V,A,T,E,L,R,C,-,-,Q,C,L,Q,-,-,T,L,-,Q,-,G,I,-,-,H,P,K,-,-,-,N,I,Q,S,V,N,V,-,-,-,K,-,S,P,G,P,H,-,C,A,Q,-,T,-,-,-,-,-,-,-,-,-,E,V,I,A,T,L,-,K,-,N,-,-,-,-,-,-,G,R,K,A,C,L,N,P,A,S,-,-,P,I,V,K,K,I,I,E,K,M,L,N,S,D,K,S,N,-,-,-,-,-,-,-,-,-,-,-,-,-,-,-,-,-,-,-,-,-,-,-,-,-,-,-,-,-,-,-,-,-,-,-,-,-,-,-,-,-,-,-,-,-,-,-,-,-,-,-,-,-,-,-,-,-,-,-,-,-,-,-,-,-,-,-,-,-,-,-,-,-,-,-,-,-,-,-,-,-,-,-,-,-,-,-,-,-,-,-,-,-,-,-,-,-,-,-,-,-,-,-,-,-,-,-,-,-,-,-,-,-,-,-,-,-,-,-,-,-,-,-,-,-,-,-,-,-,-,-,-,-,-,-,-,-,-,-,-,-,-,-,-,-,-,-,-,-,-,-,-,-,-,-,-,-,-,-,-,-,-,-,-,-,-,-,-,-,-,-,-,-,-,-,-,-,-,-,-,-,-,-,-,-,-,-,-,-,-,-,-,-,-,-,-,-,-,-,-,-,-,-,-,-,-,-,-,-,-,-,-,-,-,-,-,-,-,-,-,-,-,-,-,-,-,-,-,-,-,-,-,-,-,-,-,-,-,-,-,-,-,-,-,-,-,-,-,-,-,-,-,-,-,-,-,-,-,-,-,-,-,-,-,-,-,-,-,-,-,-,-,-,-,-,-,-,-,-,-,-,-,-,-,-,-,-,-,-,-,-,-,-,-,-,-,-,-,-,-,-
cxcl2,cxcl2_human/1-107  /1-42   /1-42    /1-42 HUMAN22521 | CXCL2_HUMAN | self | [Homo sapiens],cxc,-,-,-,-,-,-,-,-,-,-,-,-,-,-,-,-,-,-,-,-,-,-,-,-,-,-,-,-,M,A,R,A,T,L,S,A,A,P,S,N,P,R,L,L,R,V,A,L,L,L,L,L,L,V,A,A,S,R,R,A,A,G,A,P,L,A,T,E,L,R,C,-,-,Q,C,L,Q,-,-,T,L,-,Q,-,G,I,-,-,H,L,K,-,-,-,N,I,Q,S,V,K,V,-,-,-,K,-,S,P,G,P,H,-,C,A,Q,-,T,-,-,-,-,-,-,-,-,-,E,V,I,A,T,L,-,K,-,N,-,-,-,-,-,-,G,Q,K,A,C,L,N,P,A,S,-,-,P,M,V,K,K,I,I,E,K,M,L,K,N,G,K,S,N,-,-,-,-,-,-,-,-,-,-,-,-,-,-,-,-,-,-,-,-,-,-,-,-,-,-,-,-,-,-,-,-,-,-,-,-,-,-,-,-,-,-,-,-,-,-,-,-,-,-,-,-,-,-,-,-,-,-,-,-,-,-,-,-,-,-,-,-,-,-,-,-,-,-,-,-,-,-,-,-,-,-,-,-,-,-,-,-,-,-,-,-,-,-,-,-,-,-,-,-,-,-,-,-,-,-,-,-,-,-,-,-,-,-,-,-,-,-,-,-,-,-,-,-,-,-,-,-,-,-,-,-,-,-,-,-,-,-,-,-,-,-,-,-,-,-,-,-,-,-,-,-,-,-,-,-,-,-,-,-,-,-,-,-,-,-,-,-,-,-,-,-,-,-,-,-,-,-,-,-,-,-,-,-,-,-,-,-,-,-,-,-,-,-,-,-,-,-,-,-,-,-,-,-,-,-,-,-,-,-,-,-,-,-,-,-,-,-,-,-,-,-,-,-,-,-,-,-,-,-,-,-,-,-,-,-,-,-,-,-,-,-,-,-,-,-,-,-,-,-,-,-,-,-,-,-,-,-,-,-,-,-,-,-,-,-,-,-,-,-,-,-,-,-,-,-,-,-,-,-,-,-,-,-,-,-,-,-,-,-,-,-,-,-,-,-,-,-,-,-,-
cxcl3,cxcl3_human/1-107  /1-42   /1-42    /1-42 HUMAN22520 | CXCL3_HUMAN | self | [Homo sapiens],cxc,-,-,-,-,-,-,-,-,-,-,-,-,-,-,-,-,-,-,-,-,-,-,-,-,-,-,-,-,M,A,H,A,T,L,S,A,A,P,S,N,P,R,L,L,R,V,A,L,L,L,L,L,L,V,A,A,S,R,R,A,A,G,A,S,V,V,T,E,L,R,C,-,-,Q,C,L,Q,-,-,T,L,-,Q,-,G,I,-,-,H,L,K,-,-,-,N,I,Q,S,V,N,V,-,-,-,R,-,S,P,G,P,H,-,C,A,Q,-,T,-,-,-,-,-,-,-,-,-,E,V,I,A,T,L,-,K,-,N,-,-,-,-,-,-,G,K,K,A,C,L,N,P,A,S,-,-,P,M,V,Q,K,I,I,E,K,I,L,N,K,G,S,T,N,-,-,-,-,-,-,-,-,-,-,-,-,-,-,-,-,-,-,-,-,-,-,-,-,-,-,-,-,-,-,-,-,-,-,-,-,-,-,-,-,-,-,-,-,-,-,-,-,-,-,-,-,-,-,-,-,-,-,-,-,-,-,-,-,-,-,-,-,-,-,-,-,-,-,-,-,-,-,-,-,-,-,-,-,-,-,-,-,-,-,-,-,-,-,-,-,-,-,-,-,-,-,-,-,-,-,-,-,-,-,-,-,-,-,-,-,-,-,-,-,-,-,-,-,-,-,-,-,-,-,-,-,-,-,-,-,-,-,-,-,-,-,-,-,-,-,-,-,-,-,-,-,-,-,-,-,-,-,-,-,-,-,-,-,-,-,-,-,-,-,-,-,-,-,-,-,-,-,-,-,-,-,-,-,-,-,-,-,-,-,-,-,-,-,-,-,-,-,-,-,-,-,-,-,-,-,-,-,-,-,-,-,-,-,-,-,-,-,-,-,-,-,-,-,-,-,-,-,-,-,-,-,-,-,-,-,-,-,-,-,-,-,-,-,-,-,-,-,-,-,-,-,-,-,-,-,-,-,-,-,-,-,-,-,-,-,-,-,-,-,-,-,-,-,-,-,-,-,-,-,-,-,-,-,-,-,-,-,-,-,-,-,-,-,-,-,-,-,-,-,-
cxcl4,cxcl4_human/1-101  /1-40   /1-40    /1-40 HUMAN22517 | PLF4_HUMAN | self | [Homo sapiens],cxc,-,-,-,-,-,-,-,-,-,-,-,-,-,-,-,-,-,-,-,-,-,-,-,-,-,-,-,-,-,-,M,S,S,A,A,G,F,C,A,S,R,P,G,L,L,F,L,G,L,L,L,L,P,L,V,V,A,F,A,S,A,E,A,E,E,D,G,D,L,Q,C,-,-,L,C,V,K,-,-,T,T,-,S,-,Q,V,-,-,R,P,R,-,-,-,H,I,T,S,L,E,V,-,-,-,I,-,K,A,G,P,H,-,C,P,T,-,A,-,-,-,-,-,-,-,-,-,Q,L,I,A,T,L,-,K,-,N,-,-,-,-,-,-,G,R,K,I,C,L,D,L,Q,A,-,-,P,L,Y,K,K,I,I,K,K,L,L,E,S,-,-,-,-,-,-,-,-,-,-,-,-,-,-,-,-,-,-,-,-,-,-,-,-,-,-,-,-,-,-,-,-,-,-,-,-,-,-,-,-,-,-,-,-,-,-,-,-,-,-,-,-,-,-,-,-,-,-,-,-,-,-,-,-,-,-,-,-,-,-,-,-,-,-,-,-,-,-,-,-,-,-,-,-,-,-,-,-,-,-,-,-,-,-,-,-,-,-,-,-,-,-,-,-,-,-,-,-,-,-,-,-,-,-,-,-,-,-,-,-,-,-,-,-,-,-,-,-,-,-,-,-,-,-,-,-,-,-,-,-,-,-,-,-,-,-,-,-,-,-,-,-,-,-,-,-,-,-,-,-,-,-,-,-,-,-,-,-,-,-,-,-,-,-,-,-,-,-,-,-,-,-,-,-,-,-,-,-,-,-,-,-,-,-,-,-,-,-,-,-,-,-,-,-,-,-,-,-,-,-,-,-,-,-,-,-,-,-,-,-,-,-,-,-,-,-,-,-,-,-,-,-,-,-,-,-,-,-,-,-,-,-,-,-,-,-,-,-,-,-,-,-,-,-,-,-,-,-,-,-,-,-,-,-,-,-,-,-,-,-,-,-,-,-,-,-,-,-,-,-,-,-,-,-,-,-,-,-,-,-,-,-,-,-,-,-,-,-,-,-,-,-,-,-,-
cxcl4l1,cxcl4l1_human/1-104  /1-43   /1-43    /1-43 HUMAN22515 | PF4V_HUMAN | self | [Homo sapiens],cxc,-,-,-,-,-,-,-,-,-,-,-,-,-,-,-,-,-,-,-,-,-,-,-,-,-,-,-,M,S,S,A,A,R,S,R,L,T,R,A,T,R,Q,E,M,L,F,L,A,L,L,L,L,P,V,V,V,A,F,A,R,A,E,A,E,E,D,G,D,L,Q,C,-,-,L,C,V,K,-,-,T,T,-,S,-,Q,V,-,-,R,P,R,-,-,-,H,I,T,S,L,E,V,-,-,-,I,-,K,A,G,P,H,-,C,P,T,-,A,-,-,-,-,-,-,-,-,-,Q,L,I,A,T,L,-,K,-,N,-,-,-,-,-,-,G,R,K,I,C,L,D,L,Q,A,-,-,L,L,Y,K,K,I,I,K,E,H,L,E,S,-,-,-,-,-,-,-,-,-,-,-,-,-,-,-,-,-,-,-,-,-,-,-,-,-,-,-,-,-,-,-,-,-,-,-,-,-,-,-,-,-,-,-,-,-,-,-,-,-,-,-,-,-,-,-,-,-,-,-,-,-,-,-,-,-,-,-,-,-,-,-,-,-,-,-,-,-,-,-,-,-,-,-,-,-,-,-,-,-,-,-,-,-,-,-,-,-,-,-,-,-,-,-,-,-,-,-,-,-,-,-,-,-,-,-,-,-,-,-,-,-,-,-,-,-,-,-,-,-,-,-,-,-,-,-,-,-,-,-,-,-,-,-,-,-,-,-,-,-,-,-,-,-,-,-,-,-,-,-,-,-,-,-,-,-,-,-,-,-,-,-,-,-,-,-,-,-,-,-,-,-,-,-,-,-,-,-,-,-,-,-,-,-,-,-,-,-,-,-,-,-,-,-,-,-,-,-,-,-,-,-,-,-,-,-,-,-,-,-,-,-,-,-,-,-,-,-,-,-,-,-,-,-,-,-,-,-,-,-,-,-,-,-,-,-,-,-,-,-,-,-,-,-,-,-,-,-,-,-,-,-,-,-,-,-,-,-,-,-,-,-,-,-,-,-,-,-,-,-,-,-,-,-,-,-,-,-,-,-,-,-,-,-,-,-,-,-,-,-,-,-,-,-,-,-
cxcl5,cxcl5_human/1-113  /1-48   /1-48    /1-48 HUMAN22519 | CXCL5_HUMAN | self | [Homo sapiens],cxc,-,-,-,-,-,-,-,-,-,-,-,-,-,-,-,-,-,-,-,-,-,-,M,S,L,L,S,S,R,A,A,R,V,P,G,P,S,S,S,L,C,A,L,L,V,L,L,L,L,L,T,Q,P,G,P,I,A,S,A,G,P,A,A,A,V,L,R,E,L,R,C,-,-,V,C,L,Q,-,-,T,T,-,Q,-,G,V,-,-,H,P,K,-,-,-,M,I,S,N,L,Q,V,-,-,-,F,-,A,I,G,P,Q,-,C,S,K,-,V,-,-,-,-,-,-,-,-,-,E,V,V,A,S,L,-,K,-,N,-,-,-,-,-,-,G,K,E,I,C,L,D,P,E,A,-,-,P,F,L,K,K,V,I,Q,K,I,L,D,G,G,N,K,E,N,-,-,-,-,-,-,-,-,-,-,-,-,-,-,-,-,-,-,-,-,-,-,-,-,-,-,-,-,-,-,-,-,-,-,-,-,-,-,-,-,-,-,-,-,-,-,-,-,-,-,-,-,-,-,-,-,-,-,-,-,-,-,-,-,-,-,-,-,-,-,-,-,-,-,-,-,-,-,-,-,-,-,-,-,-,-,-,-,-,-,-,-,-,-,-,-,-,-,-,-,-,-,-,-,-,-,-,-,-,-,-,-,-,-,-,-,-,-,-,-,-,-,-,-,-,-,-,-,-,-,-,-,-,-,-,-,-,-,-,-,-,-,-,-,-,-,-,-,-,-,-,-,-,-,-,-,-,-,-,-,-,-,-,-,-,-,-,-,-,-,-,-,-,-,-,-,-,-,-,-,-,-,-,-,-,-,-,-,-,-,-,-,-,-,-,-,-,-,-,-,-,-,-,-,-,-,-,-,-,-,-,-,-,-,-,-,-,-,-,-,-,-,-,-,-,-,-,-,-,-,-,-,-,-,-,-,-,-,-,-,-,-,-,-,-,-,-,-,-,-,-,-,-,-,-,-,-,-,-,-,-,-,-,-,-,-,-,-,-,-,-,-,-,-,-,-,-,-,-,-,-,-,-,-,-,-,-,-,-,-,-,-,-,-,-,-,-,-,-,-
cxcl6,cxcl6_human/1-114  /1-48   /1-48    /1-48 HUMAN22514 | CXCL6_HUMAN | self | [Homo sapiens],cxc,-,-,-,-,-,-,-,-,-,-,-,-,-,-,-,-,-,-,-,-,-,-,M,S,L,P,S,S,R,A,A,R,V,P,G,P,S,G,S,L,C,A,L,L,A,L,L,L,L,L,T,P,P,G,P,L,A,S,A,G,P,V,S,A,V,L,T,E,L,R,C,-,-,T,C,L,R,-,-,V,T,-,L,-,R,V,-,-,N,P,K,-,-,-,T,I,G,K,L,Q,V,-,-,-,F,-,P,A,G,P,Q,-,C,S,K,-,V,-,-,-,-,-,-,-,-,-,E,V,V,A,S,L,-,K,-,N,-,-,-,-,-,-,G,K,Q,V,C,L,D,P,E,A,-,-,P,F,L,K,K,V,I,Q,K,I,L,D,S,G,N,K,K,N,-,-,-,-,-,-,-,-,-,-,-,-,-,-,-,-,-,-,-,-,-,-,-,-,-,-,-,-,-,-,-,-,-,-,-,-,-,-,-,-,-,-,-,-,-,-,-,-,-,-,-,-,-,-,-,-,-,-,-,-,-,-,-,-,-,-,-,-,-,-,-,-,-,-,-,-,-,-,-,-,-,-,-,-,-,-,-,-,-,-,-,-,-,-,-,-,-,-,-,-,-,-,-,-,-,-,-,-,-,-,-,-,-,-,-,-,-,-,-,-,-,-,-,-,-,-,-,-,-,-,-,-,-,-,-,-,-,-,-,-,-,-,-,-,-,-,-,-,-,-,-,-,-,-,-,-,-,-,-,-,-,-,-,-,-,-,-,-,-,-,-,-,-,-,-,-,-,-,-,-,-,-,-,-,-,-,-,-,-,-,-,-,-,-,-,-,-,-,-,-,-,-,-,-,-,-,-,-,-,-,-,-,-,-,-,-,-,-,-,-,-,-,-,-,-,-,-,-,-,-,-,-,-,-,-,-,-,-,-,-,-,-,-,-,-,-,-,-,-,-,-,-,-,-,-,-,-,-,-,-,-,-,-,-,-,-,-,-,-,-,-,-,-,-,-,-,-,-,-,-,-,-,-,-,-,-,-,-,-,-,-,-,-,-,-,-,-,-,-,-
cxcl7,cxcl7_human/1-128  /1-62   /1-62    /1-62 HUMAN22518 | CXCL7_HUMAN | self | [Homo sapiens],cxc,-,-,-,-,-,-,-,-,M,S,L,R,L,D,T,T,P,S,C,N,S,A,R,P,L,H,A,L,Q,V,L,L,L,L,S,L,L,L,T,A,L,A,S,S,T,K,G,Q,T,K,R,N,L,A,K,G,K,E,E,S,L,D,S,D,L,Y,A,E,L,R,C,-,-,M,C,I,K,-,-,T,T,-,S,-,G,I,-,-,H,P,K,-,-,-,N,I,Q,S,L,E,V,-,-,-,I,-,G,K,G,T,H,-,C,N,Q,-,V,-,-,-,-,-,-,-,-,-,E,V,I,A,T,L,-,K,-,D,-,-,-,-,-,-,G,R,K,I,C,L,D,P,D,A,-,-,P,R,I,K,K,I,V,Q,K,K,L,A,G,D,E,S,A,D,-,-,-,-,-,-,-,-,-,-,-,-,-,-,-,-,-,-,-,-,-,-,-,-,-,-,-,-,-,-,-,-,-,-,-,-,-,-,-,-,-,-,-,-,-,-,-,-,-,-,-,-,-,-,-,-,-,-,-,-,-,-,-,-,-,-,-,-,-,-,-,-,-,-,-,-,-,-,-,-,-,-,-,-,-,-,-,-,-,-,-,-,-,-,-,-,-,-,-,-,-,-,-,-,-,-,-,-,-,-,-,-,-,-,-,-,-,-,-,-,-,-,-,-,-,-,-,-,-,-,-,-,-,-,-,-,-,-,-,-,-,-,-,-,-,-,-,-,-,-,-,-,-,-,-,-,-,-,-,-,-,-,-,-,-,-,-,-,-,-,-,-,-,-,-,-,-,-,-,-,-,-,-,-,-,-,-,-,-,-,-,-,-,-,-,-,-,-,-,-,-,-,-,-,-,-,-,-,-,-,-,-,-,-,-,-,-,-,-,-,-,-,-,-,-,-,-,-,-,-,-,-,-,-,-,-,-,-,-,-,-,-,-,-,-,-,-,-,-,-,-,-,-,-,-,-,-,-,-,-,-,-,-,-,-,-,-,-,-,-,-,-,-,-,-,-,-,-,-,-,-,-,-,-,-,-,-,-,-,-,-,-,-,-,-,-,-,-,-,-
cxcl8,cxcl8_human/1-99  /1-33   /1-33    /1-33 HUMAN22513 | IL8_HUMAN | self | [Homo sapiens],cxc,-,-,-,-,-,-,-,-,-,-,-,-,-,-,-,-,-,-,-,-,-,-,-,-,-,-,-,-,-,-,-,-,-,-,-,-,-,M,T,S,K,L,A,V,A,L,L,A,A,F,L,I,S,A,A,L,C,E,G,A,V,L,P,R,S,A,K,E,L,R,C,-,-,Q,C,I,K,-,-,T,Y,S,K,-,P,F,-,-,H,P,K,-,-,-,F,I,K,E,L,R,V,-,-,-,I,-,E,S,G,P,H,-,C,A,N,-,T,-,-,-,-,-,-,-,-,-,E,I,I,V,K,L,-,S,-,D,-,-,-,-,-,-,G,R,E,L,C,L,D,P,K,E,-,-,N,W,V,Q,R,V,V,E,K,F,L,K,R,A,E,N,S,-,-,-,-,-,-,-,-,-,-,-,-,-,-,-,-,-,-,-,-,-,-,-,-,-,-,-,-,-,-,-,-,-,-,-,-,-,-,-,-,-,-,-,-,-,-,-,-,-,-,-,-,-,-,-,-,-,-,-,-,-,-,-,-,-,-,-,-,-,-,-,-,-,-,-,-,-,-,-,-,-,-,-,-,-,-,-,-,-,-,-,-,-,-,-,-,-,-,-,-,-,-,-,-,-,-,-,-,-,-,-,-,-,-,-,-,-,-,-,-,-,-,-,-,-,-,-,-,-,-,-,-,-,-,-,-,-,-,-,-,-,-,-,-,-,-,-,-,-,-,-,-,-,-,-,-,-,-,-,-,-,-,-,-,-,-,-,-,-,-,-,-,-,-,-,-,-,-,-,-,-,-,-,-,-,-,-,-,-,-,-,-,-,-,-,-,-,-,-,-,-,-,-,-,-,-,-,-,-,-,-,-,-,-,-,-,-,-,-,-,-,-,-,-,-,-,-,-,-,-,-,-,-,-,-,-,-,-,-,-,-,-,-,-,-,-,-,-,-,-,-,-,-,-,-,-,-,-,-,-,-,-,-,-,-,-,-,-,-,-,-,-,-,-,-,-,-,-,-,-,-,-,-,-,-,-,-,-,-,-,-,-,-,-,-,-,-,-,-,-,-
cxcl9,cxcl9_human/1-125  /1-30   /1-30    /1-30 HUMAN22550 | CXCL9_HUMAN | self | [Homo sapiens],cxc,-,-,-,-,-,-,-,-,-,-,-,-,-,-,-,-,-,-,-,-,-,-,-,-,-,-,-,-,-,-,-,-,-,-,-,-,-,-,-,-,M,K,K,S,G,V,L,F,L,L,G,I,I,L,L,V,L,I,G,V,Q,G,T,P,V,V,R,K,G,R,C,-,-,S,C,I,S,-,-,T,N,Q,G,-,T,I,-,-,H,L,Q,-,-,-,S,L,K,D,L,K,Q,-,-,-,F,-,A,P,S,P,S,-,C,E,K,-,I,-,-,-,-,-,-,-,-,-,E,I,I,A,T,L,-,K,-,N,-,-,-,-,-,-,G,V,Q,T,C,L,N,P,D,S,-,-,A,D,V,K,E,L,I,K,K,W,E,K,Q,V,S,Q,K,K,K,Q,K,N,G,K,K,H,Q,K,K,K,V,L,K,V,R,K,S,Q,R,S,R,Q,K,K,T,T,-,-,-,-,-,-,-,-,-,-,-,-,-,-,-,-,-,-,-,-,-,-,-,-,-,-,-,-,-,-,-,-,-,-,-,-,-,-,-,-,-,-,-,-,-,-,-,-,-,-,-,-,-,-,-,-,-,-,-,-,-,-,-,-,-,-,-,-,-,-,-,-,-,-,-,-,-,-,-,-,-,-,-,-,-,-,-,-,-,-,-,-,-,-,-,-,-,-,-,-,-,-,-,-,-,-,-,-,-,-,-,-,-,-,-,-,-,-,-,-,-,-,-,-,-,-,-,-,-,-,-,-,-,-,-,-,-,-,-,-,-,-,-,-,-,-,-,-,-,-,-,-,-,-,-,-,-,-,-,-,-,-,-,-,-,-,-,-,-,-,-,-,-,-,-,-,-,-,-,-,-,-,-,-,-,-,-,-,-,-,-,-,-,-,-,-,-,-,-,-,-,-,-,-,-,-,-,-,-,-,-,-,-,-,-,-,-,-,-,-,-,-,-,-,-,-,-,-,-,-,-,-,-,-,-,-,-,-,-,-,-,-,-,-,-,-,-,-,-,-,-,-,-,-,-,-,-,-,-,-,-,-,-,-,-,-,-,-,-,-,-,-
cxcl10,cxcl10_human/1-98  /1-29   /1-29    /1-29 HUMAN22552 | CXL10_HUMAN | self | [Homo sapiens],cxc,-,-,-,-,-,-,-,-,-,-,-,-,-,-,-,-,-,-,-,-,-,-,-,-,-,-,-,-,-,-,-,-,-,-,-,-,-,-,-,-,-,M,N,Q,T,A,I,L,I,C,C,L,I,F,L,T,L,S,G,I,Q,G,V,P,L,S,R,T,V,R,C,-,-,T,C,I,S,-,-,I,S,N,Q,-,P,V,-,-,N,P,R,-,-,-,S,L,E,K,L,E,I,-,-,-,I,-,P,A,S,Q,F,-,C,P,R,-,V,-,-,-,-,-,-,-,-,-,E,I,I,A,T,M,-,K,K,K,-,-,-,-,-,-,G,E,K,R,C,L,N,P,E,S,-,-,K,A,I,K,N,L,L,K,A,V,S,K,E,R,S,K,R,S,P,-,-,-,-,-,-,-,-,-,-,-,-,-,-,-,-,-,-,-,-,-,-,-,-,-,-,-,-,-,-,-,-,-,-,-,-,-,-,-,-,-,-,-,-,-,-,-,-,-,-,-,-,-,-,-,-,-,-,-,-,-,-,-,-,-,-,-,-,-,-,-,-,-,-,-,-,-,-,-,-,-,-,-,-,-,-,-,-,-,-,-,-,-,-,-,-,-,-,-,-,-,-,-,-,-,-,-,-,-,-,-,-,-,-,-,-,-,-,-,-,-,-,-,-,-,-,-,-,-,-,-,-,-,-,-,-,-,-,-,-,-,-,-,-,-,-,-,-,-,-,-,-,-,-,-,-,-,-,-,-,-,-,-,-,-,-,-,-,-,-,-,-,-,-,-,-,-,-,-,-,-,-,-,-,-,-,-,-,-,-,-,-,-,-,-,-,-,-,-,-,-,-,-,-,-,-,-,-,-,-,-,-,-,-,-,-,-,-,-,-,-,-,-,-,-,-,-,-,-,-,-,-,-,-,-,-,-,-,-,-,-,-,-,-,-,-,-,-,-,-,-,-,-,-,-,-,-,-,-,-,-,-,-,-,-,-,-,-,-,-,-,-,-,-,-,-,-,-,-,-,-,-,-,-,-,-,-,-,-,-,-,-,-,-,-,-,-,-,-
cxcl11,cxcl11_human/1-94  /1-29   /1-29    /1-29 HUMAN22553 | CXL11_HUMAN | self | [Homo sapiens],cxc,-,-,-,-,-,-,-,-,-,-,-,-,-,-,-,-,-,-,-,-,-,-,-,-,-,-,-,-,-,-,-,-,-,-,-,-,-,-,-,-,-,M,S,V,K,G,M,A,I,A,L,A,V,I,L,C,A,T,V,V,Q,G,F,P,M,F,K,R,G,R,C,-,-,L,C,I,G,-,-,P,G,V,K,-,A,V,-,-,K,V,A,-,-,-,D,I,E,K,A,S,I,-,-,-,M,-,Y,P,S,N,N,-,C,D,K,-,I,-,-,-,-,-,-,-,-,-,E,V,I,I,T,L,-,K,E,N,-,-,-,-,-,-,K,G,Q,R,C,L,N,P,K,S,-,-,K,Q,A,R,L,I,I,K,K,V,E,R,K,N,F,-,-,-,-,-,-,-,-,-,-,-,-,-,-,-,-,-,-,-,-,-,-,-,-,-,-,-,-,-,-,-,-,-,-,-,-,-,-,-,-,-,-,-,-,-,-,-,-,-,-,-,-,-,-,-,-,-,-,-,-,-,-,-,-,-,-,-,-,-,-,-,-,-,-,-,-,-,-,-,-,-,-,-,-,-,-,-,-,-,-,-,-,-,-,-,-,-,-,-,-,-,-,-,-,-,-,-,-,-,-,-,-,-,-,-,-,-,-,-,-,-,-,-,-,-,-,-,-,-,-,-,-,-,-,-,-,-,-,-,-,-,-,-,-,-,-,-,-,-,-,-,-,-,-,-,-,-,-,-,-,-,-,-,-,-,-,-,-,-,-,-,-,-,-,-,-,-,-,-,-,-,-,-,-,-,-,-,-,-,-,-,-,-,-,-,-,-,-,-,-,-,-,-,-,-,-,-,-,-,-,-,-,-,-,-,-,-,-,-,-,-,-,-,-,-,-,-,-,-,-,-,-,-,-,-,-,-,-,-,-,-,-,-,-,-,-,-,-,-,-,-,-,-,-,-,-,-,-,-,-,-,-,-,-,-,-,-,-,-,-,-,-,-,-,-,-,-,-,-,-,-,-,-,-,-,-,-,-,-,-,-,-,-,-,-,-,-,-,-,-,-,-,-
cxcl12,cxcl12_human/1-119  /1-29   /1-29    /1-29 HUMAN03055 | SDF1_HUMAN | self | [Homo sapiens],cxc,-,-,-,-,-,-,-,-,-,-,-,-,-,-,-,-,-,-,-,-,-,-,-,-,-,-,-,-,-,-,-,-,-,-,-,-,-,-,-,-,-,M,N,A,K,V,V,V,V,L,V,L,V,L,T,A,L,C,L,S,D,G,K,P,V,S,L,S,Y,R,C,-,-,P,C,R,F,-,-,F,E,-,S,-,H,V,-,-,A,R,A,-,-,-,N,V,K,H,L,K,I,-,-,-,L,-,-,N,T,P,N,-,C,-,A,-,L,-,-,-,-,-,-,-,-,-,Q,I,V,A,R,L,-,K,N,N,-,-,-,-,-,-,N,R,Q,V,C,I,D,P,K,L,-,-,K,W,I,Q,E,Y,L,E,K,A,L,N,K,G,R,R,E,E,K,V,G,K,K,E,K,I,G,K,K,K,R,Q,K,K,R,K,A,A,Q,K,R,K,N,-,-,-,-,-,-,-,-,-,-,-,-,-,-,-,-,-,-,-,-,-,-,-,-,-,-,-,-,-,-,-,-,-,-,-,-,-,-,-,-,-,-,-,-,-,-,-,-,-,-,-,-,-,-,-,-,-,-,-,-,-,-,-,-,-,-,-,-,-,-,-,-,-,-,-,-,-,-,-,-,-,-,-,-,-,-,-,-,-,-,-,-,-,-,-,-,-,-,-,-,-,-,-,-,-,-,-,-,-,-,-,-,-,-,-,-,-,-,-,-,-,-,-,-,-,-,-,-,-,-,-,-,-,-,-,-,-,-,-,-,-,-,-,-,-,-,-,-,-,-,-,-,-,-,-,-,-,-,-,-,-,-,-,-,-,-,-,-,-,-,-,-,-,-,-,-,-,-,-,-,-,-,-,-,-,-,-,-,-,-,-,-,-,-,-,-,-,-,-,-,-,-,-,-,-,-,-,-,-,-,-,-,-,-,-,-,-,-,-,-,-,-,-,-,-,-,-,-,-,-,-,-,-,-,-,-,-,-,-,-,-,-,-,-,-,-,-,-,-,-,-,-,-,-,-,-,-,-,-,-,-,-,-,-,-,-,-,-,-,-,-,-,-,-,-
cxcl13,cxcl13_human/1-108  /1-32   /1-32    /1-32 HUMAN22574 | CXL13_HUMAN | self | [Homo sapiens],cxc,-,-,-,-,-,-,-,-,-,-,-,-,-,-,-,-,-,-,-,-,-,-,-,-,-,-,-,-,-,-,-,-,-,-,-,-,-,-,M,K,F,I,S,T,S,L,L,L,M,L,L,V,S,S,L,S,P,V,Q,G,V,L,E,V,Y,Y,T,S,L,R,C,-,-,R,C,V,Q,-,-,E,S,S,V,-,F,I,-,-,P,R,R,-,-,-,F,I,D,R,I,Q,I,-,-,-,L,-,P,R,G,N,G,-,C,P,R,-,K,-,-,-,-,-,-,-,-,-,E,I,I,V,W,K,-,K,-,N,-,-,-,-,-,-,K,S,I,V,C,V,D,P,Q,A,-,-,E,W,I,Q,R,M,M,E,V,-,R,K,R,S,S,S,T,L,P,V,P,V,F,K,R,K,I,P,-,-,-,-,-,-,-,-,-,-,-,-,-,-,-,-,-,-,-,-,-,-,-,-,-,-,-,-,-,-,-,-,-,-,-,-,-,-,-,-,-,-,-,-,-,-,-,-,-,-,-,-,-,-,-,-,-,-,-,-,-,-,-,-,-,-,-,-,-,-,-,-,-,-,-,-,-,-,-,-,-,-,-,-,-,-,-,-,-,-,-,-,-,-,-,-,-,-,-,-,-,-,-,-,-,-,-,-,-,-,-,-,-,-,-,-,-,-,-,-,-,-,-,-,-,-,-,-,-,-,-,-,-,-,-,-,-,-,-,-,-,-,-,-,-,-,-,-,-,-,-,-,-,-,-,-,-,-,-,-,-,-,-,-,-,-,-,-,-,-,-,-,-,-,-,-,-,-,-,-,-,-,-,-,-,-,-,-,-,-,-,-,-,-,-,-,-,-,-,-,-,-,-,-,-,-,-,-,-,-,-,-,-,-,-,-,-,-,-,-,-,-,-,-,-,-,-,-,-,-,-,-,-,-,-,-,-,-,-,-,-,-,-,-,-,-,-,-,-,-,-,-,-,-,-,-,-,-,-,-,-,-,-,-,-,-,-,-,-,-,-,-,-,-,-,-,-,-,-,-,-,-,-,-,-,-,-,-,-,-
cxcl14,cxcl14_human/1-111  /1-36   /1-36    /1-36 HUMAN23828 | CXL14_HUMAN | self | [Homo sapiens],cxc,-,-,-,-,-,-,-,-,-,-,-,-,-,-,-,-,-,-,-,-,-,-,-,-,-,-,-,-,-,-,-,-,-,-,M,S,L,L,P,R,R,A,P,P,V,S,M,R,L,L,A,A,A,L,L,L,L,L,L,A,L,Y,T,A,R,V,D,G,S,K,C,-,-,K,C,S,R,-,-,K,G,-,P,-,K,I,-,-,R,Y,S,-,-,-,D,V,K,K,L,E,M,-,-,-,K,-,P,K,Y,P,H,-,C,E,E,-,K,M,-,-,-,-,-,-,-,-,V,I,I,T,T,K,-,S,V,S,R,Y,R,-,-,-,G,Q,E,H,C,L,H,P,K,L,-,-,Q,S,T,K,R,F,I,K,W,Y,N,A,W,N,E,K,R,R,V,Y,E,E,-,-,-,-,-,-,-,-,-,-,-,-,-,-,-,-,-,-,-,-,-,-,-,-,-,-,-,-,-,-,-,-,-,-,-,-,-,-,-,-,-,-,-,-,-,-,-,-,-,-,-,-,-,-,-,-,-,-,-,-,-,-,-,-,-,-,-,-,-,-,-,-,-,-,-,-,-,-,-,-,-,-,-,-,-,-,-,-,-,-,-,-,-,-,-,-,-,-,-,-,-,-,-,-,-,-,-,-,-,-,-,-,-,-,-,-,-,-,-,-,-,-,-,-,-,-,-,-,-,-,-,-,-,-,-,-,-,-,-,-,-,-,-,-,-,-,-,-,-,-,-,-,-,-,-,-,-,-,-,-,-,-,-,-,-,-,-,-,-,-,-,-,-,-,-,-,-,-,-,-,-,-,-,-,-,-,-,-,-,-,-,-,-,-,-,-,-,-,-,-,-,-,-,-,-,-,-,-,-,-,-,-,-,-,-,-,-,-,-,-,-,-,-,-,-,-,-,-,-,-,-,-,-,-,-,-,-,-,-,-,-,-,-,-,-,-,-,-,-,-,-,-,-,-,-,-,-,-,-,-,-,-,-,-,-,-,-,-,-,-,-,-,-,-,-,-,-,-,-,-,-,-,-,-,-,-,-,-,-,-,-,-,-,-,-,-
cxcl16,cxcl16_human/1-273  /1-56   /1-56    /1-56 HUMAN11796 | Q9H2A7 | self | [Homo sapiens],cxc,-,-,-,-,-,-,-,-,-,-,-,-,-,-,M,S,G,S,Q,S,E,V,A,P,S,P,Q,S,P,R,S,P,E,M,G,R,D,L,R,P,G,S,R,V,L,L,L,L,L,L,L,L,L,V,Y,L,T,Q,P,G,N,G,N,E,G,S,V,T,G,S,C,-,-,Y,C,G,K,-,-,R,I,S,S,-,D,S,-,-,P,P,S,-,-,-,V,Q,F,M,N,R,L,-,R,K,H,L,R,A,Y,H,R,-,C,L,Y,-,Y,T,-,-,-,-,-,-,-,R,F,Q,L,L,S,W,-,-,-,-,-,-,-,-,-,-,-,-,S,V,C,G,G,N,K,D,-,-,P,W,V,Q,E,L,M,S,C,L,D,L,K,E,C,G,H,A,Y,S,G,I,V,A,H,Q,K,H,L,L,P,T,S,P,P,I,S,Q,A,S,E,G,A,S,S,D,I,H,T,P,A,Q,M,L,L,S,T,L,Q,S,T,Q,R,P,T,L,P,V,G,S,L,S,S,D,K,E,L,T,R,P,N,E,T,T,I,H,T,A,G,H,S,L,A,A,G,P,E,A,G,E,N,Q,K,Q,P,E,K,N,A,G,P,T,A,R,T,S,A,T,V,P,V,L,C,L,L,A,I,I,F,I,L,T,A,A,L,S,Y,V,L,C,K,R,R,R,G,Q,S,P,Q,S,S,P,D,L,P,V,H,Y,I,P,V,A,P,D,S,N,T,-,-,-,-,-,-,-,-,-,-,-,-,-,-,-,-,-,-,-,-,-,-,-,-,-,-,-,-,-,-,-,-,-,-,-,-,-,-,-,-,-,-,-,-,-,-,-,-,-,-,-,-,-,-,-,-,-,-,-,-,-,-,-,-,-,-,-,-,-,-,-,-,-,-,-,-,-,-,-,-,-,-,-,-,-,-,-,-,-,-,-,-,-,-,-,-,-,-,-,-,-,-,-,-,-,-,-,-,-,-,-,-,-,-,-,-,-,-,-,-,-,-,-,-,-,-,-,-,-,-,-,-,-,-,-,-,-,-,-,-,-,-,-,-,-,-,-,-,-,-,-
cxcl17,cxcl17_human/1-119  /1-49   /1-49    /1-49 HUMAN15664 | CXL17_HUMAN | self | [Homo sapiens],cxc,-,-,-,-,-,-,-,-,-,-,-,-,-,-,-,-,-,-,-,-,M,K,V,L,I,S,S,L,L,-,L,L,L,P,L,M,L,M,S,M,V,S,S,S,L,N,P,G,V,A,R,G,H,R,D,R,G,Q,A,S,R,R,W,L,Q,E,G,G,Q,E,C,-,-,E,C,K,D,-,-,W,F,L,-,-,R,A,-,-,P,R,R,-,-,-,-,K,F,M,T,V,S,-,G,L,P,-,K,K,Q,C,P,-,C,D,H,-,F,K,G,N,V,K,K,T,R,H,Q,R,H,H,R,K,-,P,N,K,-,-,-,-,-,-,H,S,R,A,C,Q,Q,F,L,K,-,-,Q,C,Q,L,R,S,F,A,L,P,L,-,-,-,-,-,-,-,-,-,-,-,-,-,-,-,-,-,-,-,-,-,-,-,-,-,-,-,-,-,-,-,-,-,-,-,-,-,-,-,-,-,-,-,-,-,-,-,-,-,-,-,-,-,-,-,-,-,-,-,-,-,-,-,-,-,-,-,-,-,-,-,-,-,-,-,-,-,-,-,-,-,-,-,-,-,-,-,-,-,-,-,-,-,-,-,-,-,-,-,-,-,-,-,-,-,-,-,-,-,-,-,-,-,-,-,-,-,-,-,-,-,-,-,-,-,-,-,-,-,-,-,-,-,-,-,-,-,-,-,-,-,-,-,-,-,-,-,-,-,-,-,-,-,-,-,-,-,-,-,-,-,-,-,-,-,-,-,-,-,-,-,-,-,-,-,-,-,-,-,-,-,-,-,-,-,-,-,-,-,-,-,-,-,-,-,-,-,-,-,-,-,-,-,-,-,-,-,-,-,-,-,-,-,-,-,-,-,-,-,-,-,-,-,-,-,-,-,-,-,-,-,-,-,-,-,-,-,-,-,-,-,-,-,-,-,-,-,-,-,-,-,-,-,-,-,-,-,-,-,-,-,-,-,-,-,-,-,-,-,-,-,-,-,-,-,-,-,-,-,-,-,-,-,-,-,-,-,-,-,-,-,-,-,-,-,-,-,-,-,-,-,-,-,-,-,-,-
cx3cl1,cx3cl1_human/1-403  /1-37   /1-37    /1-37 HUMAN11104 | H3BSR6 | self | [Homo sapiens],non,-,-,-,-,-,-,-,-,-,-,-,-,-,-,-,-,-,-,-,-,-,-,-,-,-,-,-,-,-,-,-,-,-,M,A,P,I,S,L,S,W,L,L,R,L,A,T,F,C,H,L,T,V,L,L,A,G,T,S,L,N,S,G,Q,H,H,G,V,T,K,C,N,I,T,C,S,K,-,-,M,T,-,S,-,K,I,-,-,P,V,A,-,-,-,L,L,I,H,Y,Q,Q,-,-,-,N,-,Q,-,-,A,S,-,C,G,K,-,R,A,-,-,-,-,-,-,-,-,I,I,L,E,T,R,-,-,-,Q,-,-,-,-,-,-,H,R,L,F,C,A,D,P,K,E,-,-,Q,W,V,K,D,A,M,Q,H,L,D,R,Q,A,A,A,L,T,R,N,G,G,T,F,E,K,Q,I,G,E,V,K,P,R,T,T,P,A,A,G,G,M,D,E,S,V,V,L,E,P,E,A,T,G,E,S,S,S,L,E,P,T,P,S,S,Q,E,A,Q,R,A,L,G,T,S,P,E,L,P,T,G,V,T,G,S,S,G,T,R,L,P,P,T,P,K,A,Q,D,G,G,P,V,G,T,E,L,F,R,V,P,P,V,S,T,A,A,T,W,Q,S,S,A,P,H,Q,P,G,P,S,L,W,A,E,A,K,T,S,E,A,P,S,T,Q,D,P,S,T,Q,A,S,T,A,S,S,P,A,P,E,E,N,A,P,S,E,G,Q,R,V,W,G,Q,G,Q,S,P,R,P,E,N,S,L,E,R,E,E,M,G,P,V,P,A,H,T,D,A,F,Q,D,W,G,P,G,S,M,A,H,V,S,V,V,P,V,S,S,E,G,T,P,S,R,E,P,V,A,S,G,S,W,T,P,K,A,E,E,P,I,H,A,T,M,D,P,Q,R,L,G,V,L,I,T,P,V,P,D,A,Q,A,A,T,R,R,Q,A,V,G,L,L,A,F,L,G,L,L,F,C,L,G,V,A,M,F,T,Y,Q,S,L,Q,G,C,P,R,K,M,A,G,E,M,A,E,G,L,R,Y,I,P,R,S,C,G,S,N,S,Y,V,L,V,P,V
xcl1,xcl1_human/1-114,non,-,-,-,-,-,-,-,-,-,-,-,-,-,-,-,-,-,-,-,-,-,-,-,-,-,-,-,-,-,-,-,-,-,-,-,-,-,-,-,-,M,R,L,L,I,L,A,L,L,G,I,C,S,L,T,A,Y,I,V,E,G,V,G,S,E,V,S,D,K,R,-,-,-,T,C,V,S,-,-,L,T,T,Q,-,R,L,-,-,P,V,S,-,-,-,R,I,K,T,Y,T,I,-,-,-,T,-,E,G,-,-,-,-,-,S,L,-,R,-,-,-,-,-,-,-,-,-,A,V,I,F,I,T,-,K,-,R,-,-,-,-,-,-,G,L,K,V,C,A,D,P,Q,A,-,-,T,W,V,R,D,V,V,R,S,M,D,R,K,S,N,T,R,N,N,M,I,Q,T,K,P,T,G,T,Q,Q,S,T,N,T,A,V,T,L,T,G,-,-,-,-,-,-,-,-,-,-,-,-,-,-,-,-,-,-,-,-,-,-,-,-,-,-,-,-,-,-,-,-,-,-,-,-,-,-,-,-,-,-,-,-,-,-,-,-,-,-,-,-,-,-,-,-,-,-,-,-,-,-,-,-,-,-,-,-,-,-,-,-,-,-,-,-,-,-,-,-,-,-,-,-,-,-,-,-,-,-,-,-,-,-,-,-,-,-,-,-,-,-,-,-,-,-,-,-,-,-,-,-,-,-,-,-,-,-,-,-,-,-,-,-,-,-,-,-,-,-,-,-,-,-,-,-,-,-,-,-,-,-,-,-,-,-,-,-,-,-,-,-,-,-,-,-,-,-,-,-,-,-,-,-,-,-,-,-,-,-,-,-,-,-,-,-,-,-,-,-,-,-,-,-,-,-,-,-,-,-,-,-,-,-,-,-,-,-,-,-,-,-,-,-,-,-,-,-,-,-,-,-,-,-,-,-,-,-,-,-,-,-,-,-,-,-,-,-,-,-,-,-,-,-,-,-,-,-,-,-,-,-,-,-,-,-,-,-,-,-,-,-,-,-,-,-,-,-,-,-,-,-,-,-,-,-,-,-,-,-,-,-,-,-,-,-,-,-
xcl2,xcl2_human/1-114,non,-,-,-,-,-,-,-,-,-,-,-,-,-,-,-,-,-,-,-,-,-,-,-,-,-,-,-,-,-,-,-,-,-,-,-,-,-,-,-,-,M,R,L,L,I,L,A,L,L,G,I,C,S,L,T,A,Y,I,V,E,G,V,G,S,E,V,S,H,R,R,-,-,-,T,C,V,S,-,-,L,T,T,Q,-,R,L,-,-,P,V,S,-,-,-,R,I,K,T,Y,T,I,-,-,-,T,-,E,G,-,-,-,-,-,S,L,-,R,-,-,-,-,-,-,-,-,-,A,V,I,F,I,T,-,K,-,R,-,-,-,-,-,-,G,L,K,V,C,A,D,P,Q,A,-,-,T,W,V,R,D,V,V,R,S,M,D,R,K,S,N,T,R,N,N,M,I,Q,T,K,P,T,G,T,Q,Q,S,T,N,T,A,V,T,L,T,G,-,-,-,-,-,-,-,-,-,-,-,-,-,-,-,-,-,-,-,-,-,-,-,-,-,-,-,-,-,-,-,-,-,-,-,-,-,-,-,-,-,-,-,-,-,-,-,-,-,-,-,-,-,-,-,-,-,-,-,-,-,-,-,-,-,-,-,-,-,-,-,-,-,-,-,-,-,-,-,-,-,-,-,-,-,-,-,-,-,-,-,-,-,-,-,-,-,-,-,-,-,-,-,-,-,-,-,-,-,-,-,-,-,-,-,-,-,-,-,-,-,-,-,-,-,-,-,-,-,-,-,-,-,-,-,-,-,-,-,-,-,-,-,-,-,-,-,-,-,-,-,-,-,-,-,-,-,-,-,-,-,-,-,-,-,-,-,-,-,-,-,-,-,-,-,-,-,-,-,-,-,-,-,-,-,-,-,-,-,-,-,-,-,-,-,-,-,-,-,-,-,-,-,-,-,-,-,-,-,-,-,-,-,-,-,-,-,-,-,-,-,-,-,-,-,-,-,-,-,-,-,-,-,-,-,-,-,-,-,-,-,-,-,-,-,-,-,-,-,-,-,-,-,-,-,-,-,-,-,-,-,-,-,-,-,-,-,-,-,-,-,-,-,-,-,-,-,-
